{
  "type": "File",
  "start": 0,
  "end": 430,
  "loc": {
    "start": {
      "line": 1,
      "column": 0
    },
    "end": {
      "line": 13,
      "column": 0
    }
  },
  "program": {
    "type": "Program",
    "start": 0,
    "end": 430,
    "loc": {
      "start": {
        "line": 1,
        "column": 0
      },
      "end": {
        "line": 13,
        "column": 0
      }
    },
    "sourceType": "module",
    "body": [
      {
        "type": "ImportDeclaration",
        "start": 14,
        "end": 59,
        "loc": {
          "start": {
            "line": 2,
            "column": 0
          },
          "end": {
            "line": 2,
            "column": 45
          }
        },
        "specifiers": [
          {
            "type": "ImportDefaultSpecifier",
            "start": 21,
            "end": 39,
            "loc": {
              "start": {
                "line": 2,
                "column": 7
              },
              "end": {
                "line": 2,
                "column": 25
              }
            },
            "local": {
              "type": "Identifier",
              "start": 21,
              "end": 39,
              "loc": {
                "start": {
                  "line": 2,
                  "column": 7
                },
                "end": {
                  "line": 2,
                  "column": 25
                },
                "identifierName": "SignatureComponent"
              },
              "name": "SignatureComponent"
            }
          }
        ],
        "source": {
          "type": "StringLiteral",
          "start": 45,
          "end": 58,
          "loc": {
            "start": {
              "line": 2,
              "column": 31
            },
            "end": {
              "line": 2,
              "column": 44
            }
          },
          "extra": {
            "rawValue": "./Signature",
            "raw": "'./Signature'"
          },
          "value": "./Signature"
        }
      },
      {
        "type": "ImportDeclaration",
        "start": 60,
        "end": 113,
        "loc": {
          "start": {
            "line": 3,
            "column": 0
          },
          "end": {
            "line": 3,
            "column": 53
          }
        },
        "specifiers": [
          {
            "type": "ImportSpecifier",
            "start": 68,
            "end": 87,
            "loc": {
              "start": {
                "line": 3,
                "column": 8
              },
              "end": {
                "line": 3,
                "column": 27
              }
            },
            "imported": {
              "type": "Identifier",
              "start": 68,
              "end": 78,
              "loc": {
                "start": {
                  "line": 3,
                  "column": 8
                },
                "end": {
                  "line": 3,
                  "column": 18
                },
                "identifierName": "components"
              },
              "name": "components"
            },
            "local": {
              "type": "Identifier",
              "start": 82,
              "end": 87,
              "loc": {
                "start": {
                  "line": 3,
                  "column": 22
                },
                "end": {
                  "line": 3,
                  "column": 27
                },
                "identifierName": "comps"
              },
              "name": "comps"
            }
          }
        ],
        "source": {
          "type": "StringLiteral",
          "start": 94,
          "end": 112,
          "loc": {
            "start": {
              "line": 3,
              "column": 34
            },
            "end": {
              "line": 3,
              "column": 52
            }
          },
          "extra": {
            "rawValue": "./fixtures/index",
            "raw": "'./fixtures/index'"
          },
          "value": "./fixtures/index"
        }
      },
      {
        "type": "ImportDeclaration",
        "start": 114,
        "end": 158,
        "loc": {
          "start": {
            "line": 4,
            "column": 0
          },
          "end": {
            "line": 4,
            "column": 44
          }
        },
        "specifiers": [
          {
            "type": "ImportDefaultSpecifier",
            "start": 121,
            "end": 128,
            "loc": {
              "start": {
                "line": 4,
                "column": 7
              },
              "end": {
                "line": 4,
                "column": 14
              }
            },
            "local": {
              "type": "Identifier",
              "start": 121,
              "end": 128,
              "loc": {
                "start": {
                  "line": 4,
                  "column": 7
                },
                "end": {
                  "line": 4,
                  "column": 14
                },
                "identifierName": "Harness"
              },
              "name": "Harness"
            }
          }
        ],
        "source": {
          "type": "StringLiteral",
          "start": 134,
          "end": 157,
          "loc": {
            "start": {
              "line": 4,
              "column": 20
            },
            "end": {
              "line": 4,
              "column": 43
            }
          },
          "extra": {
            "rawValue": "../../../test/harness",
            "raw": "'../../../test/harness'"
          },
          "value": "../../../test/harness"
        }
      },
      {
        "type": "ExpressionStatement",
        "start": 159,
        "end": 429,
        "loc": {
          "start": {
            "line": 5,
            "column": 0
          },
          "end": {
            "line": 12,
            "column": 3
          }
        },
        "expression": {
          "type": "CallExpression",
          "start": 159,
          "end": 428,
          "loc": {
            "start": {
              "line": 5,
              "column": 0
            },
            "end": {
              "line": 12,
              "column": 2
            }
          },
          "callee": {
            "type": "Identifier",
            "start": 159,
            "end": 167,
            "loc": {
              "start": {
                "line": 5,
                "column": 0
              },
              "end": {
                "line": 5,
                "column": 8
              },
              "identifierName": "describe"
            },
            "name": "describe"
          },
          "arguments": [
            {
              "type": "StringLiteral",
              "start": 168,
              "end": 189,
              "loc": {
                "start": {
                  "line": 5,
                  "column": 9
                },
                "end": {
                  "line": 5,
                  "column": 30
                }
              },
              "extra": {
                "rawValue": "Signature Component",
                "raw": "'Signature Component'"
              },
              "value": "Signature Component"
            },
            {
              "type": "ArrowFunctionExpression",
              "start": 191,
              "end": 427,
              "loc": {
                "start": {
                  "line": 5,
                  "column": 32
                },
                "end": {
                  "line": 12,
                  "column": 1
                }
              },
              "id": null,
              "generator": false,
              "expression": false,
              "async": false,
              "params": [],
              "body": {
                "type": "BlockStatement",
                "start": 197,
                "end": 427,
                "loc": {
                  "start": {
                    "line": 5,
                    "column": 38
                  },
                  "end": {
                    "line": 12,
                    "column": 1
                  }
                },
                "body": [
                  {
                    "type": "ExpressionStatement",
                    "start": 201,
                    "end": 425,
                    "loc": {
                      "start": {
                        "line": 6,
                        "column": 2
                      },
                      "end": {
                        "line": 11,
                        "column": 5
                      }
                    },
                    "expression": {
                      "type": "CallExpression",
                      "start": 201,
                      "end": 424,
                      "loc": {
                        "start": {
                          "line": 6,
                          "column": 2
                        },
                        "end": {
                          "line": 11,
                          "column": 4
                        }
                      },
                      "callee": {
                        "type": "Identifier",
                        "start": 201,
                        "end": 203,
                        "loc": {
                          "start": {
                            "line": 6,
                            "column": 2
                          },
                          "end": {
                            "line": 6,
                            "column": 4
                          },
                          "identifierName": "it"
                        },
                        "name": "it"
                      },
                      "arguments": [
                        {
                          "type": "StringLiteral",
                          "start": 204,
                          "end": 240,
                          "loc": {
                            "start": {
                              "line": 6,
                              "column": 5
                            },
                            "end": {
                              "line": 6,
                              "column": 41
                            }
                          },
                          "extra": {
                            "rawValue": "Should build a Signature component",
                            "raw": "'Should build a Signature component'"
                          },
                          "value": "Should build a Signature component"
                        },
                        {
                          "type": "ArrowFunctionExpression",
                          "start": 242,
                          "end": 423,
                          "loc": {
                            "start": {
                              "line": 6,
                              "column": 43
                            },
                            "end": {
                              "line": 11,
                              "column": 3
                            }
                          },
                          "id": null,
                          "generator": false,
                          "expression": false,
                          "async": false,
                          "params": [
                            {
                              "type": "Identifier",
                              "start": 243,
                              "end": 247,
                              "loc": {
                                "start": {
                                  "line": 6,
                                  "column": 44
                                },
                                "end": {
                                  "line": 6,
                                  "column": 48
                                },
                                "identifierName": "done"
                              },
                              "name": "done"
                            }
                          ],
                          "body": {
                            "type": "BlockStatement",
                            "start": 252,
                            "end": 423,
                            "loc": {
                              "start": {
                                "line": 6,
                                "column": 53
                              },
                              "end": {
                                "line": 11,
                                "column": 3
                              }
                            },
                            "body": [
                              {
                                "type": "ExpressionStatement",
                                "start": 258,
                                "end": 419,
                                "loc": {
                                  "start": {
                                    "line": 7,
                                    "column": 4
                                  },
                                  "end": {
                                    "line": 10,
                                    "column": 7
                                  }
                                },
                                "expression": {
                                  "type": "CallExpression",
                                  "start": 258,
                                  "end": 418,
                                  "loc": {
                                    "start": {
                                      "line": 7,
                                      "column": 4
                                    },
                                    "end": {
                                      "line": 10,
                                      "column": 6
                                    }
                                  },
                                  "callee": {
                                    "type": "MemberExpression",
                                    "start": 258,
                                    "end": 314,
                                    "loc": {
                                      "start": {
                                        "line": 7,
                                        "column": 4
                                      },
                                      "end": {
                                        "line": 7,
                                        "column": 60
                                      }
                                    },
                                    "object": {
                                      "type": "CallExpression",
                                      "start": 258,
                                      "end": 309,
                                      "loc": {
                                        "start": {
                                          "line": 7,
                                          "column": 4
                                        },
                                        "end": {
                                          "line": 7,
                                          "column": 55
                                        }
                                      },
                                      "callee": {
                                        "type": "MemberExpression",
                                        "start": 258,
                                        "end": 276,
                                        "loc": {
                                          "start": {
                                            "line": 7,
                                            "column": 4
                                          },
                                          "end": {
                                            "line": 7,
                                            "column": 22
                                          }
                                        },
                                        "object": {
                                          "type": "Identifier",
                                          "start": 258,
                                          "end": 265,
                                          "loc": {
                                            "start": {
                                              "line": 7,
                                              "column": 4
                                            },
                                            "end": {
                                              "line": 7,
                                              "column": 11
                                            },
                                            "identifierName": "Harness"
                                          },
                                          "name": "Harness"
                                        },
                                        "property": {
                                          "type": "Identifier",
                                          "start": 266,
                                          "end": 276,
                                          "loc": {
                                            "start": {
                                              "line": 7,
                                              "column": 12
                                            },
                                            "end": {
                                              "line": 7,
                                              "column": 22
                                            },
                                            "identifierName": "testCreate"
                                          },
                                          "name": "testCreate"
                                        },
                                        "computed": false
                                      },
                                      "arguments": [
                                        {
                                          "type": "Identifier",
                                          "start": 277,
                                          "end": 295,
                                          "loc": {
                                            "start": {
                                              "line": 7,
                                              "column": 23
                                            },
                                            "end": {
                                              "line": 7,
                                              "column": 41
                                            },
                                            "identifierName": "SignatureComponent"
                                          },
                                          "name": "SignatureComponent"
                                        },
                                        {
                                          "type": "MemberExpression",
                                          "start": 297,
                                          "end": 308,
                                          "loc": {
                                            "start": {
                                              "line": 7,
                                              "column": 43
                                            },
                                            "end": {
                                              "line": 7,
                                              "column": 54
                                            }
                                          },
                                          "object": {
                                            "type": "Identifier",
                                            "start": 297,
                                            "end": 302,
                                            "loc": {
                                              "start": {
                                                "line": 7,
                                                "column": 43
                                              },
                                              "end": {
                                                "line": 7,
                                                "column": 48
                                              },
                                              "identifierName": "comps"
                                            },
                                            "name": "comps"
                                          },
                                          "property": {
                                            "type": "Identifier",
                                            "start": 303,
                                            "end": 308,
                                            "loc": {
                                              "start": {
                                                "line": 7,
                                                "column": 49
                                              },
                                              "end": {
                                                "line": 7,
                                                "column": 54
                                              },
                                              "identifierName": "comp1"
                                            },
                                            "name": "comp1"
                                          },
                                          "computed": false
                                        }
                                      ]
                                    },
                                    "property": {
                                      "type": "Identifier",
                                      "start": 310,
                                      "end": 314,
                                      "loc": {
                                        "start": {
                                          "line": 7,
                                          "column": 56
                                        },
                                        "end": {
                                          "line": 7,
                                          "column": 60
                                        },
                                        "identifierName": "then"
                                      },
                                      "name": "then"
                                    },
                                    "computed": false
                                  },
                                  "arguments": [
                                    {
                                      "type": "ArrowFunctionExpression",
                                      "start": 315,
                                      "end": 417,
                                      "loc": {
                                        "start": {
                                          "line": 7,
                                          "column": 61
                                        },
                                        "end": {
                                          "line": 10,
                                          "column": 5
                                        }
                                      },
                                      "id": null,
                                      "generator": false,
                                      "expression": false,
                                      "async": false,
                                      "params": [
                                        {
                                          "type": "Identifier",
                                          "start": 316,
                                          "end": 325,
                                          "loc": {
                                            "start": {
                                              "line": 7,
                                              "column": 62
                                            },
                                            "end": {
                                              "line": 7,
                                              "column": 71
                                            },
                                            "identifierName": "component"
                                          },
                                          "name": "component"
                                        }
                                      ],
                                      "body": {
                                        "type": "BlockStatement",
                                        "start": 330,
                                        "end": 417,
                                        "loc": {
                                          "start": {
                                            "line": 7,
                                            "column": 76
                                          },
                                          "end": {
                                            "line": 10,
                                            "column": 5
                                          }
                                        },
                                        "body": [
                                          {
                                            "type": "ExpressionStatement",
                                            "start": 338,
                                            "end": 397,
                                            "loc": {
                                              "start": {
                                                "line": 8,
                                                "column": 6
                                              },
                                              "end": {
                                                "line": 8,
                                                "column": 65
                                              }
                                            },
                                            "expression": {
                                              "type": "CallExpression",
                                              "start": 338,
                                              "end": 396,
                                              "loc": {
                                                "start": {
                                                  "line": 8,
                                                  "column": 6
                                                },
                                                "end": {
                                                  "line": 8,
                                                  "column": 64
                                                }
                                              },
                                              "callee": {
                                                "type": "MemberExpression",
                                                "start": 338,
                                                "end": 358,
                                                "loc": {
                                                  "start": {
                                                    "line": 8,
                                                    "column": 6
                                                  },
                                                  "end": {
                                                    "line": 8,
                                                    "column": 26
                                                  }
                                                },
                                                "object": {
                                                  "type": "Identifier",
                                                  "start": 338,
                                                  "end": 345,
                                                  "loc": {
                                                    "start": {
                                                      "line": 8,
                                                      "column": 6
                                                    },
                                                    "end": {
                                                      "line": 8,
                                                      "column": 13
                                                    },
                                                    "identifierName": "Harness"
                                                  },
                                                  "name": "Harness"
                                                },
                                                "property": {
                                                  "type": "Identifier",
                                                  "start": 346,
                                                  "end": 358,
                                                  "loc": {
                                                    "start": {
                                                      "line": 8,
                                                      "column": 14
                                                    },
                                                    "end": {
                                                      "line": 8,
                                                      "column": 26
                                                    },
                                                    "identifierName": "testElements"
                                                  },
                                                  "name": "testElements"
                                                },
                                                "computed": false
                                              },
                                              "arguments": [
                                                {
                                                  "type": "Identifier",
                                                  "start": 359,
                                                  "end": 368,
                                                  "loc": {
                                                    "start": {
                                                      "line": 8,
                                                      "column": 27
                                                    },
                                                    "end": {
                                                      "line": 8,
                                                      "column": 36
                                                    },
                                                    "identifierName": "component"
                                                  },
                                                  "name": "component"
                                                },
                                                {
                                                  "type": "StringLiteral",
                                                  "start": 370,
                                                  "end": 392,
                                                  "loc": {
                                                    "start": {
                                                      "line": 8,
                                                      "column": 38
                                                    },
                                                    "end": {
                                                      "line": 8,
                                                      "column": 60
                                                    }
                                                  },
                                                  "extra": {
                                                    "rawValue": "input[type=\"hidden\"]",
                                                    "raw": "'input[type=\"hidden\"]'"
                                                  },
                                                  "value": "input[type=\"hidden\"]"
                                                },
                                                {
                                                  "type": "NumericLiteral",
                                                  "start": 394,
                                                  "end": 395,
                                                  "loc": {
                                                    "start": {
                                                      "line": 8,
                                                      "column": 62
                                                    },
                                                    "end": {
                                                      "line": 8,
                                                      "column": 63
                                                    }
                                                  },
                                                  "extra": {
                                                    "rawValue": 1,
                                                    "raw": "1"
                                                  },
                                                  "value": 1
                                                }
                                              ]
                                            }
                                          },
                                          {
                                            "type": "ExpressionStatement",
                                            "start": 404,
                                            "end": 411,
                                            "loc": {
                                              "start": {
                                                "line": 9,
                                                "column": 6
                                              },
                                              "end": {
                                                "line": 9,
                                                "column": 13
                                              }
                                            },
                                            "expression": {
                                              "type": "CallExpression",
                                              "start": 404,
                                              "end": 410,
                                              "loc": {
                                                "start": {
                                                  "line": 9,
                                                  "column": 6
                                                },
                                                "end": {
                                                  "line": 9,
                                                  "column": 12
                                                }
                                              },
                                              "callee": {
                                                "type": "Identifier",
                                                "start": 404,
                                                "end": 408,
                                                "loc": {
                                                  "start": {
                                                    "line": 9,
                                                    "column": 6
                                                  },
                                                  "end": {
                                                    "line": 9,
                                                    "column": 10
                                                  },
                                                  "identifierName": "done"
                                                },
                                                "name": "done"
                                              },
                                              "arguments": []
                                            }
                                          }
                                        ],
                                        "directives": []
                                      }
                                    }
                                  ]
                                }
                              }
                            ],
                            "directives": []
                          }
                        }
                      ]
                    }
                  }
                ],
                "directives": []
              }
            }
          ]
        }
      }
    ],
    "directives": [
      {
        "type": "Directive",
        "start": 0,
        "end": 13,
        "loc": {
          "start": {
            "line": 1,
            "column": 0
          },
          "end": {
            "line": 1,
            "column": 13
          }
        },
        "value": {
          "type": "DirectiveLiteral",
          "start": 0,
          "end": 12,
          "loc": {
            "start": {
              "line": 1,
              "column": 0
            },
            "end": {
              "line": 1,
              "column": 12
            }
          },
          "value": "use strict",
          "extra": {
            "raw": "'use strict'",
            "rawValue": "use strict"
          }
        }
      }
    ]
  },
  "comments": [],
  "tokens": [
    {
      "type": {
        "label": "string",
        "beforeExpr": false,
        "startsExpr": true,
        "rightAssociative": false,
        "isLoop": false,
        "isAssign": false,
        "prefix": false,
        "postfix": false,
        "binop": null,
        "updateContext": null
      },
      "value": "use strict",
      "start": 0,
      "end": 12,
      "loc": {
        "start": {
          "line": 1,
          "column": 0
        },
        "end": {
          "line": 1,
          "column": 12
        }
      }
    },
    {
      "type": {
        "label": ";",
        "beforeExpr": true,
        "startsExpr": false,
        "rightAssociative": false,
        "isLoop": false,
        "isAssign": false,
        "prefix": false,
        "postfix": false,
        "binop": null,
        "updateContext": null
      },
      "start": 12,
      "end": 13,
      "loc": {
        "start": {
          "line": 1,
          "column": 12
        },
        "end": {
          "line": 1,
          "column": 13
        }
      }
    },
    {
      "type": {
        "label": "import",
        "keyword": "import",
        "beforeExpr": false,
        "startsExpr": true,
        "rightAssociative": false,
        "isLoop": false,
        "isAssign": false,
        "prefix": false,
        "postfix": false,
        "binop": null,
        "updateContext": null
      },
      "value": "import",
      "start": 14,
      "end": 20,
      "loc": {
        "start": {
          "line": 2,
          "column": 0
        },
        "end": {
          "line": 2,
          "column": 6
        }
      }
    },
    {
      "type": {
        "label": "name",
        "beforeExpr": false,
        "startsExpr": true,
        "rightAssociative": false,
        "isLoop": false,
        "isAssign": false,
        "prefix": false,
        "postfix": false,
        "binop": null
      },
      "value": "SignatureComponent",
      "start": 21,
      "end": 39,
      "loc": {
        "start": {
          "line": 2,
          "column": 7
        },
        "end": {
          "line": 2,
          "column": 25
        }
      }
    },
    {
      "type": {
        "label": "name",
        "beforeExpr": false,
        "startsExpr": true,
        "rightAssociative": false,
        "isLoop": false,
        "isAssign": false,
        "prefix": false,
        "postfix": false,
        "binop": null
      },
      "value": "from",
      "start": 40,
      "end": 44,
      "loc": {
        "start": {
          "line": 2,
          "column": 26
        },
        "end": {
          "line": 2,
          "column": 30
        }
      }
    },
    {
      "type": {
        "label": "string",
        "beforeExpr": false,
        "startsExpr": true,
        "rightAssociative": false,
        "isLoop": false,
        "isAssign": false,
        "prefix": false,
        "postfix": false,
        "binop": null,
        "updateContext": null
      },
      "value": "./Signature",
      "start": 45,
      "end": 58,
      "loc": {
        "start": {
          "line": 2,
          "column": 31
        },
        "end": {
          "line": 2,
          "column": 44
        }
      }
    },
    {
      "type": {
        "label": ";",
        "beforeExpr": true,
        "startsExpr": false,
        "rightAssociative": false,
        "isLoop": false,
        "isAssign": false,
        "prefix": false,
        "postfix": false,
        "binop": null,
        "updateContext": null
      },
      "start": 58,
      "end": 59,
      "loc": {
        "start": {
          "line": 2,
          "column": 44
        },
        "end": {
          "line": 2,
          "column": 45
        }
      }
    },
    {
      "type": {
        "label": "import",
        "keyword": "import",
        "beforeExpr": false,
        "startsExpr": true,
        "rightAssociative": false,
        "isLoop": false,
        "isAssign": false,
        "prefix": false,
        "postfix": false,
        "binop": null,
        "updateContext": null
      },
      "value": "import",
      "start": 60,
      "end": 66,
      "loc": {
        "start": {
          "line": 3,
          "column": 0
        },
        "end": {
          "line": 3,
          "column": 6
        }
      }
    },
    {
      "type": {
        "label": "{",
        "beforeExpr": true,
        "startsExpr": true,
        "rightAssociative": false,
        "isLoop": false,
        "isAssign": false,
        "prefix": false,
        "postfix": false,
        "binop": null
      },
      "start": 67,
      "end": 68,
      "loc": {
        "start": {
          "line": 3,
          "column": 7
        },
        "end": {
          "line": 3,
          "column": 8
        }
      }
    },
    {
      "type": {
        "label": "name",
        "beforeExpr": false,
        "startsExpr": true,
        "rightAssociative": false,
        "isLoop": false,
        "isAssign": false,
        "prefix": false,
        "postfix": false,
        "binop": null
      },
      "value": "components",
      "start": 68,
      "end": 78,
      "loc": {
        "start": {
          "line": 3,
          "column": 8
        },
        "end": {
          "line": 3,
          "column": 18
        }
      }
    },
    {
      "type": {
        "label": "name",
        "beforeExpr": false,
        "startsExpr": true,
        "rightAssociative": false,
        "isLoop": false,
        "isAssign": false,
        "prefix": false,
        "postfix": false,
        "binop": null
      },
      "value": "as",
      "start": 79,
      "end": 81,
      "loc": {
        "start": {
          "line": 3,
          "column": 19
        },
        "end": {
          "line": 3,
          "column": 21
        }
      }
    },
    {
      "type": {
        "label": "name",
        "beforeExpr": false,
        "startsExpr": true,
        "rightAssociative": false,
        "isLoop": false,
        "isAssign": false,
        "prefix": false,
        "postfix": false,
        "binop": null
      },
      "value": "comps",
      "start": 82,
      "end": 87,
      "loc": {
        "start": {
          "line": 3,
          "column": 22
        },
        "end": {
          "line": 3,
          "column": 27
        }
      }
    },
    {
      "type": {
        "label": "}",
        "beforeExpr": false,
        "startsExpr": false,
        "rightAssociative": false,
        "isLoop": false,
        "isAssign": false,
        "prefix": false,
        "postfix": false,
        "binop": null
      },
      "start": 87,
      "end": 88,
      "loc": {
        "start": {
          "line": 3,
          "column": 27
        },
        "end": {
          "line": 3,
          "column": 28
        }
      }
    },
    {
      "type": {
        "label": "name",
        "beforeExpr": false,
        "startsExpr": true,
        "rightAssociative": false,
        "isLoop": false,
        "isAssign": false,
        "prefix": false,
        "postfix": false,
        "binop": null
      },
      "value": "from",
      "start": 89,
      "end": 93,
      "loc": {
        "start": {
          "line": 3,
          "column": 29
        },
        "end": {
          "line": 3,
          "column": 33
        }
      }
    },
    {
      "type": {
        "label": "string",
        "beforeExpr": false,
        "startsExpr": true,
        "rightAssociative": false,
        "isLoop": false,
        "isAssign": false,
        "prefix": false,
        "postfix": false,
        "binop": null,
        "updateContext": null
      },
      "value": "./fixtures/index",
      "start": 94,
      "end": 112,
      "loc": {
        "start": {
          "line": 3,
          "column": 34
        },
        "end": {
          "line": 3,
          "column": 52
        }
      }
    },
    {
      "type": {
        "label": ";",
        "beforeExpr": true,
        "startsExpr": false,
        "rightAssociative": false,
        "isLoop": false,
        "isAssign": false,
        "prefix": false,
        "postfix": false,
        "binop": null,
        "updateContext": null
      },
      "start": 112,
      "end": 113,
      "loc": {
        "start": {
          "line": 3,
          "column": 52
        },
        "end": {
          "line": 3,
          "column": 53
        }
      }
    },
    {
      "type": {
        "label": "import",
        "keyword": "import",
        "beforeExpr": false,
        "startsExpr": true,
        "rightAssociative": false,
        "isLoop": false,
        "isAssign": false,
        "prefix": false,
        "postfix": false,
        "binop": null,
        "updateContext": null
      },
      "value": "import",
      "start": 114,
      "end": 120,
      "loc": {
        "start": {
          "line": 4,
          "column": 0
        },
        "end": {
          "line": 4,
          "column": 6
        }
      }
    },
    {
      "type": {
        "label": "name",
        "beforeExpr": false,
        "startsExpr": true,
        "rightAssociative": false,
        "isLoop": false,
        "isAssign": false,
        "prefix": false,
        "postfix": false,
        "binop": null
      },
      "value": "Harness",
      "start": 121,
      "end": 128,
      "loc": {
        "start": {
          "line": 4,
          "column": 7
        },
        "end": {
          "line": 4,
          "column": 14
        }
      }
    },
    {
      "type": {
        "label": "name",
        "beforeExpr": false,
        "startsExpr": true,
        "rightAssociative": false,
        "isLoop": false,
        "isAssign": false,
        "prefix": false,
        "postfix": false,
        "binop": null
      },
      "value": "from",
      "start": 129,
      "end": 133,
      "loc": {
        "start": {
          "line": 4,
          "column": 15
        },
        "end": {
          "line": 4,
          "column": 19
        }
      }
    },
    {
      "type": {
        "label": "string",
        "beforeExpr": false,
        "startsExpr": true,
        "rightAssociative": false,
        "isLoop": false,
        "isAssign": false,
        "prefix": false,
        "postfix": false,
        "binop": null,
        "updateContext": null
      },
      "value": "../../../test/harness",
      "start": 134,
      "end": 157,
      "loc": {
        "start": {
          "line": 4,
          "column": 20
        },
        "end": {
          "line": 4,
          "column": 43
        }
      }
    },
    {
      "type": {
        "label": ";",
        "beforeExpr": true,
        "startsExpr": false,
        "rightAssociative": false,
        "isLoop": false,
        "isAssign": false,
        "prefix": false,
        "postfix": false,
        "binop": null,
        "updateContext": null
      },
      "start": 157,
      "end": 158,
      "loc": {
        "start": {
          "line": 4,
          "column": 43
        },
        "end": {
          "line": 4,
          "column": 44
        }
      }
    },
    {
      "type": {
        "label": "name",
        "beforeExpr": false,
        "startsExpr": true,
        "rightAssociative": false,
        "isLoop": false,
        "isAssign": false,
        "prefix": false,
        "postfix": false,
        "binop": null
      },
      "value": "describe",
      "start": 159,
      "end": 167,
      "loc": {
        "start": {
          "line": 5,
          "column": 0
        },
        "end": {
          "line": 5,
          "column": 8
        }
      }
    },
    {
      "type": {
        "label": "(",
        "beforeExpr": true,
        "startsExpr": true,
        "rightAssociative": false,
        "isLoop": false,
        "isAssign": false,
        "prefix": false,
        "postfix": false,
        "binop": null
      },
      "start": 167,
      "end": 168,
      "loc": {
        "start": {
          "line": 5,
          "column": 8
        },
        "end": {
          "line": 5,
          "column": 9
        }
      }
    },
    {
      "type": {
        "label": "string",
        "beforeExpr": false,
        "startsExpr": true,
        "rightAssociative": false,
        "isLoop": false,
        "isAssign": false,
        "prefix": false,
        "postfix": false,
        "binop": null,
        "updateContext": null
      },
      "value": "Signature Component",
      "start": 168,
      "end": 189,
      "loc": {
        "start": {
          "line": 5,
          "column": 9
        },
        "end": {
          "line": 5,
          "column": 30
        }
      }
    },
    {
      "type": {
        "label": ",",
        "beforeExpr": true,
        "startsExpr": false,
        "rightAssociative": false,
        "isLoop": false,
        "isAssign": false,
        "prefix": false,
        "postfix": false,
        "binop": null,
        "updateContext": null
      },
      "start": 189,
      "end": 190,
      "loc": {
        "start": {
          "line": 5,
          "column": 30
        },
        "end": {
          "line": 5,
          "column": 31
        }
      }
    },
    {
      "type": {
        "label": "(",
        "beforeExpr": true,
        "startsExpr": true,
        "rightAssociative": false,
        "isLoop": false,
        "isAssign": false,
        "prefix": false,
        "postfix": false,
        "binop": null
      },
      "start": 191,
      "end": 192,
      "loc": {
        "start": {
          "line": 5,
          "column": 32
        },
        "end": {
          "line": 5,
          "column": 33
        }
      }
    },
    {
      "type": {
        "label": ")",
        "beforeExpr": false,
        "startsExpr": false,
        "rightAssociative": false,
        "isLoop": false,
        "isAssign": false,
        "prefix": false,
        "postfix": false,
        "binop": null
      },
      "start": 192,
      "end": 193,
      "loc": {
        "start": {
          "line": 5,
          "column": 33
        },
        "end": {
          "line": 5,
          "column": 34
        }
      }
    },
    {
      "type": {
        "label": "=>",
        "beforeExpr": true,
        "startsExpr": false,
        "rightAssociative": false,
        "isLoop": false,
        "isAssign": false,
        "prefix": false,
        "postfix": false,
        "binop": null,
        "updateContext": null
      },
      "start": 194,
      "end": 196,
      "loc": {
        "start": {
          "line": 5,
          "column": 35
        },
        "end": {
          "line": 5,
          "column": 37
        }
      }
    },
    {
      "type": {
        "label": "{",
        "beforeExpr": true,
        "startsExpr": true,
        "rightAssociative": false,
        "isLoop": false,
        "isAssign": false,
        "prefix": false,
        "postfix": false,
        "binop": null
      },
      "start": 197,
      "end": 198,
      "loc": {
        "start": {
          "line": 5,
          "column": 38
        },
        "end": {
          "line": 5,
          "column": 39
        }
      }
    },
    {
      "type": {
        "label": "name",
        "beforeExpr": false,
        "startsExpr": true,
        "rightAssociative": false,
        "isLoop": false,
        "isAssign": false,
        "prefix": false,
        "postfix": false,
        "binop": null
      },
      "value": "it",
      "start": 201,
      "end": 203,
      "loc": {
        "start": {
          "line": 6,
          "column": 2
        },
        "end": {
          "line": 6,
          "column": 4
        }
      }
    },
    {
      "type": {
        "label": "(",
        "beforeExpr": true,
        "startsExpr": true,
        "rightAssociative": false,
        "isLoop": false,
        "isAssign": false,
        "prefix": false,
        "postfix": false,
        "binop": null
      },
      "start": 203,
      "end": 204,
      "loc": {
        "start": {
          "line": 6,
          "column": 4
        },
        "end": {
          "line": 6,
          "column": 5
        }
      }
    },
    {
      "type": {
        "label": "string",
        "beforeExpr": false,
        "startsExpr": true,
        "rightAssociative": false,
        "isLoop": false,
        "isAssign": false,
        "prefix": false,
        "postfix": false,
        "binop": null,
        "updateContext": null
      },
      "value": "Should build a Signature component",
      "start": 204,
      "end": 240,
      "loc": {
        "start": {
          "line": 6,
          "column": 5
        },
        "end": {
          "line": 6,
          "column": 41
        }
      }
    },
    {
      "type": {
        "label": ",",
        "beforeExpr": true,
        "startsExpr": false,
        "rightAssociative": false,
        "isLoop": false,
        "isAssign": false,
        "prefix": false,
        "postfix": false,
        "binop": null,
        "updateContext": null
      },
      "start": 240,
      "end": 241,
      "loc": {
        "start": {
          "line": 6,
          "column": 41
        },
        "end": {
          "line": 6,
          "column": 42
        }
      }
    },
    {
      "type": {
        "label": "(",
        "beforeExpr": true,
        "startsExpr": true,
        "rightAssociative": false,
        "isLoop": false,
        "isAssign": false,
        "prefix": false,
        "postfix": false,
        "binop": null
      },
      "start": 242,
      "end": 243,
      "loc": {
        "start": {
          "line": 6,
          "column": 43
        },
        "end": {
          "line": 6,
          "column": 44
        }
      }
    },
    {
      "type": {
        "label": "name",
        "beforeExpr": false,
        "startsExpr": true,
        "rightAssociative": false,
        "isLoop": false,
        "isAssign": false,
        "prefix": false,
        "postfix": false,
        "binop": null
      },
      "value": "done",
      "start": 243,
      "end": 247,
      "loc": {
        "start": {
          "line": 6,
          "column": 44
        },
        "end": {
          "line": 6,
          "column": 48
        }
      }
    },
    {
      "type": {
        "label": ")",
        "beforeExpr": false,
        "startsExpr": false,
        "rightAssociative": false,
        "isLoop": false,
        "isAssign": false,
        "prefix": false,
        "postfix": false,
        "binop": null
      },
      "start": 247,
      "end": 248,
      "loc": {
        "start": {
          "line": 6,
          "column": 48
        },
        "end": {
          "line": 6,
          "column": 49
        }
      }
    },
    {
      "type": {
        "label": "=>",
        "beforeExpr": true,
        "startsExpr": false,
        "rightAssociative": false,
        "isLoop": false,
        "isAssign": false,
        "prefix": false,
        "postfix": false,
        "binop": null,
        "updateContext": null
      },
      "start": 249,
      "end": 251,
      "loc": {
        "start": {
          "line": 6,
          "column": 50
        },
        "end": {
          "line": 6,
          "column": 52
        }
      }
    },
    {
      "type": {
        "label": "{",
        "beforeExpr": true,
        "startsExpr": true,
        "rightAssociative": false,
        "isLoop": false,
        "isAssign": false,
        "prefix": false,
        "postfix": false,
        "binop": null
      },
      "start": 252,
      "end": 253,
      "loc": {
        "start": {
          "line": 6,
          "column": 53
        },
        "end": {
          "line": 6,
          "column": 54
        }
      }
    },
    {
      "type": {
        "label": "name",
        "beforeExpr": false,
        "startsExpr": true,
        "rightAssociative": false,
        "isLoop": false,
        "isAssign": false,
        "prefix": false,
        "postfix": false,
        "binop": null
      },
      "value": "Harness",
      "start": 258,
      "end": 265,
      "loc": {
        "start": {
          "line": 7,
          "column": 4
        },
        "end": {
          "line": 7,
          "column": 11
        }
      }
    },
    {
      "type": {
        "label": ".",
        "beforeExpr": false,
        "startsExpr": false,
        "rightAssociative": false,
        "isLoop": false,
        "isAssign": false,
        "prefix": false,
        "postfix": false,
        "binop": null,
        "updateContext": null
      },
      "start": 265,
      "end": 266,
      "loc": {
        "start": {
          "line": 7,
          "column": 11
        },
        "end": {
          "line": 7,
          "column": 12
        }
      }
    },
    {
      "type": {
        "label": "name",
        "beforeExpr": false,
        "startsExpr": true,
        "rightAssociative": false,
        "isLoop": false,
        "isAssign": false,
        "prefix": false,
        "postfix": false,
        "binop": null
      },
      "value": "testCreate",
      "start": 266,
      "end": 276,
      "loc": {
        "start": {
          "line": 7,
          "column": 12
        },
        "end": {
          "line": 7,
          "column": 22
        }
      }
    },
    {
      "type": {
        "label": "(",
        "beforeExpr": true,
        "startsExpr": true,
        "rightAssociative": false,
        "isLoop": false,
        "isAssign": false,
        "prefix": false,
        "postfix": false,
        "binop": null
      },
      "start": 276,
      "end": 277,
      "loc": {
        "start": {
          "line": 7,
          "column": 22
        },
        "end": {
          "line": 7,
          "column": 23
        }
      }
    },
    {
      "type": {
        "label": "name",
        "beforeExpr": false,
        "startsExpr": true,
        "rightAssociative": false,
        "isLoop": false,
        "isAssign": false,
        "prefix": false,
        "postfix": false,
        "binop": null
      },
      "value": "SignatureComponent",
      "start": 277,
      "end": 295,
      "loc": {
        "start": {
          "line": 7,
          "column": 23
        },
        "end": {
          "line": 7,
          "column": 41
        }
      }
    },
    {
      "type": {
        "label": ",",
        "beforeExpr": true,
        "startsExpr": false,
        "rightAssociative": false,
        "isLoop": false,
        "isAssign": false,
        "prefix": false,
        "postfix": false,
        "binop": null,
        "updateContext": null
      },
      "start": 295,
      "end": 296,
      "loc": {
        "start": {
          "line": 7,
          "column": 41
        },
        "end": {
          "line": 7,
          "column": 42
        }
      }
    },
    {
      "type": {
        "label": "name",
        "beforeExpr": false,
        "startsExpr": true,
        "rightAssociative": false,
        "isLoop": false,
        "isAssign": false,
        "prefix": false,
        "postfix": false,
        "binop": null
      },
      "value": "comps",
      "start": 297,
      "end": 302,
      "loc": {
        "start": {
          "line": 7,
          "column": 43
        },
        "end": {
          "line": 7,
          "column": 48
        }
      }
    },
    {
      "type": {
        "label": ".",
        "beforeExpr": false,
        "startsExpr": false,
        "rightAssociative": false,
        "isLoop": false,
        "isAssign": false,
        "prefix": false,
        "postfix": false,
        "binop": null,
        "updateContext": null
      },
      "start": 302,
      "end": 303,
      "loc": {
        "start": {
          "line": 7,
          "column": 48
        },
        "end": {
          "line": 7,
          "column": 49
        }
      }
    },
    {
      "type": {
        "label": "name",
        "beforeExpr": false,
        "startsExpr": true,
        "rightAssociative": false,
        "isLoop": false,
        "isAssign": false,
        "prefix": false,
        "postfix": false,
        "binop": null
      },
      "value": "comp1",
      "start": 303,
      "end": 308,
      "loc": {
        "start": {
          "line": 7,
          "column": 49
        },
        "end": {
          "line": 7,
          "column": 54
        }
      }
    },
    {
      "type": {
        "label": ")",
        "beforeExpr": false,
        "startsExpr": false,
        "rightAssociative": false,
        "isLoop": false,
        "isAssign": false,
        "prefix": false,
        "postfix": false,
        "binop": null
      },
      "start": 308,
      "end": 309,
      "loc": {
        "start": {
          "line": 7,
          "column": 54
        },
        "end": {
          "line": 7,
          "column": 55
        }
      }
    },
    {
      "type": {
        "label": ".",
        "beforeExpr": false,
        "startsExpr": false,
        "rightAssociative": false,
        "isLoop": false,
        "isAssign": false,
        "prefix": false,
        "postfix": false,
        "binop": null,
        "updateContext": null
      },
      "start": 309,
      "end": 310,
      "loc": {
        "start": {
          "line": 7,
          "column": 55
        },
        "end": {
          "line": 7,
          "column": 56
        }
      }
    },
    {
      "type": {
        "label": "name",
        "beforeExpr": false,
        "startsExpr": true,
        "rightAssociative": false,
        "isLoop": false,
        "isAssign": false,
        "prefix": false,
        "postfix": false,
        "binop": null
      },
      "value": "then",
      "start": 310,
      "end": 314,
      "loc": {
        "start": {
          "line": 7,
          "column": 56
        },
        "end": {
          "line": 7,
          "column": 60
        }
      }
    },
    {
      "type": {
        "label": "(",
        "beforeExpr": true,
        "startsExpr": true,
        "rightAssociative": false,
        "isLoop": false,
        "isAssign": false,
        "prefix": false,
        "postfix": false,
        "binop": null
      },
      "start": 314,
      "end": 315,
      "loc": {
        "start": {
          "line": 7,
          "column": 60
        },
        "end": {
          "line": 7,
          "column": 61
        }
      }
    },
    {
      "type": {
        "label": "(",
        "beforeExpr": true,
        "startsExpr": true,
        "rightAssociative": false,
        "isLoop": false,
        "isAssign": false,
        "prefix": false,
        "postfix": false,
        "binop": null
      },
      "start": 315,
      "end": 316,
      "loc": {
        "start": {
          "line": 7,
          "column": 61
        },
        "end": {
          "line": 7,
          "column": 62
        }
      }
    },
    {
      "type": {
        "label": "name",
        "beforeExpr": false,
        "startsExpr": true,
        "rightAssociative": false,
        "isLoop": false,
        "isAssign": false,
        "prefix": false,
        "postfix": false,
        "binop": null
      },
      "value": "component",
      "start": 316,
      "end": 325,
      "loc": {
        "start": {
          "line": 7,
          "column": 62
        },
        "end": {
          "line": 7,
          "column": 71
        }
      }
    },
    {
      "type": {
        "label": ")",
        "beforeExpr": false,
        "startsExpr": false,
        "rightAssociative": false,
        "isLoop": false,
        "isAssign": false,
        "prefix": false,
        "postfix": false,
        "binop": null
      },
      "start": 325,
      "end": 326,
      "loc": {
        "start": {
          "line": 7,
          "column": 71
        },
        "end": {
          "line": 7,
          "column": 72
        }
      }
    },
    {
      "type": {
        "label": "=>",
        "beforeExpr": true,
        "startsExpr": false,
        "rightAssociative": false,
        "isLoop": false,
        "isAssign": false,
        "prefix": false,
        "postfix": false,
        "binop": null,
        "updateContext": null
      },
      "start": 327,
      "end": 329,
      "loc": {
        "start": {
          "line": 7,
          "column": 73
        },
        "end": {
          "line": 7,
          "column": 75
        }
      }
    },
    {
      "type": {
        "label": "{",
        "beforeExpr": true,
        "startsExpr": true,
        "rightAssociative": false,
        "isLoop": false,
        "isAssign": false,
        "prefix": false,
        "postfix": false,
        "binop": null
      },
      "start": 330,
      "end": 331,
      "loc": {
        "start": {
          "line": 7,
          "column": 76
        },
        "end": {
          "line": 7,
          "column": 77
        }
      }
    },
    {
      "type": {
        "label": "name",
        "beforeExpr": false,
        "startsExpr": true,
        "rightAssociative": false,
        "isLoop": false,
        "isAssign": false,
        "prefix": false,
        "postfix": false,
        "binop": null
      },
      "value": "Harness",
      "start": 338,
      "end": 345,
      "loc": {
        "start": {
          "line": 8,
          "column": 6
        },
        "end": {
          "line": 8,
          "column": 13
        }
      }
    },
    {
      "type": {
        "label": ".",
        "beforeExpr": false,
        "startsExpr": false,
        "rightAssociative": false,
        "isLoop": false,
        "isAssign": false,
        "prefix": false,
        "postfix": false,
        "binop": null,
        "updateContext": null
      },
      "start": 345,
      "end": 346,
      "loc": {
        "start": {
          "line": 8,
          "column": 13
        },
        "end": {
          "line": 8,
          "column": 14
        }
      }
    },
    {
      "type": {
        "label": "name",
        "beforeExpr": false,
        "startsExpr": true,
        "rightAssociative": false,
        "isLoop": false,
        "isAssign": false,
        "prefix": false,
        "postfix": false,
        "binop": null
      },
      "value": "testElements",
      "start": 346,
      "end": 358,
      "loc": {
        "start": {
          "line": 8,
          "column": 14
        },
        "end": {
          "line": 8,
          "column": 26
        }
      }
    },
    {
      "type": {
        "label": "(",
        "beforeExpr": true,
        "startsExpr": true,
        "rightAssociative": false,
        "isLoop": false,
        "isAssign": false,
        "prefix": false,
        "postfix": false,
        "binop": null
      },
      "start": 358,
      "end": 359,
      "loc": {
        "start": {
          "line": 8,
          "column": 26
        },
        "end": {
          "line": 8,
          "column": 27
        }
      }
    },
    {
      "type": {
        "label": "name",
        "beforeExpr": false,
        "startsExpr": true,
        "rightAssociative": false,
        "isLoop": false,
        "isAssign": false,
        "prefix": false,
        "postfix": false,
        "binop": null
      },
      "value": "component",
      "start": 359,
      "end": 368,
      "loc": {
        "start": {
          "line": 8,
          "column": 27
        },
        "end": {
          "line": 8,
          "column": 36
        }
      }
    },
    {
      "type": {
        "label": ",",
        "beforeExpr": true,
        "startsExpr": false,
        "rightAssociative": false,
        "isLoop": false,
        "isAssign": false,
        "prefix": false,
        "postfix": false,
        "binop": null,
        "updateContext": null
      },
      "start": 368,
      "end": 369,
      "loc": {
        "start": {
          "line": 8,
          "column": 36
        },
        "end": {
          "line": 8,
          "column": 37
        }
      }
    },
    {
      "type": {
        "label": "string",
        "beforeExpr": false,
        "startsExpr": true,
        "rightAssociative": false,
        "isLoop": false,
        "isAssign": false,
        "prefix": false,
        "postfix": false,
        "binop": null,
        "updateContext": null
      },
      "value": "input[type=\"hidden\"]",
      "start": 370,
      "end": 392,
      "loc": {
        "start": {
          "line": 8,
          "column": 38
        },
        "end": {
          "line": 8,
          "column": 60
        }
      }
    },
    {
      "type": {
        "label": ",",
        "beforeExpr": true,
        "startsExpr": false,
        "rightAssociative": false,
        "isLoop": false,
        "isAssign": false,
        "prefix": false,
        "postfix": false,
        "binop": null,
        "updateContext": null
      },
      "start": 392,
      "end": 393,
      "loc": {
        "start": {
          "line": 8,
          "column": 60
        },
        "end": {
          "line": 8,
          "column": 61
        }
      }
    },
    {
      "type": {
        "label": "num",
        "beforeExpr": false,
        "startsExpr": true,
        "rightAssociative": false,
        "isLoop": false,
        "isAssign": false,
        "prefix": false,
        "postfix": false,
        "binop": null,
        "updateContext": null
      },
      "value": 1,
      "start": 394,
      "end": 395,
      "loc": {
        "start": {
          "line": 8,
          "column": 62
        },
        "end": {
          "line": 8,
          "column": 63
        }
      }
    },
    {
      "type": {
        "label": ")",
        "beforeExpr": false,
        "startsExpr": false,
        "rightAssociative": false,
        "isLoop": false,
        "isAssign": false,
        "prefix": false,
        "postfix": false,
        "binop": null
      },
      "start": 395,
      "end": 396,
      "loc": {
        "start": {
          "line": 8,
          "column": 63
        },
        "end": {
          "line": 8,
          "column": 64
        }
      }
    },
    {
      "type": {
        "label": ";",
        "beforeExpr": true,
        "startsExpr": false,
        "rightAssociative": false,
        "isLoop": false,
        "isAssign": false,
        "prefix": false,
        "postfix": false,
        "binop": null,
        "updateContext": null
      },
      "start": 396,
      "end": 397,
      "loc": {
        "start": {
          "line": 8,
          "column": 64
        },
        "end": {
          "line": 8,
          "column": 65
        }
      }
    },
    {
      "type": {
        "label": "name",
        "beforeExpr": false,
        "startsExpr": true,
        "rightAssociative": false,
        "isLoop": false,
        "isAssign": false,
        "prefix": false,
        "postfix": false,
        "binop": null
      },
      "value": "done",
      "start": 404,
      "end": 408,
      "loc": {
        "start": {
          "line": 9,
          "column": 6
        },
        "end": {
          "line": 9,
          "column": 10
        }
      }
    },
    {
      "type": {
        "label": "(",
        "beforeExpr": true,
        "startsExpr": true,
        "rightAssociative": false,
        "isLoop": false,
        "isAssign": false,
        "prefix": false,
        "postfix": false,
        "binop": null
      },
      "start": 408,
      "end": 409,
      "loc": {
        "start": {
          "line": 9,
          "column": 10
        },
        "end": {
          "line": 9,
          "column": 11
        }
      }
    },
    {
      "type": {
        "label": ")",
        "beforeExpr": false,
        "startsExpr": false,
        "rightAssociative": false,
        "isLoop": false,
        "isAssign": false,
        "prefix": false,
        "postfix": false,
        "binop": null
      },
      "start": 409,
      "end": 410,
      "loc": {
        "start": {
          "line": 9,
          "column": 11
        },
        "end": {
          "line": 9,
          "column": 12
        }
      }
    },
    {
      "type": {
        "label": ";",
        "beforeExpr": true,
        "startsExpr": false,
        "rightAssociative": false,
        "isLoop": false,
        "isAssign": false,
        "prefix": false,
        "postfix": false,
        "binop": null,
        "updateContext": null
      },
      "start": 410,
      "end": 411,
      "loc": {
        "start": {
          "line": 9,
          "column": 12
        },
        "end": {
          "line": 9,
          "column": 13
        }
      }
    },
    {
      "type": {
        "label": "}",
        "beforeExpr": false,
        "startsExpr": false,
        "rightAssociative": false,
        "isLoop": false,
        "isAssign": false,
        "prefix": false,
        "postfix": false,
        "binop": null
      },
      "start": 416,
      "end": 417,
      "loc": {
        "start": {
          "line": 10,
          "column": 4
        },
        "end": {
          "line": 10,
          "column": 5
        }
      }
    },
    {
      "type": {
        "label": ")",
        "beforeExpr": false,
        "startsExpr": false,
        "rightAssociative": false,
        "isLoop": false,
        "isAssign": false,
        "prefix": false,
        "postfix": false,
        "binop": null
      },
      "start": 417,
      "end": 418,
      "loc": {
        "start": {
          "line": 10,
          "column": 5
        },
        "end": {
          "line": 10,
          "column": 6
        }
      }
    },
    {
      "type": {
        "label": ";",
        "beforeExpr": true,
        "startsExpr": false,
        "rightAssociative": false,
        "isLoop": false,
        "isAssign": false,
        "prefix": false,
        "postfix": false,
        "binop": null,
        "updateContext": null
      },
      "start": 418,
      "end": 419,
      "loc": {
        "start": {
          "line": 10,
          "column": 6
        },
        "end": {
          "line": 10,
          "column": 7
        }
      }
    },
    {
      "type": {
        "label": "}",
        "beforeExpr": false,
        "startsExpr": false,
        "rightAssociative": false,
        "isLoop": false,
        "isAssign": false,
        "prefix": false,
        "postfix": false,
        "binop": null
      },
      "start": 422,
      "end": 423,
      "loc": {
        "start": {
          "line": 11,
          "column": 2
        },
        "end": {
          "line": 11,
          "column": 3
        }
      }
    },
    {
      "type": {
        "label": ")",
        "beforeExpr": false,
        "startsExpr": false,
        "rightAssociative": false,
        "isLoop": false,
        "isAssign": false,
        "prefix": false,
        "postfix": false,
        "binop": null
      },
      "start": 423,
      "end": 424,
      "loc": {
        "start": {
          "line": 11,
          "column": 3
        },
        "end": {
          "line": 11,
          "column": 4
        }
      }
    },
    {
      "type": {
        "label": ";",
        "beforeExpr": true,
        "startsExpr": false,
        "rightAssociative": false,
        "isLoop": false,
        "isAssign": false,
        "prefix": false,
        "postfix": false,
        "binop": null,
        "updateContext": null
      },
      "start": 424,
      "end": 425,
      "loc": {
        "start": {
          "line": 11,
          "column": 4
        },
        "end": {
          "line": 11,
          "column": 5
        }
      }
    },
    {
      "type": {
        "label": "}",
        "beforeExpr": false,
        "startsExpr": false,
        "rightAssociative": false,
        "isLoop": false,
        "isAssign": false,
        "prefix": false,
        "postfix": false,
        "binop": null
      },
      "start": 426,
      "end": 427,
      "loc": {
        "start": {
          "line": 12,
          "column": 0
        },
        "end": {
          "line": 12,
          "column": 1
        }
      }
    },
    {
      "type": {
        "label": ")",
        "beforeExpr": false,
        "startsExpr": false,
        "rightAssociative": false,
        "isLoop": false,
        "isAssign": false,
        "prefix": false,
        "postfix": false,
        "binop": null
      },
      "start": 427,
      "end": 428,
      "loc": {
        "start": {
          "line": 12,
          "column": 1
        },
        "end": {
          "line": 12,
          "column": 2
        }
      }
    },
    {
      "type": {
        "label": ";",
        "beforeExpr": true,
        "startsExpr": false,
        "rightAssociative": false,
        "isLoop": false,
        "isAssign": false,
        "prefix": false,
        "postfix": false,
        "binop": null,
        "updateContext": null
      },
      "start": 428,
      "end": 429,
      "loc": {
        "start": {
          "line": 12,
          "column": 2
        },
        "end": {
          "line": 12,
          "column": 3
        }
      }
    },
    {
      "type": {
        "label": "eof",
        "beforeExpr": false,
        "startsExpr": false,
        "rightAssociative": false,
        "isLoop": false,
        "isAssign": false,
        "prefix": false,
        "postfix": false,
        "binop": null,
        "updateContext": null
      },
      "start": 430,
      "end": 430,
      "loc": {
        "start": {
          "line": 13,
          "column": 0
        },
        "end": {
          "line": 13,
          "column": 0
        }
      }
    }
  ]
}