{
  "type": "File",
  "start": 0,
  "end": 265,
  "loc": {
    "start": {
      "line": 1,
      "column": 0
    },
    "end": {
      "line": 13,
      "column": 0
    }
  },
  "program": {
    "type": "Program",
    "start": 0,
    "end": 265,
    "loc": {
      "start": {
        "line": 1,
        "column": 0
      },
      "end": {
        "line": 13,
        "column": 0
      }
    },
    "sourceType": "module",
    "body": [
      {
        "type": "ImportDeclaration",
        "start": 0,
        "end": 45,
        "loc": {
          "start": {
            "line": 1,
            "column": 0
          },
          "end": {
            "line": 1,
            "column": 45
          }
        },
        "specifiers": [
          {
            "type": "ImportDefaultSpecifier",
            "start": 7,
            "end": 19,
            "loc": {
              "start": {
                "line": 1,
                "column": 7
              },
              "end": {
                "line": 1,
                "column": 19
              }
            },
            "local": {
              "type": "Identifier",
              "start": 7,
              "end": 19,
              "loc": {
                "start": {
                  "line": 1,
                  "column": 7
                },
                "end": {
                  "line": 1,
                  "column": 19
                },
                "identifierName": "baseEditForm"
              },
              "name": "baseEditForm"
            }
          }
        ],
        "source": {
          "type": "StringLiteral",
          "start": 25,
          "end": 44,
          "loc": {
            "start": {
              "line": 1,
              "column": 25
            },
            "end": {
              "line": 1,
              "column": 44
            }
          },
          "extra": {
            "rawValue": "../base/Base.form",
            "raw": "'../base/Base.form'"
          },
          "value": "../base/Base.form"
        }
      },
      {
        "type": "ImportDeclaration",
        "start": 47,
        "end": 112,
        "loc": {
          "start": {
            "line": 3,
            "column": 0
          },
          "end": {
            "line": 3,
            "column": 65
          }
        },
        "specifiers": [
          {
            "type": "ImportDefaultSpecifier",
            "start": 54,
            "end": 72,
            "loc": {
              "start": {
                "line": 3,
                "column": 7
              },
              "end": {
                "line": 3,
                "column": 25
              }
            },
            "local": {
              "type": "Identifier",
              "start": 54,
              "end": 72,
              "loc": {
                "start": {
                  "line": 3,
                  "column": 7
                },
                "end": {
                  "line": 3,
                  "column": 25
                },
                "identifierName": "AddressEditDisplay"
              },
              "name": "AddressEditDisplay"
            }
          }
        ],
        "source": {
          "type": "StringLiteral",
          "start": 78,
          "end": 111,
          "loc": {
            "start": {
              "line": 3,
              "column": 31
            },
            "end": {
              "line": 3,
              "column": 64
            }
          },
          "extra": {
            "rawValue": "./editForm/Address.edit.display",
            "raw": "'./editForm/Address.edit.display'"
          },
          "value": "./editForm/Address.edit.display"
        }
      },
      {
        "type": "ExportDefaultDeclaration",
        "start": 114,
        "end": 264,
        "loc": {
          "start": {
            "line": 5,
            "column": 0
          },
          "end": {
            "line": 12,
            "column": 1
          }
        },
        "declaration": {
          "type": "FunctionDeclaration",
          "start": 129,
          "end": 264,
          "loc": {
            "start": {
              "line": 5,
              "column": 15
            },
            "end": {
              "line": 12,
              "column": 1
            }
          },
          "id": null,
          "generator": false,
          "expression": false,
          "async": false,
          "params": [
            {
              "type": "RestElement",
              "start": 138,
              "end": 147,
              "loc": {
                "start": {
                  "line": 5,
                  "column": 24
                },
                "end": {
                  "line": 5,
                  "column": 33
                }
              },
              "argument": {
                "type": "Identifier",
                "start": 141,
                "end": 147,
                "loc": {
                  "start": {
                    "line": 5,
                    "column": 27
                  },
                  "end": {
                    "line": 5,
                    "column": 33
                  },
                  "identifierName": "extend"
                },
                "name": "extend"
              }
            }
          ],
          "body": {
            "type": "BlockStatement",
            "start": 149,
            "end": 264,
            "loc": {
              "start": {
                "line": 5,
                "column": 35
              },
              "end": {
                "line": 12,
                "column": 1
              }
            },
            "body": [
              {
                "type": "ReturnStatement",
                "start": 153,
                "end": 262,
                "loc": {
                  "start": {
                    "line": 6,
                    "column": 2
                  },
                  "end": {
                    "line": 11,
                    "column": 5
                  }
                },
                "argument": {
                  "type": "CallExpression",
                  "start": 160,
                  "end": 261,
                  "loc": {
                    "start": {
                      "line": 6,
                      "column": 9
                    },
                    "end": {
                      "line": 11,
                      "column": 4
                    }
                  },
                  "callee": {
                    "type": "Identifier",
                    "start": 160,
                    "end": 172,
                    "loc": {
                      "start": {
                        "line": 6,
                        "column": 9
                      },
                      "end": {
                        "line": 6,
                        "column": 21
                      },
                      "identifierName": "baseEditForm"
                    },
                    "name": "baseEditForm"
                  },
                  "arguments": [
                    {
                      "type": "SpreadElement",
                      "start": 173,
                      "end": 182,
                      "loc": {
                        "start": {
                          "line": 6,
                          "column": 22
                        },
                        "end": {
                          "line": 6,
                          "column": 31
                        }
                      },
                      "argument": {
                        "type": "Identifier",
                        "start": 176,
                        "end": 182,
                        "loc": {
                          "start": {
                            "line": 6,
                            "column": 25
                          },
                          "end": {
                            "line": 6,
                            "column": 31
                          },
                          "identifierName": "extend"
                        },
                        "name": "extend"
                      }
                    },
                    {
                      "type": "ArrayExpression",
                      "start": 184,
                      "end": 260,
                      "loc": {
                        "start": {
                          "line": 6,
                          "column": 33
                        },
                        "end": {
                          "line": 11,
                          "column": 3
                        }
                      },
                      "elements": [
                        {
                          "type": "ObjectExpression",
                          "start": 190,
                          "end": 256,
                          "loc": {
                            "start": {
                              "line": 7,
                              "column": 4
                            },
                            "end": {
                              "line": 10,
                              "column": 5
                            }
                          },
                          "properties": [
                            {
                              "type": "ObjectProperty",
                              "start": 198,
                              "end": 212,
                              "loc": {
                                "start": {
                                  "line": 8,
                                  "column": 6
                                },
                                "end": {
                                  "line": 8,
                                  "column": 20
                                }
                              },
                              "method": false,
                              "shorthand": false,
                              "computed": false,
                              "key": {
                                "type": "Identifier",
                                "start": 198,
                                "end": 201,
                                "loc": {
                                  "start": {
                                    "line": 8,
                                    "column": 6
                                  },
                                  "end": {
                                    "line": 8,
                                    "column": 9
                                  },
                                  "identifierName": "key"
                                },
                                "name": "key"
                              },
                              "value": {
                                "type": "StringLiteral",
                                "start": 203,
                                "end": 212,
                                "loc": {
                                  "start": {
                                    "line": 8,
                                    "column": 11
                                  },
                                  "end": {
                                    "line": 8,
                                    "column": 20
                                  }
                                },
                                "extra": {
                                  "rawValue": "display",
                                  "raw": "'display'"
                                },
                                "value": "display"
                              }
                            },
                            {
                              "type": "ObjectProperty",
                              "start": 220,
                              "end": 250,
                              "loc": {
                                "start": {
                                  "line": 9,
                                  "column": 6
                                },
                                "end": {
                                  "line": 9,
                                  "column": 36
                                }
                              },
                              "method": false,
                              "shorthand": false,
                              "computed": false,
                              "key": {
                                "type": "Identifier",
                                "start": 220,
                                "end": 230,
                                "loc": {
                                  "start": {
                                    "line": 9,
                                    "column": 6
                                  },
                                  "end": {
                                    "line": 9,
                                    "column": 16
                                  },
                                  "identifierName": "components"
                                },
                                "name": "components"
                              },
                              "value": {
                                "type": "Identifier",
                                "start": 232,
                                "end": 250,
                                "loc": {
                                  "start": {
                                    "line": 9,
                                    "column": 18
                                  },
                                  "end": {
                                    "line": 9,
                                    "column": 36
                                  },
                                  "identifierName": "AddressEditDisplay"
                                },
                                "name": "AddressEditDisplay"
                              }
                            }
                          ]
                        }
                      ]
                    }
                  ]
                }
              }
            ],
            "directives": []
          },
          "leadingComments": [],
          "trailingComments": []
        }
      }
    ],
    "directives": []
  },
  "comments": [],
  "tokens": [
    {
      "type": {
        "label": "import",
        "keyword": "import",
        "beforeExpr": false,
        "startsExpr": true,
        "rightAssociative": false,
        "isLoop": false,
        "isAssign": false,
        "prefix": false,
        "postfix": false,
        "binop": null,
        "updateContext": null
      },
      "value": "import",
      "start": 0,
      "end": 6,
      "loc": {
        "start": {
          "line": 1,
          "column": 0
        },
        "end": {
          "line": 1,
          "column": 6
        }
      }
    },
    {
      "type": {
        "label": "name",
        "beforeExpr": false,
        "startsExpr": true,
        "rightAssociative": false,
        "isLoop": false,
        "isAssign": false,
        "prefix": false,
        "postfix": false,
        "binop": null
      },
      "value": "baseEditForm",
      "start": 7,
      "end": 19,
      "loc": {
        "start": {
          "line": 1,
          "column": 7
        },
        "end": {
          "line": 1,
          "column": 19
        }
      }
    },
    {
      "type": {
        "label": "name",
        "beforeExpr": false,
        "startsExpr": true,
        "rightAssociative": false,
        "isLoop": false,
        "isAssign": false,
        "prefix": false,
        "postfix": false,
        "binop": null
      },
      "value": "from",
      "start": 20,
      "end": 24,
      "loc": {
        "start": {
          "line": 1,
          "column": 20
        },
        "end": {
          "line": 1,
          "column": 24
        }
      }
    },
    {
      "type": {
        "label": "string",
        "beforeExpr": false,
        "startsExpr": true,
        "rightAssociative": false,
        "isLoop": false,
        "isAssign": false,
        "prefix": false,
        "postfix": false,
        "binop": null,
        "updateContext": null
      },
      "value": "../base/Base.form",
      "start": 25,
      "end": 44,
      "loc": {
        "start": {
          "line": 1,
          "column": 25
        },
        "end": {
          "line": 1,
          "column": 44
        }
      }
    },
    {
      "type": {
        "label": ";",
        "beforeExpr": true,
        "startsExpr": false,
        "rightAssociative": false,
        "isLoop": false,
        "isAssign": false,
        "prefix": false,
        "postfix": false,
        "binop": null,
        "updateContext": null
      },
      "start": 44,
      "end": 45,
      "loc": {
        "start": {
          "line": 1,
          "column": 44
        },
        "end": {
          "line": 1,
          "column": 45
        }
      }
    },
    {
      "type": {
        "label": "import",
        "keyword": "import",
        "beforeExpr": false,
        "startsExpr": true,
        "rightAssociative": false,
        "isLoop": false,
        "isAssign": false,
        "prefix": false,
        "postfix": false,
        "binop": null,
        "updateContext": null
      },
      "value": "import",
      "start": 47,
      "end": 53,
      "loc": {
        "start": {
          "line": 3,
          "column": 0
        },
        "end": {
          "line": 3,
          "column": 6
        }
      }
    },
    {
      "type": {
        "label": "name",
        "beforeExpr": false,
        "startsExpr": true,
        "rightAssociative": false,
        "isLoop": false,
        "isAssign": false,
        "prefix": false,
        "postfix": false,
        "binop": null
      },
      "value": "AddressEditDisplay",
      "start": 54,
      "end": 72,
      "loc": {
        "start": {
          "line": 3,
          "column": 7
        },
        "end": {
          "line": 3,
          "column": 25
        }
      }
    },
    {
      "type": {
        "label": "name",
        "beforeExpr": false,
        "startsExpr": true,
        "rightAssociative": false,
        "isLoop": false,
        "isAssign": false,
        "prefix": false,
        "postfix": false,
        "binop": null
      },
      "value": "from",
      "start": 73,
      "end": 77,
      "loc": {
        "start": {
          "line": 3,
          "column": 26
        },
        "end": {
          "line": 3,
          "column": 30
        }
      }
    },
    {
      "type": {
        "label": "string",
        "beforeExpr": false,
        "startsExpr": true,
        "rightAssociative": false,
        "isLoop": false,
        "isAssign": false,
        "prefix": false,
        "postfix": false,
        "binop": null,
        "updateContext": null
      },
      "value": "./editForm/Address.edit.display",
      "start": 78,
      "end": 111,
      "loc": {
        "start": {
          "line": 3,
          "column": 31
        },
        "end": {
          "line": 3,
          "column": 64
        }
      }
    },
    {
      "type": {
        "label": ";",
        "beforeExpr": true,
        "startsExpr": false,
        "rightAssociative": false,
        "isLoop": false,
        "isAssign": false,
        "prefix": false,
        "postfix": false,
        "binop": null,
        "updateContext": null
      },
      "start": 111,
      "end": 112,
      "loc": {
        "start": {
          "line": 3,
          "column": 64
        },
        "end": {
          "line": 3,
          "column": 65
        }
      }
    },
    {
      "type": {
        "label": "export",
        "keyword": "export",
        "beforeExpr": false,
        "startsExpr": false,
        "rightAssociative": false,
        "isLoop": false,
        "isAssign": false,
        "prefix": false,
        "postfix": false,
        "binop": null,
        "updateContext": null
      },
      "value": "export",
      "start": 114,
      "end": 120,
      "loc": {
        "start": {
          "line": 5,
          "column": 0
        },
        "end": {
          "line": 5,
          "column": 6
        }
      }
    },
    {
      "type": {
        "label": "default",
        "keyword": "default",
        "beforeExpr": true,
        "startsExpr": false,
        "rightAssociative": false,
        "isLoop": false,
        "isAssign": false,
        "prefix": false,
        "postfix": false,
        "binop": null,
        "updateContext": null
      },
      "value": "default",
      "start": 121,
      "end": 128,
      "loc": {
        "start": {
          "line": 5,
          "column": 7
        },
        "end": {
          "line": 5,
          "column": 14
        }
      }
    },
    {
      "type": {
        "label": "function",
        "keyword": "function",
        "beforeExpr": false,
        "startsExpr": true,
        "rightAssociative": false,
        "isLoop": false,
        "isAssign": false,
        "prefix": false,
        "postfix": false,
        "binop": null
      },
      "value": "function",
      "start": 129,
      "end": 137,
      "loc": {
        "start": {
          "line": 5,
          "column": 15
        },
        "end": {
          "line": 5,
          "column": 23
        }
      }
    },
    {
      "type": {
        "label": "(",
        "beforeExpr": true,
        "startsExpr": true,
        "rightAssociative": false,
        "isLoop": false,
        "isAssign": false,
        "prefix": false,
        "postfix": false,
        "binop": null
      },
      "start": 137,
      "end": 138,
      "loc": {
        "start": {
          "line": 5,
          "column": 23
        },
        "end": {
          "line": 5,
          "column": 24
        }
      }
    },
    {
      "type": {
        "label": "...",
        "beforeExpr": true,
        "startsExpr": false,
        "rightAssociative": false,
        "isLoop": false,
        "isAssign": false,
        "prefix": false,
        "postfix": false,
        "binop": null,
        "updateContext": null
      },
      "start": 138,
      "end": 141,
      "loc": {
        "start": {
          "line": 5,
          "column": 24
        },
        "end": {
          "line": 5,
          "column": 27
        }
      }
    },
    {
      "type": {
        "label": "name",
        "beforeExpr": false,
        "startsExpr": true,
        "rightAssociative": false,
        "isLoop": false,
        "isAssign": false,
        "prefix": false,
        "postfix": false,
        "binop": null
      },
      "value": "extend",
      "start": 141,
      "end": 147,
      "loc": {
        "start": {
          "line": 5,
          "column": 27
        },
        "end": {
          "line": 5,
          "column": 33
        }
      }
    },
    {
      "type": {
        "label": ")",
        "beforeExpr": false,
        "startsExpr": false,
        "rightAssociative": false,
        "isLoop": false,
        "isAssign": false,
        "prefix": false,
        "postfix": false,
        "binop": null
      },
      "start": 147,
      "end": 148,
      "loc": {
        "start": {
          "line": 5,
          "column": 33
        },
        "end": {
          "line": 5,
          "column": 34
        }
      }
    },
    {
      "type": {
        "label": "{",
        "beforeExpr": true,
        "startsExpr": true,
        "rightAssociative": false,
        "isLoop": false,
        "isAssign": false,
        "prefix": false,
        "postfix": false,
        "binop": null
      },
      "start": 149,
      "end": 150,
      "loc": {
        "start": {
          "line": 5,
          "column": 35
        },
        "end": {
          "line": 5,
          "column": 36
        }
      }
    },
    {
      "type": {
        "label": "return",
        "keyword": "return",
        "beforeExpr": true,
        "startsExpr": false,
        "rightAssociative": false,
        "isLoop": false,
        "isAssign": false,
        "prefix": false,
        "postfix": false,
        "binop": null,
        "updateContext": null
      },
      "value": "return",
      "start": 153,
      "end": 159,
      "loc": {
        "start": {
          "line": 6,
          "column": 2
        },
        "end": {
          "line": 6,
          "column": 8
        }
      }
    },
    {
      "type": {
        "label": "name",
        "beforeExpr": false,
        "startsExpr": true,
        "rightAssociative": false,
        "isLoop": false,
        "isAssign": false,
        "prefix": false,
        "postfix": false,
        "binop": null
      },
      "value": "baseEditForm",
      "start": 160,
      "end": 172,
      "loc": {
        "start": {
          "line": 6,
          "column": 9
        },
        "end": {
          "line": 6,
          "column": 21
        }
      }
    },
    {
      "type": {
        "label": "(",
        "beforeExpr": true,
        "startsExpr": true,
        "rightAssociative": false,
        "isLoop": false,
        "isAssign": false,
        "prefix": false,
        "postfix": false,
        "binop": null
      },
      "start": 172,
      "end": 173,
      "loc": {
        "start": {
          "line": 6,
          "column": 21
        },
        "end": {
          "line": 6,
          "column": 22
        }
      }
    },
    {
      "type": {
        "label": "...",
        "beforeExpr": true,
        "startsExpr": false,
        "rightAssociative": false,
        "isLoop": false,
        "isAssign": false,
        "prefix": false,
        "postfix": false,
        "binop": null,
        "updateContext": null
      },
      "start": 173,
      "end": 176,
      "loc": {
        "start": {
          "line": 6,
          "column": 22
        },
        "end": {
          "line": 6,
          "column": 25
        }
      }
    },
    {
      "type": {
        "label": "name",
        "beforeExpr": false,
        "startsExpr": true,
        "rightAssociative": false,
        "isLoop": false,
        "isAssign": false,
        "prefix": false,
        "postfix": false,
        "binop": null
      },
      "value": "extend",
      "start": 176,
      "end": 182,
      "loc": {
        "start": {
          "line": 6,
          "column": 25
        },
        "end": {
          "line": 6,
          "column": 31
        }
      }
    },
    {
      "type": {
        "label": ",",
        "beforeExpr": true,
        "startsExpr": false,
        "rightAssociative": false,
        "isLoop": false,
        "isAssign": false,
        "prefix": false,
        "postfix": false,
        "binop": null,
        "updateContext": null
      },
      "start": 182,
      "end": 183,
      "loc": {
        "start": {
          "line": 6,
          "column": 31
        },
        "end": {
          "line": 6,
          "column": 32
        }
      }
    },
    {
      "type": {
        "label": "[",
        "beforeExpr": true,
        "startsExpr": true,
        "rightAssociative": false,
        "isLoop": false,
        "isAssign": false,
        "prefix": false,
        "postfix": false,
        "binop": null,
        "updateContext": null
      },
      "start": 184,
      "end": 185,
      "loc": {
        "start": {
          "line": 6,
          "column": 33
        },
        "end": {
          "line": 6,
          "column": 34
        }
      }
    },
    {
      "type": {
        "label": "{",
        "beforeExpr": true,
        "startsExpr": true,
        "rightAssociative": false,
        "isLoop": false,
        "isAssign": false,
        "prefix": false,
        "postfix": false,
        "binop": null
      },
      "start": 190,
      "end": 191,
      "loc": {
        "start": {
          "line": 7,
          "column": 4
        },
        "end": {
          "line": 7,
          "column": 5
        }
      }
    },
    {
      "type": {
        "label": "name",
        "beforeExpr": false,
        "startsExpr": true,
        "rightAssociative": false,
        "isLoop": false,
        "isAssign": false,
        "prefix": false,
        "postfix": false,
        "binop": null
      },
      "value": "key",
      "start": 198,
      "end": 201,
      "loc": {
        "start": {
          "line": 8,
          "column": 6
        },
        "end": {
          "line": 8,
          "column": 9
        }
      }
    },
    {
      "type": {
        "label": ":",
        "beforeExpr": true,
        "startsExpr": false,
        "rightAssociative": false,
        "isLoop": false,
        "isAssign": false,
        "prefix": false,
        "postfix": false,
        "binop": null,
        "updateContext": null
      },
      "start": 201,
      "end": 202,
      "loc": {
        "start": {
          "line": 8,
          "column": 9
        },
        "end": {
          "line": 8,
          "column": 10
        }
      }
    },
    {
      "type": {
        "label": "string",
        "beforeExpr": false,
        "startsExpr": true,
        "rightAssociative": false,
        "isLoop": false,
        "isAssign": false,
        "prefix": false,
        "postfix": false,
        "binop": null,
        "updateContext": null
      },
      "value": "display",
      "start": 203,
      "end": 212,
      "loc": {
        "start": {
          "line": 8,
          "column": 11
        },
        "end": {
          "line": 8,
          "column": 20
        }
      }
    },
    {
      "type": {
        "label": ",",
        "beforeExpr": true,
        "startsExpr": false,
        "rightAssociative": false,
        "isLoop": false,
        "isAssign": false,
        "prefix": false,
        "postfix": false,
        "binop": null,
        "updateContext": null
      },
      "start": 212,
      "end": 213,
      "loc": {
        "start": {
          "line": 8,
          "column": 20
        },
        "end": {
          "line": 8,
          "column": 21
        }
      }
    },
    {
      "type": {
        "label": "name",
        "beforeExpr": false,
        "startsExpr": true,
        "rightAssociative": false,
        "isLoop": false,
        "isAssign": false,
        "prefix": false,
        "postfix": false,
        "binop": null
      },
      "value": "components",
      "start": 220,
      "end": 230,
      "loc": {
        "start": {
          "line": 9,
          "column": 6
        },
        "end": {
          "line": 9,
          "column": 16
        }
      }
    },
    {
      "type": {
        "label": ":",
        "beforeExpr": true,
        "startsExpr": false,
        "rightAssociative": false,
        "isLoop": false,
        "isAssign": false,
        "prefix": false,
        "postfix": false,
        "binop": null,
        "updateContext": null
      },
      "start": 230,
      "end": 231,
      "loc": {
        "start": {
          "line": 9,
          "column": 16
        },
        "end": {
          "line": 9,
          "column": 17
        }
      }
    },
    {
      "type": {
        "label": "name",
        "beforeExpr": false,
        "startsExpr": true,
        "rightAssociative": false,
        "isLoop": false,
        "isAssign": false,
        "prefix": false,
        "postfix": false,
        "binop": null
      },
      "value": "AddressEditDisplay",
      "start": 232,
      "end": 250,
      "loc": {
        "start": {
          "line": 9,
          "column": 18
        },
        "end": {
          "line": 9,
          "column": 36
        }
      }
    },
    {
      "type": {
        "label": "}",
        "beforeExpr": false,
        "startsExpr": false,
        "rightAssociative": false,
        "isLoop": false,
        "isAssign": false,
        "prefix": false,
        "postfix": false,
        "binop": null
      },
      "start": 255,
      "end": 256,
      "loc": {
        "start": {
          "line": 10,
          "column": 4
        },
        "end": {
          "line": 10,
          "column": 5
        }
      }
    },
    {
      "type": {
        "label": "]",
        "beforeExpr": false,
        "startsExpr": false,
        "rightAssociative": false,
        "isLoop": false,
        "isAssign": false,
        "prefix": false,
        "postfix": false,
        "binop": null,
        "updateContext": null
      },
      "start": 259,
      "end": 260,
      "loc": {
        "start": {
          "line": 11,
          "column": 2
        },
        "end": {
          "line": 11,
          "column": 3
        }
      }
    },
    {
      "type": {
        "label": ")",
        "beforeExpr": false,
        "startsExpr": false,
        "rightAssociative": false,
        "isLoop": false,
        "isAssign": false,
        "prefix": false,
        "postfix": false,
        "binop": null
      },
      "start": 260,
      "end": 261,
      "loc": {
        "start": {
          "line": 11,
          "column": 3
        },
        "end": {
          "line": 11,
          "column": 4
        }
      }
    },
    {
      "type": {
        "label": ";",
        "beforeExpr": true,
        "startsExpr": false,
        "rightAssociative": false,
        "isLoop": false,
        "isAssign": false,
        "prefix": false,
        "postfix": false,
        "binop": null,
        "updateContext": null
      },
      "start": 261,
      "end": 262,
      "loc": {
        "start": {
          "line": 11,
          "column": 4
        },
        "end": {
          "line": 11,
          "column": 5
        }
      }
    },
    {
      "type": {
        "label": "}",
        "beforeExpr": false,
        "startsExpr": false,
        "rightAssociative": false,
        "isLoop": false,
        "isAssign": false,
        "prefix": false,
        "postfix": false,
        "binop": null
      },
      "start": 263,
      "end": 264,
      "loc": {
        "start": {
          "line": 12,
          "column": 0
        },
        "end": {
          "line": 12,
          "column": 1
        }
      }
    },
    {
      "type": {
        "label": "eof",
        "beforeExpr": false,
        "startsExpr": false,
        "rightAssociative": false,
        "isLoop": false,
        "isAssign": false,
        "prefix": false,
        "postfix": false,
        "binop": null,
        "updateContext": null
      },
      "start": 265,
      "end": 265,
      "loc": {
        "start": {
          "line": 13,
          "column": 0
        },
        "end": {
          "line": 13,
          "column": 0
        }
      }
    }
  ]
}