{
  "type": "File",
  "start": 0,
  "end": 424,
  "loc": {
    "start": {
      "line": 1,
      "column": 0
    },
    "end": {
      "line": 25,
      "column": 0
    }
  },
  "program": {
    "type": "Program",
    "start": 0,
    "end": 424,
    "loc": {
      "start": {
        "line": 1,
        "column": 0
      },
      "end": {
        "line": 25,
        "column": 0
      }
    },
    "sourceType": "module",
    "body": [
      {
        "type": "ExportDefaultDeclaration",
        "start": 0,
        "end": 423,
        "loc": {
          "start": {
            "line": 1,
            "column": 0
          },
          "end": {
            "line": 24,
            "column": 2
          }
        },
        "declaration": {
          "type": "ArrayExpression",
          "start": 15,
          "end": 422,
          "loc": {
            "start": {
              "line": 1,
              "column": 15
            },
            "end": {
              "line": 24,
              "column": 1
            }
          },
          "elements": [
            {
              "type": "ObjectExpression",
              "start": 19,
              "end": 420,
              "loc": {
                "start": {
                  "line": 2,
                  "column": 2
                },
                "end": {
                  "line": 23,
                  "column": 3
                }
              },
              "properties": [
                {
                  "type": "ObjectProperty",
                  "start": 25,
                  "end": 42,
                  "loc": {
                    "start": {
                      "line": 3,
                      "column": 4
                    },
                    "end": {
                      "line": 3,
                      "column": 21
                    }
                  },
                  "method": false,
                  "shorthand": false,
                  "computed": false,
                  "key": {
                    "type": "Identifier",
                    "start": 25,
                    "end": 28,
                    "loc": {
                      "start": {
                        "line": 3,
                        "column": 4
                      },
                      "end": {
                        "line": 3,
                        "column": 7
                      },
                      "identifierName": "key"
                    },
                    "name": "key"
                  },
                  "value": {
                    "type": "StringLiteral",
                    "start": 30,
                    "end": 42,
                    "loc": {
                      "start": {
                        "line": 3,
                        "column": 9
                      },
                      "end": {
                        "line": 3,
                        "column": 21
                      }
                    },
                    "extra": {
                      "rawValue": "components",
                      "raw": "'components'"
                    },
                    "value": "components"
                  }
                },
                {
                  "type": "ObjectProperty",
                  "start": 48,
                  "end": 64,
                  "loc": {
                    "start": {
                      "line": 4,
                      "column": 4
                    },
                    "end": {
                      "line": 4,
                      "column": 20
                    }
                  },
                  "method": false,
                  "shorthand": false,
                  "computed": false,
                  "key": {
                    "type": "Identifier",
                    "start": 48,
                    "end": 52,
                    "loc": {
                      "start": {
                        "line": 4,
                        "column": 4
                      },
                      "end": {
                        "line": 4,
                        "column": 8
                      },
                      "identifierName": "type"
                    },
                    "name": "type"
                  },
                  "value": {
                    "type": "StringLiteral",
                    "start": 54,
                    "end": 64,
                    "loc": {
                      "start": {
                        "line": 4,
                        "column": 10
                      },
                      "end": {
                        "line": 4,
                        "column": 20
                      }
                    },
                    "extra": {
                      "rawValue": "datagrid",
                      "raw": "'datagrid'"
                    },
                    "value": "datagrid"
                  }
                },
                {
                  "type": "ObjectProperty",
                  "start": 70,
                  "end": 81,
                  "loc": {
                    "start": {
                      "line": 5,
                      "column": 4
                    },
                    "end": {
                      "line": 5,
                      "column": 15
                    }
                  },
                  "method": false,
                  "shorthand": false,
                  "computed": false,
                  "key": {
                    "type": "Identifier",
                    "start": 70,
                    "end": 75,
                    "loc": {
                      "start": {
                        "line": 5,
                        "column": 4
                      },
                      "end": {
                        "line": 5,
                        "column": 9
                      },
                      "identifierName": "input"
                    },
                    "name": "input"
                  },
                  "value": {
                    "type": "BooleanLiteral",
                    "start": 77,
                    "end": 81,
                    "loc": {
                      "start": {
                        "line": 5,
                        "column": 11
                      },
                      "end": {
                        "line": 5,
                        "column": 15
                      }
                    },
                    "value": true
                  }
                },
                {
                  "type": "ObjectProperty",
                  "start": 87,
                  "end": 100,
                  "loc": {
                    "start": {
                      "line": 6,
                      "column": 4
                    },
                    "end": {
                      "line": 6,
                      "column": 17
                    }
                  },
                  "method": false,
                  "shorthand": false,
                  "computed": false,
                  "key": {
                    "type": "Identifier",
                    "start": 87,
                    "end": 92,
                    "loc": {
                      "start": {
                        "line": 6,
                        "column": 4
                      },
                      "end": {
                        "line": 6,
                        "column": 9
                      },
                      "identifierName": "label"
                    },
                    "name": "label"
                  },
                  "value": {
                    "type": "StringLiteral",
                    "start": 94,
                    "end": 100,
                    "loc": {
                      "start": {
                        "line": 6,
                        "column": 11
                      },
                      "end": {
                        "line": 6,
                        "column": 17
                      }
                    },
                    "extra": {
                      "rawValue": "Tabs",
                      "raw": "'Tabs'"
                    },
                    "value": "Tabs"
                  }
                },
                {
                  "type": "ObjectProperty",
                  "start": 106,
                  "end": 116,
                  "loc": {
                    "start": {
                      "line": 7,
                      "column": 4
                    },
                    "end": {
                      "line": 7,
                      "column": 14
                    }
                  },
                  "method": false,
                  "shorthand": false,
                  "computed": false,
                  "key": {
                    "type": "Identifier",
                    "start": 106,
                    "end": 112,
                    "loc": {
                      "start": {
                        "line": 7,
                        "column": 4
                      },
                      "end": {
                        "line": 7,
                        "column": 10
                      },
                      "identifierName": "weight"
                    },
                    "name": "weight"
                  },
                  "value": {
                    "type": "NumericLiteral",
                    "start": 114,
                    "end": 116,
                    "loc": {
                      "start": {
                        "line": 7,
                        "column": 12
                      },
                      "end": {
                        "line": 7,
                        "column": 14
                      }
                    },
                    "extra": {
                      "rawValue": 50,
                      "raw": "50"
                    },
                    "value": 50
                  }
                },
                {
                  "type": "ObjectProperty",
                  "start": 122,
                  "end": 416,
                  "loc": {
                    "start": {
                      "line": 8,
                      "column": 4
                    },
                    "end": {
                      "line": 22,
                      "column": 5
                    }
                  },
                  "method": false,
                  "shorthand": false,
                  "computed": false,
                  "key": {
                    "type": "Identifier",
                    "start": 122,
                    "end": 132,
                    "loc": {
                      "start": {
                        "line": 8,
                        "column": 4
                      },
                      "end": {
                        "line": 8,
                        "column": 14
                      },
                      "identifierName": "components"
                    },
                    "name": "components"
                  },
                  "value": {
                    "type": "ArrayExpression",
                    "start": 134,
                    "end": 416,
                    "loc": {
                      "start": {
                        "line": 8,
                        "column": 16
                      },
                      "end": {
                        "line": 22,
                        "column": 5
                      }
                    },
                    "elements": [
                      {
                        "type": "ObjectExpression",
                        "start": 142,
                        "end": 244,
                        "loc": {
                          "start": {
                            "line": 9,
                            "column": 6
                          },
                          "end": {
                            "line": 14,
                            "column": 7
                          }
                        },
                        "properties": [
                          {
                            "type": "ObjectProperty",
                            "start": 152,
                            "end": 169,
                            "loc": {
                              "start": {
                                "line": 10,
                                "column": 8
                              },
                              "end": {
                                "line": 10,
                                "column": 25
                              }
                            },
                            "method": false,
                            "shorthand": false,
                            "computed": false,
                            "key": {
                              "type": "Identifier",
                              "start": 152,
                              "end": 156,
                              "loc": {
                                "start": {
                                  "line": 10,
                                  "column": 8
                                },
                                "end": {
                                  "line": 10,
                                  "column": 12
                                },
                                "identifierName": "type"
                              },
                              "name": "type"
                            },
                            "value": {
                              "type": "StringLiteral",
                              "start": 158,
                              "end": 169,
                              "loc": {
                                "start": {
                                  "line": 10,
                                  "column": 14
                                },
                                "end": {
                                  "line": 10,
                                  "column": 25
                                }
                              },
                              "extra": {
                                "rawValue": "textfield",
                                "raw": "'textfield'"
                              },
                              "value": "textfield"
                            }
                          },
                          {
                            "type": "ObjectProperty",
                            "start": 179,
                            "end": 190,
                            "loc": {
                              "start": {
                                "line": 11,
                                "column": 8
                              },
                              "end": {
                                "line": 11,
                                "column": 19
                              }
                            },
                            "method": false,
                            "shorthand": false,
                            "computed": false,
                            "key": {
                              "type": "Identifier",
                              "start": 179,
                              "end": 184,
                              "loc": {
                                "start": {
                                  "line": 11,
                                  "column": 8
                                },
                                "end": {
                                  "line": 11,
                                  "column": 13
                                },
                                "identifierName": "input"
                              },
                              "name": "input"
                            },
                            "value": {
                              "type": "BooleanLiteral",
                              "start": 186,
                              "end": 190,
                              "loc": {
                                "start": {
                                  "line": 11,
                                  "column": 15
                                },
                                "end": {
                                  "line": 11,
                                  "column": 19
                                }
                              },
                              "value": true
                            }
                          },
                          {
                            "type": "ObjectProperty",
                            "start": 200,
                            "end": 212,
                            "loc": {
                              "start": {
                                "line": 12,
                                "column": 8
                              },
                              "end": {
                                "line": 12,
                                "column": 20
                              }
                            },
                            "method": false,
                            "shorthand": false,
                            "computed": false,
                            "key": {
                              "type": "Identifier",
                              "start": 200,
                              "end": 203,
                              "loc": {
                                "start": {
                                  "line": 12,
                                  "column": 8
                                },
                                "end": {
                                  "line": 12,
                                  "column": 11
                                },
                                "identifierName": "key"
                              },
                              "name": "key"
                            },
                            "value": {
                              "type": "StringLiteral",
                              "start": 205,
                              "end": 212,
                              "loc": {
                                "start": {
                                  "line": 12,
                                  "column": 13
                                },
                                "end": {
                                  "line": 12,
                                  "column": 20
                                }
                              },
                              "extra": {
                                "rawValue": "label",
                                "raw": "'label'"
                              },
                              "value": "label"
                            }
                          },
                          {
                            "type": "ObjectProperty",
                            "start": 222,
                            "end": 236,
                            "loc": {
                              "start": {
                                "line": 13,
                                "column": 8
                              },
                              "end": {
                                "line": 13,
                                "column": 22
                              }
                            },
                            "method": false,
                            "shorthand": false,
                            "computed": false,
                            "key": {
                              "type": "Identifier",
                              "start": 222,
                              "end": 227,
                              "loc": {
                                "start": {
                                  "line": 13,
                                  "column": 8
                                },
                                "end": {
                                  "line": 13,
                                  "column": 13
                                },
                                "identifierName": "label"
                              },
                              "name": "label"
                            },
                            "value": {
                              "type": "StringLiteral",
                              "start": 229,
                              "end": 236,
                              "loc": {
                                "start": {
                                  "line": 13,
                                  "column": 15
                                },
                                "end": {
                                  "line": 13,
                                  "column": 22
                                }
                              },
                              "extra": {
                                "rawValue": "Label",
                                "raw": "'Label'"
                              },
                              "value": "Label"
                            }
                          }
                        ]
                      },
                      {
                        "type": "ObjectExpression",
                        "start": 252,
                        "end": 410,
                        "loc": {
                          "start": {
                            "line": 15,
                            "column": 6
                          },
                          "end": {
                            "line": 21,
                            "column": 7
                          }
                        },
                        "properties": [
                          {
                            "type": "ObjectProperty",
                            "start": 262,
                            "end": 279,
                            "loc": {
                              "start": {
                                "line": 16,
                                "column": 8
                              },
                              "end": {
                                "line": 16,
                                "column": 25
                              }
                            },
                            "method": false,
                            "shorthand": false,
                            "computed": false,
                            "key": {
                              "type": "Identifier",
                              "start": 262,
                              "end": 266,
                              "loc": {
                                "start": {
                                  "line": 16,
                                  "column": 8
                                },
                                "end": {
                                  "line": 16,
                                  "column": 12
                                },
                                "identifierName": "type"
                              },
                              "name": "type"
                            },
                            "value": {
                              "type": "StringLiteral",
                              "start": 268,
                              "end": 279,
                              "loc": {
                                "start": {
                                  "line": 16,
                                  "column": 14
                                },
                                "end": {
                                  "line": 16,
                                  "column": 25
                                }
                              },
                              "extra": {
                                "rawValue": "textfield",
                                "raw": "'textfield'"
                              },
                              "value": "textfield"
                            }
                          },
                          {
                            "type": "ObjectProperty",
                            "start": 289,
                            "end": 300,
                            "loc": {
                              "start": {
                                "line": 17,
                                "column": 8
                              },
                              "end": {
                                "line": 17,
                                "column": 19
                              }
                            },
                            "method": false,
                            "shorthand": false,
                            "computed": false,
                            "key": {
                              "type": "Identifier",
                              "start": 289,
                              "end": 294,
                              "loc": {
                                "start": {
                                  "line": 17,
                                  "column": 8
                                },
                                "end": {
                                  "line": 17,
                                  "column": 13
                                },
                                "identifierName": "input"
                              },
                              "name": "input"
                            },
                            "value": {
                              "type": "BooleanLiteral",
                              "start": 296,
                              "end": 300,
                              "loc": {
                                "start": {
                                  "line": 17,
                                  "column": 15
                                },
                                "end": {
                                  "line": 17,
                                  "column": 19
                                }
                              },
                              "value": true
                            }
                          },
                          {
                            "type": "ObjectProperty",
                            "start": 310,
                            "end": 320,
                            "loc": {
                              "start": {
                                "line": 18,
                                "column": 8
                              },
                              "end": {
                                "line": 18,
                                "column": 18
                              }
                            },
                            "method": false,
                            "shorthand": false,
                            "computed": false,
                            "key": {
                              "type": "Identifier",
                              "start": 310,
                              "end": 313,
                              "loc": {
                                "start": {
                                  "line": 18,
                                  "column": 8
                                },
                                "end": {
                                  "line": 18,
                                  "column": 11
                                },
                                "identifierName": "key"
                              },
                              "name": "key"
                            },
                            "value": {
                              "type": "StringLiteral",
                              "start": 315,
                              "end": 320,
                              "loc": {
                                "start": {
                                  "line": 18,
                                  "column": 13
                                },
                                "end": {
                                  "line": 18,
                                  "column": 18
                                }
                              },
                              "extra": {
                                "rawValue": "key",
                                "raw": "'key'"
                              },
                              "value": "key"
                            }
                          },
                          {
                            "type": "ObjectProperty",
                            "start": 330,
                            "end": 342,
                            "loc": {
                              "start": {
                                "line": 19,
                                "column": 8
                              },
                              "end": {
                                "line": 19,
                                "column": 20
                              }
                            },
                            "method": false,
                            "shorthand": false,
                            "computed": false,
                            "key": {
                              "type": "Identifier",
                              "start": 330,
                              "end": 335,
                              "loc": {
                                "start": {
                                  "line": 19,
                                  "column": 8
                                },
                                "end": {
                                  "line": 19,
                                  "column": 13
                                },
                                "identifierName": "label"
                              },
                              "name": "label"
                            },
                            "value": {
                              "type": "StringLiteral",
                              "start": 337,
                              "end": 342,
                              "loc": {
                                "start": {
                                  "line": 19,
                                  "column": 15
                                },
                                "end": {
                                  "line": 19,
                                  "column": 20
                                }
                              },
                              "extra": {
                                "rawValue": "Key",
                                "raw": "'Key'"
                              },
                              "value": "Key"
                            }
                          },
                          {
                            "type": "ObjectProperty",
                            "start": 352,
                            "end": 402,
                            "loc": {
                              "start": {
                                "line": 20,
                                "column": 8
                              },
                              "end": {
                                "line": 20,
                                "column": 58
                              }
                            },
                            "method": false,
                            "shorthand": false,
                            "computed": false,
                            "key": {
                              "type": "Identifier",
                              "start": 352,
                              "end": 366,
                              "loc": {
                                "start": {
                                  "line": 20,
                                  "column": 8
                                },
                                "end": {
                                  "line": 20,
                                  "column": 22
                                },
                                "identifierName": "calculateValue"
                              },
                              "name": "calculateValue"
                            },
                            "value": {
                              "type": "ObjectExpression",
                              "start": 368,
                              "end": 402,
                              "loc": {
                                "start": {
                                  "line": 20,
                                  "column": 24
                                },
                                "end": {
                                  "line": 20,
                                  "column": 58
                                }
                              },
                              "properties": [
                                {
                                  "type": "ObjectProperty",
                                  "start": 369,
                                  "end": 401,
                                  "loc": {
                                    "start": {
                                      "line": 20,
                                      "column": 25
                                    },
                                    "end": {
                                      "line": 20,
                                      "column": 57
                                    }
                                  },
                                  "method": false,
                                  "shorthand": false,
                                  "computed": false,
                                  "key": {
                                    "type": "Identifier",
                                    "start": 369,
                                    "end": 379,
                                    "loc": {
                                      "start": {
                                        "line": 20,
                                        "column": 25
                                      },
                                      "end": {
                                        "line": 20,
                                        "column": 35
                                      },
                                      "identifierName": "_camelCase"
                                    },
                                    "name": "_camelCase"
                                  },
                                  "value": {
                                    "type": "ArrayExpression",
                                    "start": 381,
                                    "end": 401,
                                    "loc": {
                                      "start": {
                                        "line": 20,
                                        "column": 37
                                      },
                                      "end": {
                                        "line": 20,
                                        "column": 57
                                      }
                                    },
                                    "elements": [
                                      {
                                        "type": "ObjectExpression",
                                        "start": 382,
                                        "end": 400,
                                        "loc": {
                                          "start": {
                                            "line": 20,
                                            "column": 38
                                          },
                                          "end": {
                                            "line": 20,
                                            "column": 56
                                          }
                                        },
                                        "properties": [
                                          {
                                            "type": "ObjectProperty",
                                            "start": 383,
                                            "end": 399,
                                            "loc": {
                                              "start": {
                                                "line": 20,
                                                "column": 39
                                              },
                                              "end": {
                                                "line": 20,
                                                "column": 55
                                              }
                                            },
                                            "method": false,
                                            "shorthand": false,
                                            "computed": false,
                                            "key": {
                                              "type": "Identifier",
                                              "start": 383,
                                              "end": 386,
                                              "loc": {
                                                "start": {
                                                  "line": 20,
                                                  "column": 39
                                                },
                                                "end": {
                                                  "line": 20,
                                                  "column": 42
                                                },
                                                "identifierName": "var"
                                              },
                                              "name": "var"
                                            },
                                            "value": {
                                              "type": "StringLiteral",
                                              "start": 388,
                                              "end": 399,
                                              "loc": {
                                                "start": {
                                                  "line": 20,
                                                  "column": 44
                                                },
                                                "end": {
                                                  "line": 20,
                                                  "column": 55
                                                }
                                              },
                                              "extra": {
                                                "rawValue": "row.label",
                                                "raw": "'row.label'"
                                              },
                                              "value": "row.label"
                                            }
                                          }
                                        ]
                                      }
                                    ]
                                  }
                                }
                              ]
                            }
                          }
                        ]
                      }
                    ]
                  }
                }
              ]
            }
          ],
          "leadingComments": [],
          "trailingComments": []
        }
      }
    ],
    "directives": []
  },
  "comments": [],
  "tokens": [
    {
      "type": {
        "label": "export",
        "keyword": "export",
        "beforeExpr": false,
        "startsExpr": false,
        "rightAssociative": false,
        "isLoop": false,
        "isAssign": false,
        "prefix": false,
        "postfix": false,
        "binop": null,
        "updateContext": null
      },
      "value": "export",
      "start": 0,
      "end": 6,
      "loc": {
        "start": {
          "line": 1,
          "column": 0
        },
        "end": {
          "line": 1,
          "column": 6
        }
      }
    },
    {
      "type": {
        "label": "default",
        "keyword": "default",
        "beforeExpr": true,
        "startsExpr": false,
        "rightAssociative": false,
        "isLoop": false,
        "isAssign": false,
        "prefix": false,
        "postfix": false,
        "binop": null,
        "updateContext": null
      },
      "value": "default",
      "start": 7,
      "end": 14,
      "loc": {
        "start": {
          "line": 1,
          "column": 7
        },
        "end": {
          "line": 1,
          "column": 14
        }
      }
    },
    {
      "type": {
        "label": "[",
        "beforeExpr": true,
        "startsExpr": true,
        "rightAssociative": false,
        "isLoop": false,
        "isAssign": false,
        "prefix": false,
        "postfix": false,
        "binop": null,
        "updateContext": null
      },
      "start": 15,
      "end": 16,
      "loc": {
        "start": {
          "line": 1,
          "column": 15
        },
        "end": {
          "line": 1,
          "column": 16
        }
      }
    },
    {
      "type": {
        "label": "{",
        "beforeExpr": true,
        "startsExpr": true,
        "rightAssociative": false,
        "isLoop": false,
        "isAssign": false,
        "prefix": false,
        "postfix": false,
        "binop": null
      },
      "start": 19,
      "end": 20,
      "loc": {
        "start": {
          "line": 2,
          "column": 2
        },
        "end": {
          "line": 2,
          "column": 3
        }
      }
    },
    {
      "type": {
        "label": "name",
        "beforeExpr": false,
        "startsExpr": true,
        "rightAssociative": false,
        "isLoop": false,
        "isAssign": false,
        "prefix": false,
        "postfix": false,
        "binop": null
      },
      "value": "key",
      "start": 25,
      "end": 28,
      "loc": {
        "start": {
          "line": 3,
          "column": 4
        },
        "end": {
          "line": 3,
          "column": 7
        }
      }
    },
    {
      "type": {
        "label": ":",
        "beforeExpr": true,
        "startsExpr": false,
        "rightAssociative": false,
        "isLoop": false,
        "isAssign": false,
        "prefix": false,
        "postfix": false,
        "binop": null,
        "updateContext": null
      },
      "start": 28,
      "end": 29,
      "loc": {
        "start": {
          "line": 3,
          "column": 7
        },
        "end": {
          "line": 3,
          "column": 8
        }
      }
    },
    {
      "type": {
        "label": "string",
        "beforeExpr": false,
        "startsExpr": true,
        "rightAssociative": false,
        "isLoop": false,
        "isAssign": false,
        "prefix": false,
        "postfix": false,
        "binop": null,
        "updateContext": null
      },
      "value": "components",
      "start": 30,
      "end": 42,
      "loc": {
        "start": {
          "line": 3,
          "column": 9
        },
        "end": {
          "line": 3,
          "column": 21
        }
      }
    },
    {
      "type": {
        "label": ",",
        "beforeExpr": true,
        "startsExpr": false,
        "rightAssociative": false,
        "isLoop": false,
        "isAssign": false,
        "prefix": false,
        "postfix": false,
        "binop": null,
        "updateContext": null
      },
      "start": 42,
      "end": 43,
      "loc": {
        "start": {
          "line": 3,
          "column": 21
        },
        "end": {
          "line": 3,
          "column": 22
        }
      }
    },
    {
      "type": {
        "label": "name",
        "beforeExpr": false,
        "startsExpr": true,
        "rightAssociative": false,
        "isLoop": false,
        "isAssign": false,
        "prefix": false,
        "postfix": false,
        "binop": null
      },
      "value": "type",
      "start": 48,
      "end": 52,
      "loc": {
        "start": {
          "line": 4,
          "column": 4
        },
        "end": {
          "line": 4,
          "column": 8
        }
      }
    },
    {
      "type": {
        "label": ":",
        "beforeExpr": true,
        "startsExpr": false,
        "rightAssociative": false,
        "isLoop": false,
        "isAssign": false,
        "prefix": false,
        "postfix": false,
        "binop": null,
        "updateContext": null
      },
      "start": 52,
      "end": 53,
      "loc": {
        "start": {
          "line": 4,
          "column": 8
        },
        "end": {
          "line": 4,
          "column": 9
        }
      }
    },
    {
      "type": {
        "label": "string",
        "beforeExpr": false,
        "startsExpr": true,
        "rightAssociative": false,
        "isLoop": false,
        "isAssign": false,
        "prefix": false,
        "postfix": false,
        "binop": null,
        "updateContext": null
      },
      "value": "datagrid",
      "start": 54,
      "end": 64,
      "loc": {
        "start": {
          "line": 4,
          "column": 10
        },
        "end": {
          "line": 4,
          "column": 20
        }
      }
    },
    {
      "type": {
        "label": ",",
        "beforeExpr": true,
        "startsExpr": false,
        "rightAssociative": false,
        "isLoop": false,
        "isAssign": false,
        "prefix": false,
        "postfix": false,
        "binop": null,
        "updateContext": null
      },
      "start": 64,
      "end": 65,
      "loc": {
        "start": {
          "line": 4,
          "column": 20
        },
        "end": {
          "line": 4,
          "column": 21
        }
      }
    },
    {
      "type": {
        "label": "name",
        "beforeExpr": false,
        "startsExpr": true,
        "rightAssociative": false,
        "isLoop": false,
        "isAssign": false,
        "prefix": false,
        "postfix": false,
        "binop": null
      },
      "value": "input",
      "start": 70,
      "end": 75,
      "loc": {
        "start": {
          "line": 5,
          "column": 4
        },
        "end": {
          "line": 5,
          "column": 9
        }
      }
    },
    {
      "type": {
        "label": ":",
        "beforeExpr": true,
        "startsExpr": false,
        "rightAssociative": false,
        "isLoop": false,
        "isAssign": false,
        "prefix": false,
        "postfix": false,
        "binop": null,
        "updateContext": null
      },
      "start": 75,
      "end": 76,
      "loc": {
        "start": {
          "line": 5,
          "column": 9
        },
        "end": {
          "line": 5,
          "column": 10
        }
      }
    },
    {
      "type": {
        "label": "true",
        "keyword": "true",
        "beforeExpr": false,
        "startsExpr": true,
        "rightAssociative": false,
        "isLoop": false,
        "isAssign": false,
        "prefix": false,
        "postfix": false,
        "binop": null,
        "updateContext": null
      },
      "value": "true",
      "start": 77,
      "end": 81,
      "loc": {
        "start": {
          "line": 5,
          "column": 11
        },
        "end": {
          "line": 5,
          "column": 15
        }
      }
    },
    {
      "type": {
        "label": ",",
        "beforeExpr": true,
        "startsExpr": false,
        "rightAssociative": false,
        "isLoop": false,
        "isAssign": false,
        "prefix": false,
        "postfix": false,
        "binop": null,
        "updateContext": null
      },
      "start": 81,
      "end": 82,
      "loc": {
        "start": {
          "line": 5,
          "column": 15
        },
        "end": {
          "line": 5,
          "column": 16
        }
      }
    },
    {
      "type": {
        "label": "name",
        "beforeExpr": false,
        "startsExpr": true,
        "rightAssociative": false,
        "isLoop": false,
        "isAssign": false,
        "prefix": false,
        "postfix": false,
        "binop": null
      },
      "value": "label",
      "start": 87,
      "end": 92,
      "loc": {
        "start": {
          "line": 6,
          "column": 4
        },
        "end": {
          "line": 6,
          "column": 9
        }
      }
    },
    {
      "type": {
        "label": ":",
        "beforeExpr": true,
        "startsExpr": false,
        "rightAssociative": false,
        "isLoop": false,
        "isAssign": false,
        "prefix": false,
        "postfix": false,
        "binop": null,
        "updateContext": null
      },
      "start": 92,
      "end": 93,
      "loc": {
        "start": {
          "line": 6,
          "column": 9
        },
        "end": {
          "line": 6,
          "column": 10
        }
      }
    },
    {
      "type": {
        "label": "string",
        "beforeExpr": false,
        "startsExpr": true,
        "rightAssociative": false,
        "isLoop": false,
        "isAssign": false,
        "prefix": false,
        "postfix": false,
        "binop": null,
        "updateContext": null
      },
      "value": "Tabs",
      "start": 94,
      "end": 100,
      "loc": {
        "start": {
          "line": 6,
          "column": 11
        },
        "end": {
          "line": 6,
          "column": 17
        }
      }
    },
    {
      "type": {
        "label": ",",
        "beforeExpr": true,
        "startsExpr": false,
        "rightAssociative": false,
        "isLoop": false,
        "isAssign": false,
        "prefix": false,
        "postfix": false,
        "binop": null,
        "updateContext": null
      },
      "start": 100,
      "end": 101,
      "loc": {
        "start": {
          "line": 6,
          "column": 17
        },
        "end": {
          "line": 6,
          "column": 18
        }
      }
    },
    {
      "type": {
        "label": "name",
        "beforeExpr": false,
        "startsExpr": true,
        "rightAssociative": false,
        "isLoop": false,
        "isAssign": false,
        "prefix": false,
        "postfix": false,
        "binop": null
      },
      "value": "weight",
      "start": 106,
      "end": 112,
      "loc": {
        "start": {
          "line": 7,
          "column": 4
        },
        "end": {
          "line": 7,
          "column": 10
        }
      }
    },
    {
      "type": {
        "label": ":",
        "beforeExpr": true,
        "startsExpr": false,
        "rightAssociative": false,
        "isLoop": false,
        "isAssign": false,
        "prefix": false,
        "postfix": false,
        "binop": null,
        "updateContext": null
      },
      "start": 112,
      "end": 113,
      "loc": {
        "start": {
          "line": 7,
          "column": 10
        },
        "end": {
          "line": 7,
          "column": 11
        }
      }
    },
    {
      "type": {
        "label": "num",
        "beforeExpr": false,
        "startsExpr": true,
        "rightAssociative": false,
        "isLoop": false,
        "isAssign": false,
        "prefix": false,
        "postfix": false,
        "binop": null,
        "updateContext": null
      },
      "value": 50,
      "start": 114,
      "end": 116,
      "loc": {
        "start": {
          "line": 7,
          "column": 12
        },
        "end": {
          "line": 7,
          "column": 14
        }
      }
    },
    {
      "type": {
        "label": ",",
        "beforeExpr": true,
        "startsExpr": false,
        "rightAssociative": false,
        "isLoop": false,
        "isAssign": false,
        "prefix": false,
        "postfix": false,
        "binop": null,
        "updateContext": null
      },
      "start": 116,
      "end": 117,
      "loc": {
        "start": {
          "line": 7,
          "column": 14
        },
        "end": {
          "line": 7,
          "column": 15
        }
      }
    },
    {
      "type": {
        "label": "name",
        "beforeExpr": false,
        "startsExpr": true,
        "rightAssociative": false,
        "isLoop": false,
        "isAssign": false,
        "prefix": false,
        "postfix": false,
        "binop": null
      },
      "value": "components",
      "start": 122,
      "end": 132,
      "loc": {
        "start": {
          "line": 8,
          "column": 4
        },
        "end": {
          "line": 8,
          "column": 14
        }
      }
    },
    {
      "type": {
        "label": ":",
        "beforeExpr": true,
        "startsExpr": false,
        "rightAssociative": false,
        "isLoop": false,
        "isAssign": false,
        "prefix": false,
        "postfix": false,
        "binop": null,
        "updateContext": null
      },
      "start": 132,
      "end": 133,
      "loc": {
        "start": {
          "line": 8,
          "column": 14
        },
        "end": {
          "line": 8,
          "column": 15
        }
      }
    },
    {
      "type": {
        "label": "[",
        "beforeExpr": true,
        "startsExpr": true,
        "rightAssociative": false,
        "isLoop": false,
        "isAssign": false,
        "prefix": false,
        "postfix": false,
        "binop": null,
        "updateContext": null
      },
      "start": 134,
      "end": 135,
      "loc": {
        "start": {
          "line": 8,
          "column": 16
        },
        "end": {
          "line": 8,
          "column": 17
        }
      }
    },
    {
      "type": {
        "label": "{",
        "beforeExpr": true,
        "startsExpr": true,
        "rightAssociative": false,
        "isLoop": false,
        "isAssign": false,
        "prefix": false,
        "postfix": false,
        "binop": null
      },
      "start": 142,
      "end": 143,
      "loc": {
        "start": {
          "line": 9,
          "column": 6
        },
        "end": {
          "line": 9,
          "column": 7
        }
      }
    },
    {
      "type": {
        "label": "name",
        "beforeExpr": false,
        "startsExpr": true,
        "rightAssociative": false,
        "isLoop": false,
        "isAssign": false,
        "prefix": false,
        "postfix": false,
        "binop": null
      },
      "value": "type",
      "start": 152,
      "end": 156,
      "loc": {
        "start": {
          "line": 10,
          "column": 8
        },
        "end": {
          "line": 10,
          "column": 12
        }
      }
    },
    {
      "type": {
        "label": ":",
        "beforeExpr": true,
        "startsExpr": false,
        "rightAssociative": false,
        "isLoop": false,
        "isAssign": false,
        "prefix": false,
        "postfix": false,
        "binop": null,
        "updateContext": null
      },
      "start": 156,
      "end": 157,
      "loc": {
        "start": {
          "line": 10,
          "column": 12
        },
        "end": {
          "line": 10,
          "column": 13
        }
      }
    },
    {
      "type": {
        "label": "string",
        "beforeExpr": false,
        "startsExpr": true,
        "rightAssociative": false,
        "isLoop": false,
        "isAssign": false,
        "prefix": false,
        "postfix": false,
        "binop": null,
        "updateContext": null
      },
      "value": "textfield",
      "start": 158,
      "end": 169,
      "loc": {
        "start": {
          "line": 10,
          "column": 14
        },
        "end": {
          "line": 10,
          "column": 25
        }
      }
    },
    {
      "type": {
        "label": ",",
        "beforeExpr": true,
        "startsExpr": false,
        "rightAssociative": false,
        "isLoop": false,
        "isAssign": false,
        "prefix": false,
        "postfix": false,
        "binop": null,
        "updateContext": null
      },
      "start": 169,
      "end": 170,
      "loc": {
        "start": {
          "line": 10,
          "column": 25
        },
        "end": {
          "line": 10,
          "column": 26
        }
      }
    },
    {
      "type": {
        "label": "name",
        "beforeExpr": false,
        "startsExpr": true,
        "rightAssociative": false,
        "isLoop": false,
        "isAssign": false,
        "prefix": false,
        "postfix": false,
        "binop": null
      },
      "value": "input",
      "start": 179,
      "end": 184,
      "loc": {
        "start": {
          "line": 11,
          "column": 8
        },
        "end": {
          "line": 11,
          "column": 13
        }
      }
    },
    {
      "type": {
        "label": ":",
        "beforeExpr": true,
        "startsExpr": false,
        "rightAssociative": false,
        "isLoop": false,
        "isAssign": false,
        "prefix": false,
        "postfix": false,
        "binop": null,
        "updateContext": null
      },
      "start": 184,
      "end": 185,
      "loc": {
        "start": {
          "line": 11,
          "column": 13
        },
        "end": {
          "line": 11,
          "column": 14
        }
      }
    },
    {
      "type": {
        "label": "true",
        "keyword": "true",
        "beforeExpr": false,
        "startsExpr": true,
        "rightAssociative": false,
        "isLoop": false,
        "isAssign": false,
        "prefix": false,
        "postfix": false,
        "binop": null,
        "updateContext": null
      },
      "value": "true",
      "start": 186,
      "end": 190,
      "loc": {
        "start": {
          "line": 11,
          "column": 15
        },
        "end": {
          "line": 11,
          "column": 19
        }
      }
    },
    {
      "type": {
        "label": ",",
        "beforeExpr": true,
        "startsExpr": false,
        "rightAssociative": false,
        "isLoop": false,
        "isAssign": false,
        "prefix": false,
        "postfix": false,
        "binop": null,
        "updateContext": null
      },
      "start": 190,
      "end": 191,
      "loc": {
        "start": {
          "line": 11,
          "column": 19
        },
        "end": {
          "line": 11,
          "column": 20
        }
      }
    },
    {
      "type": {
        "label": "name",
        "beforeExpr": false,
        "startsExpr": true,
        "rightAssociative": false,
        "isLoop": false,
        "isAssign": false,
        "prefix": false,
        "postfix": false,
        "binop": null
      },
      "value": "key",
      "start": 200,
      "end": 203,
      "loc": {
        "start": {
          "line": 12,
          "column": 8
        },
        "end": {
          "line": 12,
          "column": 11
        }
      }
    },
    {
      "type": {
        "label": ":",
        "beforeExpr": true,
        "startsExpr": false,
        "rightAssociative": false,
        "isLoop": false,
        "isAssign": false,
        "prefix": false,
        "postfix": false,
        "binop": null,
        "updateContext": null
      },
      "start": 203,
      "end": 204,
      "loc": {
        "start": {
          "line": 12,
          "column": 11
        },
        "end": {
          "line": 12,
          "column": 12
        }
      }
    },
    {
      "type": {
        "label": "string",
        "beforeExpr": false,
        "startsExpr": true,
        "rightAssociative": false,
        "isLoop": false,
        "isAssign": false,
        "prefix": false,
        "postfix": false,
        "binop": null,
        "updateContext": null
      },
      "value": "label",
      "start": 205,
      "end": 212,
      "loc": {
        "start": {
          "line": 12,
          "column": 13
        },
        "end": {
          "line": 12,
          "column": 20
        }
      }
    },
    {
      "type": {
        "label": ",",
        "beforeExpr": true,
        "startsExpr": false,
        "rightAssociative": false,
        "isLoop": false,
        "isAssign": false,
        "prefix": false,
        "postfix": false,
        "binop": null,
        "updateContext": null
      },
      "start": 212,
      "end": 213,
      "loc": {
        "start": {
          "line": 12,
          "column": 20
        },
        "end": {
          "line": 12,
          "column": 21
        }
      }
    },
    {
      "type": {
        "label": "name",
        "beforeExpr": false,
        "startsExpr": true,
        "rightAssociative": false,
        "isLoop": false,
        "isAssign": false,
        "prefix": false,
        "postfix": false,
        "binop": null
      },
      "value": "label",
      "start": 222,
      "end": 227,
      "loc": {
        "start": {
          "line": 13,
          "column": 8
        },
        "end": {
          "line": 13,
          "column": 13
        }
      }
    },
    {
      "type": {
        "label": ":",
        "beforeExpr": true,
        "startsExpr": false,
        "rightAssociative": false,
        "isLoop": false,
        "isAssign": false,
        "prefix": false,
        "postfix": false,
        "binop": null,
        "updateContext": null
      },
      "start": 227,
      "end": 228,
      "loc": {
        "start": {
          "line": 13,
          "column": 13
        },
        "end": {
          "line": 13,
          "column": 14
        }
      }
    },
    {
      "type": {
        "label": "string",
        "beforeExpr": false,
        "startsExpr": true,
        "rightAssociative": false,
        "isLoop": false,
        "isAssign": false,
        "prefix": false,
        "postfix": false,
        "binop": null,
        "updateContext": null
      },
      "value": "Label",
      "start": 229,
      "end": 236,
      "loc": {
        "start": {
          "line": 13,
          "column": 15
        },
        "end": {
          "line": 13,
          "column": 22
        }
      }
    },
    {
      "type": {
        "label": "}",
        "beforeExpr": false,
        "startsExpr": false,
        "rightAssociative": false,
        "isLoop": false,
        "isAssign": false,
        "prefix": false,
        "postfix": false,
        "binop": null
      },
      "start": 243,
      "end": 244,
      "loc": {
        "start": {
          "line": 14,
          "column": 6
        },
        "end": {
          "line": 14,
          "column": 7
        }
      }
    },
    {
      "type": {
        "label": ",",
        "beforeExpr": true,
        "startsExpr": false,
        "rightAssociative": false,
        "isLoop": false,
        "isAssign": false,
        "prefix": false,
        "postfix": false,
        "binop": null,
        "updateContext": null
      },
      "start": 244,
      "end": 245,
      "loc": {
        "start": {
          "line": 14,
          "column": 7
        },
        "end": {
          "line": 14,
          "column": 8
        }
      }
    },
    {
      "type": {
        "label": "{",
        "beforeExpr": true,
        "startsExpr": true,
        "rightAssociative": false,
        "isLoop": false,
        "isAssign": false,
        "prefix": false,
        "postfix": false,
        "binop": null
      },
      "start": 252,
      "end": 253,
      "loc": {
        "start": {
          "line": 15,
          "column": 6
        },
        "end": {
          "line": 15,
          "column": 7
        }
      }
    },
    {
      "type": {
        "label": "name",
        "beforeExpr": false,
        "startsExpr": true,
        "rightAssociative": false,
        "isLoop": false,
        "isAssign": false,
        "prefix": false,
        "postfix": false,
        "binop": null
      },
      "value": "type",
      "start": 262,
      "end": 266,
      "loc": {
        "start": {
          "line": 16,
          "column": 8
        },
        "end": {
          "line": 16,
          "column": 12
        }
      }
    },
    {
      "type": {
        "label": ":",
        "beforeExpr": true,
        "startsExpr": false,
        "rightAssociative": false,
        "isLoop": false,
        "isAssign": false,
        "prefix": false,
        "postfix": false,
        "binop": null,
        "updateContext": null
      },
      "start": 266,
      "end": 267,
      "loc": {
        "start": {
          "line": 16,
          "column": 12
        },
        "end": {
          "line": 16,
          "column": 13
        }
      }
    },
    {
      "type": {
        "label": "string",
        "beforeExpr": false,
        "startsExpr": true,
        "rightAssociative": false,
        "isLoop": false,
        "isAssign": false,
        "prefix": false,
        "postfix": false,
        "binop": null,
        "updateContext": null
      },
      "value": "textfield",
      "start": 268,
      "end": 279,
      "loc": {
        "start": {
          "line": 16,
          "column": 14
        },
        "end": {
          "line": 16,
          "column": 25
        }
      }
    },
    {
      "type": {
        "label": ",",
        "beforeExpr": true,
        "startsExpr": false,
        "rightAssociative": false,
        "isLoop": false,
        "isAssign": false,
        "prefix": false,
        "postfix": false,
        "binop": null,
        "updateContext": null
      },
      "start": 279,
      "end": 280,
      "loc": {
        "start": {
          "line": 16,
          "column": 25
        },
        "end": {
          "line": 16,
          "column": 26
        }
      }
    },
    {
      "type": {
        "label": "name",
        "beforeExpr": false,
        "startsExpr": true,
        "rightAssociative": false,
        "isLoop": false,
        "isAssign": false,
        "prefix": false,
        "postfix": false,
        "binop": null
      },
      "value": "input",
      "start": 289,
      "end": 294,
      "loc": {
        "start": {
          "line": 17,
          "column": 8
        },
        "end": {
          "line": 17,
          "column": 13
        }
      }
    },
    {
      "type": {
        "label": ":",
        "beforeExpr": true,
        "startsExpr": false,
        "rightAssociative": false,
        "isLoop": false,
        "isAssign": false,
        "prefix": false,
        "postfix": false,
        "binop": null,
        "updateContext": null
      },
      "start": 294,
      "end": 295,
      "loc": {
        "start": {
          "line": 17,
          "column": 13
        },
        "end": {
          "line": 17,
          "column": 14
        }
      }
    },
    {
      "type": {
        "label": "true",
        "keyword": "true",
        "beforeExpr": false,
        "startsExpr": true,
        "rightAssociative": false,
        "isLoop": false,
        "isAssign": false,
        "prefix": false,
        "postfix": false,
        "binop": null,
        "updateContext": null
      },
      "value": "true",
      "start": 296,
      "end": 300,
      "loc": {
        "start": {
          "line": 17,
          "column": 15
        },
        "end": {
          "line": 17,
          "column": 19
        }
      }
    },
    {
      "type": {
        "label": ",",
        "beforeExpr": true,
        "startsExpr": false,
        "rightAssociative": false,
        "isLoop": false,
        "isAssign": false,
        "prefix": false,
        "postfix": false,
        "binop": null,
        "updateContext": null
      },
      "start": 300,
      "end": 301,
      "loc": {
        "start": {
          "line": 17,
          "column": 19
        },
        "end": {
          "line": 17,
          "column": 20
        }
      }
    },
    {
      "type": {
        "label": "name",
        "beforeExpr": false,
        "startsExpr": true,
        "rightAssociative": false,
        "isLoop": false,
        "isAssign": false,
        "prefix": false,
        "postfix": false,
        "binop": null
      },
      "value": "key",
      "start": 310,
      "end": 313,
      "loc": {
        "start": {
          "line": 18,
          "column": 8
        },
        "end": {
          "line": 18,
          "column": 11
        }
      }
    },
    {
      "type": {
        "label": ":",
        "beforeExpr": true,
        "startsExpr": false,
        "rightAssociative": false,
        "isLoop": false,
        "isAssign": false,
        "prefix": false,
        "postfix": false,
        "binop": null,
        "updateContext": null
      },
      "start": 313,
      "end": 314,
      "loc": {
        "start": {
          "line": 18,
          "column": 11
        },
        "end": {
          "line": 18,
          "column": 12
        }
      }
    },
    {
      "type": {
        "label": "string",
        "beforeExpr": false,
        "startsExpr": true,
        "rightAssociative": false,
        "isLoop": false,
        "isAssign": false,
        "prefix": false,
        "postfix": false,
        "binop": null,
        "updateContext": null
      },
      "value": "key",
      "start": 315,
      "end": 320,
      "loc": {
        "start": {
          "line": 18,
          "column": 13
        },
        "end": {
          "line": 18,
          "column": 18
        }
      }
    },
    {
      "type": {
        "label": ",",
        "beforeExpr": true,
        "startsExpr": false,
        "rightAssociative": false,
        "isLoop": false,
        "isAssign": false,
        "prefix": false,
        "postfix": false,
        "binop": null,
        "updateContext": null
      },
      "start": 320,
      "end": 321,
      "loc": {
        "start": {
          "line": 18,
          "column": 18
        },
        "end": {
          "line": 18,
          "column": 19
        }
      }
    },
    {
      "type": {
        "label": "name",
        "beforeExpr": false,
        "startsExpr": true,
        "rightAssociative": false,
        "isLoop": false,
        "isAssign": false,
        "prefix": false,
        "postfix": false,
        "binop": null
      },
      "value": "label",
      "start": 330,
      "end": 335,
      "loc": {
        "start": {
          "line": 19,
          "column": 8
        },
        "end": {
          "line": 19,
          "column": 13
        }
      }
    },
    {
      "type": {
        "label": ":",
        "beforeExpr": true,
        "startsExpr": false,
        "rightAssociative": false,
        "isLoop": false,
        "isAssign": false,
        "prefix": false,
        "postfix": false,
        "binop": null,
        "updateContext": null
      },
      "start": 335,
      "end": 336,
      "loc": {
        "start": {
          "line": 19,
          "column": 13
        },
        "end": {
          "line": 19,
          "column": 14
        }
      }
    },
    {
      "type": {
        "label": "string",
        "beforeExpr": false,
        "startsExpr": true,
        "rightAssociative": false,
        "isLoop": false,
        "isAssign": false,
        "prefix": false,
        "postfix": false,
        "binop": null,
        "updateContext": null
      },
      "value": "Key",
      "start": 337,
      "end": 342,
      "loc": {
        "start": {
          "line": 19,
          "column": 15
        },
        "end": {
          "line": 19,
          "column": 20
        }
      }
    },
    {
      "type": {
        "label": ",",
        "beforeExpr": true,
        "startsExpr": false,
        "rightAssociative": false,
        "isLoop": false,
        "isAssign": false,
        "prefix": false,
        "postfix": false,
        "binop": null,
        "updateContext": null
      },
      "start": 342,
      "end": 343,
      "loc": {
        "start": {
          "line": 19,
          "column": 20
        },
        "end": {
          "line": 19,
          "column": 21
        }
      }
    },
    {
      "type": {
        "label": "name",
        "beforeExpr": false,
        "startsExpr": true,
        "rightAssociative": false,
        "isLoop": false,
        "isAssign": false,
        "prefix": false,
        "postfix": false,
        "binop": null
      },
      "value": "calculateValue",
      "start": 352,
      "end": 366,
      "loc": {
        "start": {
          "line": 20,
          "column": 8
        },
        "end": {
          "line": 20,
          "column": 22
        }
      }
    },
    {
      "type": {
        "label": ":",
        "beforeExpr": true,
        "startsExpr": false,
        "rightAssociative": false,
        "isLoop": false,
        "isAssign": false,
        "prefix": false,
        "postfix": false,
        "binop": null,
        "updateContext": null
      },
      "start": 366,
      "end": 367,
      "loc": {
        "start": {
          "line": 20,
          "column": 22
        },
        "end": {
          "line": 20,
          "column": 23
        }
      }
    },
    {
      "type": {
        "label": "{",
        "beforeExpr": true,
        "startsExpr": true,
        "rightAssociative": false,
        "isLoop": false,
        "isAssign": false,
        "prefix": false,
        "postfix": false,
        "binop": null
      },
      "start": 368,
      "end": 369,
      "loc": {
        "start": {
          "line": 20,
          "column": 24
        },
        "end": {
          "line": 20,
          "column": 25
        }
      }
    },
    {
      "type": {
        "label": "name",
        "beforeExpr": false,
        "startsExpr": true,
        "rightAssociative": false,
        "isLoop": false,
        "isAssign": false,
        "prefix": false,
        "postfix": false,
        "binop": null
      },
      "value": "_camelCase",
      "start": 369,
      "end": 379,
      "loc": {
        "start": {
          "line": 20,
          "column": 25
        },
        "end": {
          "line": 20,
          "column": 35
        }
      }
    },
    {
      "type": {
        "label": ":",
        "beforeExpr": true,
        "startsExpr": false,
        "rightAssociative": false,
        "isLoop": false,
        "isAssign": false,
        "prefix": false,
        "postfix": false,
        "binop": null,
        "updateContext": null
      },
      "start": 379,
      "end": 380,
      "loc": {
        "start": {
          "line": 20,
          "column": 35
        },
        "end": {
          "line": 20,
          "column": 36
        }
      }
    },
    {
      "type": {
        "label": "[",
        "beforeExpr": true,
        "startsExpr": true,
        "rightAssociative": false,
        "isLoop": false,
        "isAssign": false,
        "prefix": false,
        "postfix": false,
        "binop": null,
        "updateContext": null
      },
      "start": 381,
      "end": 382,
      "loc": {
        "start": {
          "line": 20,
          "column": 37
        },
        "end": {
          "line": 20,
          "column": 38
        }
      }
    },
    {
      "type": {
        "label": "{",
        "beforeExpr": true,
        "startsExpr": true,
        "rightAssociative": false,
        "isLoop": false,
        "isAssign": false,
        "prefix": false,
        "postfix": false,
        "binop": null
      },
      "start": 382,
      "end": 383,
      "loc": {
        "start": {
          "line": 20,
          "column": 38
        },
        "end": {
          "line": 20,
          "column": 39
        }
      }
    },
    {
      "type": {
        "label": "var",
        "keyword": "var",
        "beforeExpr": false,
        "startsExpr": false,
        "rightAssociative": false,
        "isLoop": false,
        "isAssign": false,
        "prefix": false,
        "postfix": false,
        "binop": null,
        "updateContext": null
      },
      "value": "var",
      "start": 383,
      "end": 386,
      "loc": {
        "start": {
          "line": 20,
          "column": 39
        },
        "end": {
          "line": 20,
          "column": 42
        }
      }
    },
    {
      "type": {
        "label": ":",
        "beforeExpr": true,
        "startsExpr": false,
        "rightAssociative": false,
        "isLoop": false,
        "isAssign": false,
        "prefix": false,
        "postfix": false,
        "binop": null,
        "updateContext": null
      },
      "start": 386,
      "end": 387,
      "loc": {
        "start": {
          "line": 20,
          "column": 42
        },
        "end": {
          "line": 20,
          "column": 43
        }
      }
    },
    {
      "type": {
        "label": "string",
        "beforeExpr": false,
        "startsExpr": true,
        "rightAssociative": false,
        "isLoop": false,
        "isAssign": false,
        "prefix": false,
        "postfix": false,
        "binop": null,
        "updateContext": null
      },
      "value": "row.label",
      "start": 388,
      "end": 399,
      "loc": {
        "start": {
          "line": 20,
          "column": 44
        },
        "end": {
          "line": 20,
          "column": 55
        }
      }
    },
    {
      "type": {
        "label": "}",
        "beforeExpr": false,
        "startsExpr": false,
        "rightAssociative": false,
        "isLoop": false,
        "isAssign": false,
        "prefix": false,
        "postfix": false,
        "binop": null
      },
      "start": 399,
      "end": 400,
      "loc": {
        "start": {
          "line": 20,
          "column": 55
        },
        "end": {
          "line": 20,
          "column": 56
        }
      }
    },
    {
      "type": {
        "label": "]",
        "beforeExpr": false,
        "startsExpr": false,
        "rightAssociative": false,
        "isLoop": false,
        "isAssign": false,
        "prefix": false,
        "postfix": false,
        "binop": null,
        "updateContext": null
      },
      "start": 400,
      "end": 401,
      "loc": {
        "start": {
          "line": 20,
          "column": 56
        },
        "end": {
          "line": 20,
          "column": 57
        }
      }
    },
    {
      "type": {
        "label": "}",
        "beforeExpr": false,
        "startsExpr": false,
        "rightAssociative": false,
        "isLoop": false,
        "isAssign": false,
        "prefix": false,
        "postfix": false,
        "binop": null
      },
      "start": 401,
      "end": 402,
      "loc": {
        "start": {
          "line": 20,
          "column": 57
        },
        "end": {
          "line": 20,
          "column": 58
        }
      }
    },
    {
      "type": {
        "label": "}",
        "beforeExpr": false,
        "startsExpr": false,
        "rightAssociative": false,
        "isLoop": false,
        "isAssign": false,
        "prefix": false,
        "postfix": false,
        "binop": null
      },
      "start": 409,
      "end": 410,
      "loc": {
        "start": {
          "line": 21,
          "column": 6
        },
        "end": {
          "line": 21,
          "column": 7
        }
      }
    },
    {
      "type": {
        "label": "]",
        "beforeExpr": false,
        "startsExpr": false,
        "rightAssociative": false,
        "isLoop": false,
        "isAssign": false,
        "prefix": false,
        "postfix": false,
        "binop": null,
        "updateContext": null
      },
      "start": 415,
      "end": 416,
      "loc": {
        "start": {
          "line": 22,
          "column": 4
        },
        "end": {
          "line": 22,
          "column": 5
        }
      }
    },
    {
      "type": {
        "label": "}",
        "beforeExpr": false,
        "startsExpr": false,
        "rightAssociative": false,
        "isLoop": false,
        "isAssign": false,
        "prefix": false,
        "postfix": false,
        "binop": null
      },
      "start": 419,
      "end": 420,
      "loc": {
        "start": {
          "line": 23,
          "column": 2
        },
        "end": {
          "line": 23,
          "column": 3
        }
      }
    },
    {
      "type": {
        "label": "]",
        "beforeExpr": false,
        "startsExpr": false,
        "rightAssociative": false,
        "isLoop": false,
        "isAssign": false,
        "prefix": false,
        "postfix": false,
        "binop": null,
        "updateContext": null
      },
      "start": 421,
      "end": 422,
      "loc": {
        "start": {
          "line": 24,
          "column": 0
        },
        "end": {
          "line": 24,
          "column": 1
        }
      }
    },
    {
      "type": {
        "label": ";",
        "beforeExpr": true,
        "startsExpr": false,
        "rightAssociative": false,
        "isLoop": false,
        "isAssign": false,
        "prefix": false,
        "postfix": false,
        "binop": null,
        "updateContext": null
      },
      "start": 422,
      "end": 423,
      "loc": {
        "start": {
          "line": 24,
          "column": 1
        },
        "end": {
          "line": 24,
          "column": 2
        }
      }
    },
    {
      "type": {
        "label": "eof",
        "beforeExpr": false,
        "startsExpr": false,
        "rightAssociative": false,
        "isLoop": false,
        "isAssign": false,
        "prefix": false,
        "postfix": false,
        "binop": null,
        "updateContext": null
      },
      "start": 424,
      "end": 424,
      "loc": {
        "start": {
          "line": 25,
          "column": 0
        },
        "end": {
          "line": 25,
          "column": 0
        }
      }
    }
  ]
}