{
  "type": "File",
  "start": 0,
  "end": 467,
  "loc": {
    "start": {
      "line": 1,
      "column": 0
    },
    "end": {
      "line": 28,
      "column": 0
    }
  },
  "program": {
    "type": "Program",
    "start": 0,
    "end": 467,
    "loc": {
      "start": {
        "line": 1,
        "column": 0
      },
      "end": {
        "line": 28,
        "column": 0
      }
    },
    "sourceType": "module",
    "body": [
      {
        "type": "ExportNamedDeclaration",
        "start": 0,
        "end": 466,
        "loc": {
          "start": {
            "line": 1,
            "column": 0
          },
          "end": {
            "line": 27,
            "column": 2
          }
        },
        "specifiers": [],
        "source": null,
        "declaration": {
          "type": "VariableDeclaration",
          "start": 7,
          "end": 466,
          "loc": {
            "start": {
              "line": 1,
              "column": 7
            },
            "end": {
              "line": 27,
              "column": 2
            }
          },
          "declarations": [
            {
              "type": "VariableDeclarator",
              "start": 13,
              "end": 465,
              "loc": {
                "start": {
                  "line": 1,
                  "column": 13
                },
                "end": {
                  "line": 27,
                  "column": 1
                }
              },
              "id": {
                "type": "Identifier",
                "start": 13,
                "end": 22,
                "loc": {
                  "start": {
                    "line": 1,
                    "column": 13
                  },
                  "end": {
                    "line": 1,
                    "column": 22
                  },
                  "identifierName": "component"
                },
                "name": "component"
              },
              "init": {
                "type": "ObjectExpression",
                "start": 25,
                "end": 465,
                "loc": {
                  "start": {
                    "line": 1,
                    "column": 25
                  },
                  "end": {
                    "line": 27,
                    "column": 1
                  }
                },
                "properties": [
                  {
                    "type": "ObjectProperty",
                    "start": 29,
                    "end": 42,
                    "loc": {
                      "start": {
                        "line": 2,
                        "column": 2
                      },
                      "end": {
                        "line": 2,
                        "column": 15
                      }
                    },
                    "method": false,
                    "shorthand": false,
                    "computed": false,
                    "key": {
                      "type": "StringLiteral",
                      "start": 29,
                      "end": 36,
                      "loc": {
                        "start": {
                          "line": 2,
                          "column": 2
                        },
                        "end": {
                          "line": 2,
                          "column": 9
                        }
                      },
                      "extra": {
                        "rawValue": "input",
                        "raw": "'input'"
                      },
                      "value": "input"
                    },
                    "value": {
                      "type": "BooleanLiteral",
                      "start": 38,
                      "end": 42,
                      "loc": {
                        "start": {
                          "line": 2,
                          "column": 11
                        },
                        "end": {
                          "line": 2,
                          "column": 15
                        }
                      },
                      "value": true
                    }
                  },
                  {
                    "type": "ObjectProperty",
                    "start": 46,
                    "end": 63,
                    "loc": {
                      "start": {
                        "line": 3,
                        "column": 2
                      },
                      "end": {
                        "line": 3,
                        "column": 19
                      }
                    },
                    "method": false,
                    "shorthand": false,
                    "computed": false,
                    "key": {
                      "type": "StringLiteral",
                      "start": 46,
                      "end": 57,
                      "loc": {
                        "start": {
                          "line": 3,
                          "column": 2
                        },
                        "end": {
                          "line": 3,
                          "column": 13
                        }
                      },
                      "extra": {
                        "rawValue": "tableView",
                        "raw": "'tableView'"
                      },
                      "value": "tableView"
                    },
                    "value": {
                      "type": "BooleanLiteral",
                      "start": 59,
                      "end": 63,
                      "loc": {
                        "start": {
                          "line": 3,
                          "column": 15
                        },
                        "end": {
                          "line": 3,
                          "column": 19
                        }
                      },
                      "value": true
                    }
                  },
                  {
                    "type": "ObjectProperty",
                    "start": 67,
                    "end": 96,
                    "loc": {
                      "start": {
                        "line": 4,
                        "column": 2
                      },
                      "end": {
                        "line": 4,
                        "column": 31
                      }
                    },
                    "method": false,
                    "shorthand": false,
                    "computed": false,
                    "key": {
                      "type": "StringLiteral",
                      "start": 67,
                      "end": 78,
                      "loc": {
                        "start": {
                          "line": 4,
                          "column": 2
                        },
                        "end": {
                          "line": 4,
                          "column": 13
                        }
                      },
                      "extra": {
                        "rawValue": "inputMask",
                        "raw": "'inputMask'"
                      },
                      "value": "inputMask"
                    },
                    "value": {
                      "type": "StringLiteral",
                      "start": 80,
                      "end": 96,
                      "loc": {
                        "start": {
                          "line": 4,
                          "column": 15
                        },
                        "end": {
                          "line": 4,
                          "column": 31
                        }
                      },
                      "extra": {
                        "rawValue": "(999) 999-9999",
                        "raw": "'(999) 999-9999'"
                      },
                      "value": "(999) 999-9999"
                    }
                  },
                  {
                    "type": "ObjectProperty",
                    "start": 100,
                    "end": 123,
                    "loc": {
                      "start": {
                        "line": 5,
                        "column": 2
                      },
                      "end": {
                        "line": 5,
                        "column": 25
                      }
                    },
                    "method": false,
                    "shorthand": false,
                    "computed": false,
                    "key": {
                      "type": "StringLiteral",
                      "start": 100,
                      "end": 107,
                      "loc": {
                        "start": {
                          "line": 5,
                          "column": 2
                        },
                        "end": {
                          "line": 5,
                          "column": 9
                        }
                      },
                      "extra": {
                        "rawValue": "label",
                        "raw": "'label'"
                      },
                      "value": "label"
                    },
                    "value": {
                      "type": "StringLiteral",
                      "start": 109,
                      "end": 123,
                      "loc": {
                        "start": {
                          "line": 5,
                          "column": 11
                        },
                        "end": {
                          "line": 5,
                          "column": 25
                        }
                      },
                      "extra": {
                        "rawValue": "Phone Number",
                        "raw": "'Phone Number'"
                      },
                      "value": "Phone Number"
                    }
                  },
                  {
                    "type": "ObjectProperty",
                    "start": 127,
                    "end": 147,
                    "loc": {
                      "start": {
                        "line": 6,
                        "column": 2
                      },
                      "end": {
                        "line": 6,
                        "column": 22
                      }
                    },
                    "method": false,
                    "shorthand": false,
                    "computed": false,
                    "key": {
                      "type": "StringLiteral",
                      "start": 127,
                      "end": 132,
                      "loc": {
                        "start": {
                          "line": 6,
                          "column": 2
                        },
                        "end": {
                          "line": 6,
                          "column": 7
                        }
                      },
                      "extra": {
                        "rawValue": "key",
                        "raw": "'key'"
                      },
                      "value": "key"
                    },
                    "value": {
                      "type": "StringLiteral",
                      "start": 134,
                      "end": 147,
                      "loc": {
                        "start": {
                          "line": 6,
                          "column": 9
                        },
                        "end": {
                          "line": 6,
                          "column": 22
                        }
                      },
                      "extra": {
                        "rawValue": "phoneNumber",
                        "raw": "'phoneNumber'"
                      },
                      "value": "phoneNumber"
                    }
                  },
                  {
                    "type": "ObjectProperty",
                    "start": 151,
                    "end": 168,
                    "loc": {
                      "start": {
                        "line": 7,
                        "column": 2
                      },
                      "end": {
                        "line": 7,
                        "column": 19
                      }
                    },
                    "method": false,
                    "shorthand": false,
                    "computed": false,
                    "key": {
                      "type": "StringLiteral",
                      "start": 151,
                      "end": 164,
                      "loc": {
                        "start": {
                          "line": 7,
                          "column": 2
                        },
                        "end": {
                          "line": 7,
                          "column": 15
                        }
                      },
                      "extra": {
                        "rawValue": "placeholder",
                        "raw": "'placeholder'"
                      },
                      "value": "placeholder"
                    },
                    "value": {
                      "type": "StringLiteral",
                      "start": 166,
                      "end": 168,
                      "loc": {
                        "start": {
                          "line": 7,
                          "column": 17
                        },
                        "end": {
                          "line": 7,
                          "column": 19
                        }
                      },
                      "extra": {
                        "rawValue": "",
                        "raw": "''"
                      },
                      "value": ""
                    }
                  },
                  {
                    "type": "ObjectProperty",
                    "start": 172,
                    "end": 184,
                    "loc": {
                      "start": {
                        "line": 8,
                        "column": 2
                      },
                      "end": {
                        "line": 8,
                        "column": 14
                      }
                    },
                    "method": false,
                    "shorthand": false,
                    "computed": false,
                    "key": {
                      "type": "StringLiteral",
                      "start": 172,
                      "end": 180,
                      "loc": {
                        "start": {
                          "line": 8,
                          "column": 2
                        },
                        "end": {
                          "line": 8,
                          "column": 10
                        }
                      },
                      "extra": {
                        "rawValue": "prefix",
                        "raw": "'prefix'"
                      },
                      "value": "prefix"
                    },
                    "value": {
                      "type": "StringLiteral",
                      "start": 182,
                      "end": 184,
                      "loc": {
                        "start": {
                          "line": 8,
                          "column": 12
                        },
                        "end": {
                          "line": 8,
                          "column": 14
                        }
                      },
                      "extra": {
                        "rawValue": "",
                        "raw": "''"
                      },
                      "value": ""
                    }
                  },
                  {
                    "type": "ObjectProperty",
                    "start": 188,
                    "end": 200,
                    "loc": {
                      "start": {
                        "line": 9,
                        "column": 2
                      },
                      "end": {
                        "line": 9,
                        "column": 14
                      }
                    },
                    "method": false,
                    "shorthand": false,
                    "computed": false,
                    "key": {
                      "type": "StringLiteral",
                      "start": 188,
                      "end": 196,
                      "loc": {
                        "start": {
                          "line": 9,
                          "column": 2
                        },
                        "end": {
                          "line": 9,
                          "column": 10
                        }
                      },
                      "extra": {
                        "rawValue": "suffix",
                        "raw": "'suffix'"
                      },
                      "value": "suffix"
                    },
                    "value": {
                      "type": "StringLiteral",
                      "start": 198,
                      "end": 200,
                      "loc": {
                        "start": {
                          "line": 9,
                          "column": 12
                        },
                        "end": {
                          "line": 9,
                          "column": 14
                        }
                      },
                      "extra": {
                        "rawValue": "",
                        "raw": "''"
                      },
                      "value": ""
                    }
                  },
                  {
                    "type": "ObjectProperty",
                    "start": 204,
                    "end": 221,
                    "loc": {
                      "start": {
                        "line": 10,
                        "column": 2
                      },
                      "end": {
                        "line": 10,
                        "column": 19
                      }
                    },
                    "method": false,
                    "shorthand": false,
                    "computed": false,
                    "key": {
                      "type": "StringLiteral",
                      "start": 204,
                      "end": 214,
                      "loc": {
                        "start": {
                          "line": 10,
                          "column": 2
                        },
                        "end": {
                          "line": 10,
                          "column": 12
                        }
                      },
                      "extra": {
                        "rawValue": "multiple",
                        "raw": "'multiple'"
                      },
                      "value": "multiple"
                    },
                    "value": {
                      "type": "BooleanLiteral",
                      "start": 216,
                      "end": 221,
                      "loc": {
                        "start": {
                          "line": 10,
                          "column": 14
                        },
                        "end": {
                          "line": 10,
                          "column": 19
                        }
                      },
                      "value": false
                    }
                  },
                  {
                    "type": "ObjectProperty",
                    "start": 225,
                    "end": 243,
                    "loc": {
                      "start": {
                        "line": 11,
                        "column": 2
                      },
                      "end": {
                        "line": 11,
                        "column": 20
                      }
                    },
                    "method": false,
                    "shorthand": false,
                    "computed": false,
                    "key": {
                      "type": "StringLiteral",
                      "start": 225,
                      "end": 236,
                      "loc": {
                        "start": {
                          "line": 11,
                          "column": 2
                        },
                        "end": {
                          "line": 11,
                          "column": 13
                        }
                      },
                      "extra": {
                        "rawValue": "protected",
                        "raw": "'protected'"
                      },
                      "value": "protected"
                    },
                    "value": {
                      "type": "BooleanLiteral",
                      "start": 238,
                      "end": 243,
                      "loc": {
                        "start": {
                          "line": 11,
                          "column": 15
                        },
                        "end": {
                          "line": 11,
                          "column": 20
                        }
                      },
                      "value": false
                    }
                  },
                  {
                    "type": "ObjectProperty",
                    "start": 247,
                    "end": 262,
                    "loc": {
                      "start": {
                        "line": 12,
                        "column": 2
                      },
                      "end": {
                        "line": 12,
                        "column": 17
                      }
                    },
                    "method": false,
                    "shorthand": false,
                    "computed": false,
                    "key": {
                      "type": "StringLiteral",
                      "start": 247,
                      "end": 255,
                      "loc": {
                        "start": {
                          "line": 12,
                          "column": 2
                        },
                        "end": {
                          "line": 12,
                          "column": 10
                        }
                      },
                      "extra": {
                        "rawValue": "unique",
                        "raw": "'unique'"
                      },
                      "value": "unique"
                    },
                    "value": {
                      "type": "BooleanLiteral",
                      "start": 257,
                      "end": 262,
                      "loc": {
                        "start": {
                          "line": 12,
                          "column": 12
                        },
                        "end": {
                          "line": 12,
                          "column": 17
                        }
                      },
                      "value": false
                    }
                  },
                  {
                    "type": "ObjectProperty",
                    "start": 266,
                    "end": 284,
                    "loc": {
                      "start": {
                        "line": 13,
                        "column": 2
                      },
                      "end": {
                        "line": 13,
                        "column": 20
                      }
                    },
                    "method": false,
                    "shorthand": false,
                    "computed": false,
                    "key": {
                      "type": "StringLiteral",
                      "start": 266,
                      "end": 278,
                      "loc": {
                        "start": {
                          "line": 13,
                          "column": 2
                        },
                        "end": {
                          "line": 13,
                          "column": 14
                        }
                      },
                      "extra": {
                        "rawValue": "persistent",
                        "raw": "'persistent'"
                      },
                      "value": "persistent"
                    },
                    "value": {
                      "type": "BooleanLiteral",
                      "start": 280,
                      "end": 284,
                      "loc": {
                        "start": {
                          "line": 13,
                          "column": 16
                        },
                        "end": {
                          "line": 13,
                          "column": 20
                        }
                      },
                      "value": true
                    }
                  },
                  {
                    "type": "ObjectProperty",
                    "start": 288,
                    "end": 306,
                    "loc": {
                      "start": {
                        "line": 14,
                        "column": 2
                      },
                      "end": {
                        "line": 14,
                        "column": 20
                      }
                    },
                    "method": false,
                    "shorthand": false,
                    "computed": false,
                    "key": {
                      "type": "StringLiteral",
                      "start": 288,
                      "end": 302,
                      "loc": {
                        "start": {
                          "line": 14,
                          "column": 2
                        },
                        "end": {
                          "line": 14,
                          "column": 16
                        }
                      },
                      "extra": {
                        "rawValue": "defaultValue",
                        "raw": "'defaultValue'"
                      },
                      "value": "defaultValue"
                    },
                    "value": {
                      "type": "StringLiteral",
                      "start": 304,
                      "end": 306,
                      "loc": {
                        "start": {
                          "line": 14,
                          "column": 18
                        },
                        "end": {
                          "line": 14,
                          "column": 20
                        }
                      },
                      "extra": {
                        "rawValue": "",
                        "raw": "''"
                      },
                      "value": ""
                    }
                  },
                  {
                    "type": "ObjectProperty",
                    "start": 310,
                    "end": 349,
                    "loc": {
                      "start": {
                        "line": 15,
                        "column": 2
                      },
                      "end": {
                        "line": 17,
                        "column": 3
                      }
                    },
                    "method": false,
                    "shorthand": false,
                    "computed": false,
                    "key": {
                      "type": "StringLiteral",
                      "start": 310,
                      "end": 320,
                      "loc": {
                        "start": {
                          "line": 15,
                          "column": 2
                        },
                        "end": {
                          "line": 15,
                          "column": 12
                        }
                      },
                      "extra": {
                        "rawValue": "validate",
                        "raw": "'validate'"
                      },
                      "value": "validate"
                    },
                    "value": {
                      "type": "ObjectExpression",
                      "start": 322,
                      "end": 349,
                      "loc": {
                        "start": {
                          "line": 15,
                          "column": 14
                        },
                        "end": {
                          "line": 17,
                          "column": 3
                        }
                      },
                      "properties": [
                        {
                          "type": "ObjectProperty",
                          "start": 328,
                          "end": 345,
                          "loc": {
                            "start": {
                              "line": 16,
                              "column": 4
                            },
                            "end": {
                              "line": 16,
                              "column": 21
                            }
                          },
                          "method": false,
                          "shorthand": false,
                          "computed": false,
                          "key": {
                            "type": "StringLiteral",
                            "start": 328,
                            "end": 338,
                            "loc": {
                              "start": {
                                "line": 16,
                                "column": 4
                              },
                              "end": {
                                "line": 16,
                                "column": 14
                              }
                            },
                            "extra": {
                              "rawValue": "required",
                              "raw": "'required'"
                            },
                            "value": "required"
                          },
                          "value": {
                            "type": "BooleanLiteral",
                            "start": 340,
                            "end": 345,
                            "loc": {
                              "start": {
                                "line": 16,
                                "column": 16
                              },
                              "end": {
                                "line": 16,
                                "column": 21
                              }
                            },
                            "value": false
                          }
                        }
                      ]
                    }
                  },
                  {
                    "type": "ObjectProperty",
                    "start": 353,
                    "end": 374,
                    "loc": {
                      "start": {
                        "line": 18,
                        "column": 2
                      },
                      "end": {
                        "line": 18,
                        "column": 23
                      }
                    },
                    "method": false,
                    "shorthand": false,
                    "computed": false,
                    "key": {
                      "type": "StringLiteral",
                      "start": 353,
                      "end": 359,
                      "loc": {
                        "start": {
                          "line": 18,
                          "column": 2
                        },
                        "end": {
                          "line": 18,
                          "column": 8
                        }
                      },
                      "extra": {
                        "rawValue": "type",
                        "raw": "'type'"
                      },
                      "value": "type"
                    },
                    "value": {
                      "type": "StringLiteral",
                      "start": 361,
                      "end": 374,
                      "loc": {
                        "start": {
                          "line": 18,
                          "column": 10
                        },
                        "end": {
                          "line": 18,
                          "column": 23
                        }
                      },
                      "extra": {
                        "rawValue": "phoneNumber",
                        "raw": "'phoneNumber'"
                      },
                      "value": "phoneNumber"
                    }
                  },
                  {
                    "type": "ObjectProperty",
                    "start": 378,
                    "end": 392,
                    "loc": {
                      "start": {
                        "line": 19,
                        "column": 2
                      },
                      "end": {
                        "line": 21,
                        "column": 3
                      }
                    },
                    "method": false,
                    "shorthand": false,
                    "computed": false,
                    "key": {
                      "type": "StringLiteral",
                      "start": 378,
                      "end": 384,
                      "loc": {
                        "start": {
                          "line": 19,
                          "column": 2
                        },
                        "end": {
                          "line": 19,
                          "column": 8
                        }
                      },
                      "extra": {
                        "rawValue": "tags",
                        "raw": "'tags'"
                      },
                      "value": "tags"
                    },
                    "value": {
                      "type": "ArrayExpression",
                      "start": 386,
                      "end": 392,
                      "loc": {
                        "start": {
                          "line": 19,
                          "column": 10
                        },
                        "end": {
                          "line": 21,
                          "column": 3
                        }
                      },
                      "elements": []
                    }
                  },
                  {
                    "type": "ObjectProperty",
                    "start": 396,
                    "end": 463,
                    "loc": {
                      "start": {
                        "line": 22,
                        "column": 2
                      },
                      "end": {
                        "line": 26,
                        "column": 3
                      }
                    },
                    "method": false,
                    "shorthand": false,
                    "computed": false,
                    "key": {
                      "type": "StringLiteral",
                      "start": 396,
                      "end": 409,
                      "loc": {
                        "start": {
                          "line": 22,
                          "column": 2
                        },
                        "end": {
                          "line": 22,
                          "column": 15
                        }
                      },
                      "extra": {
                        "rawValue": "conditional",
                        "raw": "'conditional'"
                      },
                      "value": "conditional"
                    },
                    "value": {
                      "type": "ObjectExpression",
                      "start": 411,
                      "end": 463,
                      "loc": {
                        "start": {
                          "line": 22,
                          "column": 17
                        },
                        "end": {
                          "line": 26,
                          "column": 3
                        }
                      },
                      "properties": [
                        {
                          "type": "ObjectProperty",
                          "start": 417,
                          "end": 427,
                          "loc": {
                            "start": {
                              "line": 23,
                              "column": 4
                            },
                            "end": {
                              "line": 23,
                              "column": 14
                            }
                          },
                          "method": false,
                          "shorthand": false,
                          "computed": false,
                          "key": {
                            "type": "StringLiteral",
                            "start": 417,
                            "end": 423,
                            "loc": {
                              "start": {
                                "line": 23,
                                "column": 4
                              },
                              "end": {
                                "line": 23,
                                "column": 10
                              }
                            },
                            "extra": {
                              "rawValue": "show",
                              "raw": "'show'"
                            },
                            "value": "show"
                          },
                          "value": {
                            "type": "StringLiteral",
                            "start": 425,
                            "end": 427,
                            "loc": {
                              "start": {
                                "line": 23,
                                "column": 12
                              },
                              "end": {
                                "line": 23,
                                "column": 14
                              }
                            },
                            "extra": {
                              "rawValue": "",
                              "raw": "''"
                            },
                            "value": ""
                          }
                        },
                        {
                          "type": "ObjectProperty",
                          "start": 433,
                          "end": 445,
                          "loc": {
                            "start": {
                              "line": 24,
                              "column": 4
                            },
                            "end": {
                              "line": 24,
                              "column": 16
                            }
                          },
                          "method": false,
                          "shorthand": false,
                          "computed": false,
                          "key": {
                            "type": "StringLiteral",
                            "start": 433,
                            "end": 439,
                            "loc": {
                              "start": {
                                "line": 24,
                                "column": 4
                              },
                              "end": {
                                "line": 24,
                                "column": 10
                              }
                            },
                            "extra": {
                              "rawValue": "when",
                              "raw": "'when'"
                            },
                            "value": "when"
                          },
                          "value": {
                            "type": "NullLiteral",
                            "start": 441,
                            "end": 445,
                            "loc": {
                              "start": {
                                "line": 24,
                                "column": 12
                              },
                              "end": {
                                "line": 24,
                                "column": 16
                              }
                            }
                          }
                        },
                        {
                          "type": "ObjectProperty",
                          "start": 451,
                          "end": 459,
                          "loc": {
                            "start": {
                              "line": 25,
                              "column": 4
                            },
                            "end": {
                              "line": 25,
                              "column": 12
                            }
                          },
                          "method": false,
                          "shorthand": false,
                          "computed": false,
                          "key": {
                            "type": "StringLiteral",
                            "start": 451,
                            "end": 455,
                            "loc": {
                              "start": {
                                "line": 25,
                                "column": 4
                              },
                              "end": {
                                "line": 25,
                                "column": 8
                              }
                            },
                            "extra": {
                              "rawValue": "eq",
                              "raw": "'eq'"
                            },
                            "value": "eq"
                          },
                          "value": {
                            "type": "StringLiteral",
                            "start": 457,
                            "end": 459,
                            "loc": {
                              "start": {
                                "line": 25,
                                "column": 10
                              },
                              "end": {
                                "line": 25,
                                "column": 12
                              }
                            },
                            "extra": {
                              "rawValue": "",
                              "raw": "''"
                            },
                            "value": ""
                          }
                        }
                      ]
                    }
                  }
                ]
              }
            }
          ],
          "kind": "const",
          "leadingComments": [],
          "trailingComments": []
        }
      }
    ],
    "directives": []
  },
  "comments": [],
  "tokens": [
    {
      "type": {
        "label": "export",
        "keyword": "export",
        "beforeExpr": false,
        "startsExpr": false,
        "rightAssociative": false,
        "isLoop": false,
        "isAssign": false,
        "prefix": false,
        "postfix": false,
        "binop": null,
        "updateContext": null
      },
      "value": "export",
      "start": 0,
      "end": 6,
      "loc": {
        "start": {
          "line": 1,
          "column": 0
        },
        "end": {
          "line": 1,
          "column": 6
        }
      }
    },
    {
      "type": {
        "label": "const",
        "keyword": "const",
        "beforeExpr": false,
        "startsExpr": false,
        "rightAssociative": false,
        "isLoop": false,
        "isAssign": false,
        "prefix": false,
        "postfix": false,
        "binop": null,
        "updateContext": null
      },
      "value": "const",
      "start": 7,
      "end": 12,
      "loc": {
        "start": {
          "line": 1,
          "column": 7
        },
        "end": {
          "line": 1,
          "column": 12
        }
      }
    },
    {
      "type": {
        "label": "name",
        "beforeExpr": false,
        "startsExpr": true,
        "rightAssociative": false,
        "isLoop": false,
        "isAssign": false,
        "prefix": false,
        "postfix": false,
        "binop": null
      },
      "value": "component",
      "start": 13,
      "end": 22,
      "loc": {
        "start": {
          "line": 1,
          "column": 13
        },
        "end": {
          "line": 1,
          "column": 22
        }
      }
    },
    {
      "type": {
        "label": "=",
        "beforeExpr": true,
        "startsExpr": false,
        "rightAssociative": false,
        "isLoop": false,
        "isAssign": true,
        "prefix": false,
        "postfix": false,
        "binop": null,
        "updateContext": null
      },
      "value": "=",
      "start": 23,
      "end": 24,
      "loc": {
        "start": {
          "line": 1,
          "column": 23
        },
        "end": {
          "line": 1,
          "column": 24
        }
      }
    },
    {
      "type": {
        "label": "{",
        "beforeExpr": true,
        "startsExpr": true,
        "rightAssociative": false,
        "isLoop": false,
        "isAssign": false,
        "prefix": false,
        "postfix": false,
        "binop": null
      },
      "start": 25,
      "end": 26,
      "loc": {
        "start": {
          "line": 1,
          "column": 25
        },
        "end": {
          "line": 1,
          "column": 26
        }
      }
    },
    {
      "type": {
        "label": "string",
        "beforeExpr": false,
        "startsExpr": true,
        "rightAssociative": false,
        "isLoop": false,
        "isAssign": false,
        "prefix": false,
        "postfix": false,
        "binop": null,
        "updateContext": null
      },
      "value": "input",
      "start": 29,
      "end": 36,
      "loc": {
        "start": {
          "line": 2,
          "column": 2
        },
        "end": {
          "line": 2,
          "column": 9
        }
      }
    },
    {
      "type": {
        "label": ":",
        "beforeExpr": true,
        "startsExpr": false,
        "rightAssociative": false,
        "isLoop": false,
        "isAssign": false,
        "prefix": false,
        "postfix": false,
        "binop": null,
        "updateContext": null
      },
      "start": 36,
      "end": 37,
      "loc": {
        "start": {
          "line": 2,
          "column": 9
        },
        "end": {
          "line": 2,
          "column": 10
        }
      }
    },
    {
      "type": {
        "label": "true",
        "keyword": "true",
        "beforeExpr": false,
        "startsExpr": true,
        "rightAssociative": false,
        "isLoop": false,
        "isAssign": false,
        "prefix": false,
        "postfix": false,
        "binop": null,
        "updateContext": null
      },
      "value": "true",
      "start": 38,
      "end": 42,
      "loc": {
        "start": {
          "line": 2,
          "column": 11
        },
        "end": {
          "line": 2,
          "column": 15
        }
      }
    },
    {
      "type": {
        "label": ",",
        "beforeExpr": true,
        "startsExpr": false,
        "rightAssociative": false,
        "isLoop": false,
        "isAssign": false,
        "prefix": false,
        "postfix": false,
        "binop": null,
        "updateContext": null
      },
      "start": 42,
      "end": 43,
      "loc": {
        "start": {
          "line": 2,
          "column": 15
        },
        "end": {
          "line": 2,
          "column": 16
        }
      }
    },
    {
      "type": {
        "label": "string",
        "beforeExpr": false,
        "startsExpr": true,
        "rightAssociative": false,
        "isLoop": false,
        "isAssign": false,
        "prefix": false,
        "postfix": false,
        "binop": null,
        "updateContext": null
      },
      "value": "tableView",
      "start": 46,
      "end": 57,
      "loc": {
        "start": {
          "line": 3,
          "column": 2
        },
        "end": {
          "line": 3,
          "column": 13
        }
      }
    },
    {
      "type": {
        "label": ":",
        "beforeExpr": true,
        "startsExpr": false,
        "rightAssociative": false,
        "isLoop": false,
        "isAssign": false,
        "prefix": false,
        "postfix": false,
        "binop": null,
        "updateContext": null
      },
      "start": 57,
      "end": 58,
      "loc": {
        "start": {
          "line": 3,
          "column": 13
        },
        "end": {
          "line": 3,
          "column": 14
        }
      }
    },
    {
      "type": {
        "label": "true",
        "keyword": "true",
        "beforeExpr": false,
        "startsExpr": true,
        "rightAssociative": false,
        "isLoop": false,
        "isAssign": false,
        "prefix": false,
        "postfix": false,
        "binop": null,
        "updateContext": null
      },
      "value": "true",
      "start": 59,
      "end": 63,
      "loc": {
        "start": {
          "line": 3,
          "column": 15
        },
        "end": {
          "line": 3,
          "column": 19
        }
      }
    },
    {
      "type": {
        "label": ",",
        "beforeExpr": true,
        "startsExpr": false,
        "rightAssociative": false,
        "isLoop": false,
        "isAssign": false,
        "prefix": false,
        "postfix": false,
        "binop": null,
        "updateContext": null
      },
      "start": 63,
      "end": 64,
      "loc": {
        "start": {
          "line": 3,
          "column": 19
        },
        "end": {
          "line": 3,
          "column": 20
        }
      }
    },
    {
      "type": {
        "label": "string",
        "beforeExpr": false,
        "startsExpr": true,
        "rightAssociative": false,
        "isLoop": false,
        "isAssign": false,
        "prefix": false,
        "postfix": false,
        "binop": null,
        "updateContext": null
      },
      "value": "inputMask",
      "start": 67,
      "end": 78,
      "loc": {
        "start": {
          "line": 4,
          "column": 2
        },
        "end": {
          "line": 4,
          "column": 13
        }
      }
    },
    {
      "type": {
        "label": ":",
        "beforeExpr": true,
        "startsExpr": false,
        "rightAssociative": false,
        "isLoop": false,
        "isAssign": false,
        "prefix": false,
        "postfix": false,
        "binop": null,
        "updateContext": null
      },
      "start": 78,
      "end": 79,
      "loc": {
        "start": {
          "line": 4,
          "column": 13
        },
        "end": {
          "line": 4,
          "column": 14
        }
      }
    },
    {
      "type": {
        "label": "string",
        "beforeExpr": false,
        "startsExpr": true,
        "rightAssociative": false,
        "isLoop": false,
        "isAssign": false,
        "prefix": false,
        "postfix": false,
        "binop": null,
        "updateContext": null
      },
      "value": "(999) 999-9999",
      "start": 80,
      "end": 96,
      "loc": {
        "start": {
          "line": 4,
          "column": 15
        },
        "end": {
          "line": 4,
          "column": 31
        }
      }
    },
    {
      "type": {
        "label": ",",
        "beforeExpr": true,
        "startsExpr": false,
        "rightAssociative": false,
        "isLoop": false,
        "isAssign": false,
        "prefix": false,
        "postfix": false,
        "binop": null,
        "updateContext": null
      },
      "start": 96,
      "end": 97,
      "loc": {
        "start": {
          "line": 4,
          "column": 31
        },
        "end": {
          "line": 4,
          "column": 32
        }
      }
    },
    {
      "type": {
        "label": "string",
        "beforeExpr": false,
        "startsExpr": true,
        "rightAssociative": false,
        "isLoop": false,
        "isAssign": false,
        "prefix": false,
        "postfix": false,
        "binop": null,
        "updateContext": null
      },
      "value": "label",
      "start": 100,
      "end": 107,
      "loc": {
        "start": {
          "line": 5,
          "column": 2
        },
        "end": {
          "line": 5,
          "column": 9
        }
      }
    },
    {
      "type": {
        "label": ":",
        "beforeExpr": true,
        "startsExpr": false,
        "rightAssociative": false,
        "isLoop": false,
        "isAssign": false,
        "prefix": false,
        "postfix": false,
        "binop": null,
        "updateContext": null
      },
      "start": 107,
      "end": 108,
      "loc": {
        "start": {
          "line": 5,
          "column": 9
        },
        "end": {
          "line": 5,
          "column": 10
        }
      }
    },
    {
      "type": {
        "label": "string",
        "beforeExpr": false,
        "startsExpr": true,
        "rightAssociative": false,
        "isLoop": false,
        "isAssign": false,
        "prefix": false,
        "postfix": false,
        "binop": null,
        "updateContext": null
      },
      "value": "Phone Number",
      "start": 109,
      "end": 123,
      "loc": {
        "start": {
          "line": 5,
          "column": 11
        },
        "end": {
          "line": 5,
          "column": 25
        }
      }
    },
    {
      "type": {
        "label": ",",
        "beforeExpr": true,
        "startsExpr": false,
        "rightAssociative": false,
        "isLoop": false,
        "isAssign": false,
        "prefix": false,
        "postfix": false,
        "binop": null,
        "updateContext": null
      },
      "start": 123,
      "end": 124,
      "loc": {
        "start": {
          "line": 5,
          "column": 25
        },
        "end": {
          "line": 5,
          "column": 26
        }
      }
    },
    {
      "type": {
        "label": "string",
        "beforeExpr": false,
        "startsExpr": true,
        "rightAssociative": false,
        "isLoop": false,
        "isAssign": false,
        "prefix": false,
        "postfix": false,
        "binop": null,
        "updateContext": null
      },
      "value": "key",
      "start": 127,
      "end": 132,
      "loc": {
        "start": {
          "line": 6,
          "column": 2
        },
        "end": {
          "line": 6,
          "column": 7
        }
      }
    },
    {
      "type": {
        "label": ":",
        "beforeExpr": true,
        "startsExpr": false,
        "rightAssociative": false,
        "isLoop": false,
        "isAssign": false,
        "prefix": false,
        "postfix": false,
        "binop": null,
        "updateContext": null
      },
      "start": 132,
      "end": 133,
      "loc": {
        "start": {
          "line": 6,
          "column": 7
        },
        "end": {
          "line": 6,
          "column": 8
        }
      }
    },
    {
      "type": {
        "label": "string",
        "beforeExpr": false,
        "startsExpr": true,
        "rightAssociative": false,
        "isLoop": false,
        "isAssign": false,
        "prefix": false,
        "postfix": false,
        "binop": null,
        "updateContext": null
      },
      "value": "phoneNumber",
      "start": 134,
      "end": 147,
      "loc": {
        "start": {
          "line": 6,
          "column": 9
        },
        "end": {
          "line": 6,
          "column": 22
        }
      }
    },
    {
      "type": {
        "label": ",",
        "beforeExpr": true,
        "startsExpr": false,
        "rightAssociative": false,
        "isLoop": false,
        "isAssign": false,
        "prefix": false,
        "postfix": false,
        "binop": null,
        "updateContext": null
      },
      "start": 147,
      "end": 148,
      "loc": {
        "start": {
          "line": 6,
          "column": 22
        },
        "end": {
          "line": 6,
          "column": 23
        }
      }
    },
    {
      "type": {
        "label": "string",
        "beforeExpr": false,
        "startsExpr": true,
        "rightAssociative": false,
        "isLoop": false,
        "isAssign": false,
        "prefix": false,
        "postfix": false,
        "binop": null,
        "updateContext": null
      },
      "value": "placeholder",
      "start": 151,
      "end": 164,
      "loc": {
        "start": {
          "line": 7,
          "column": 2
        },
        "end": {
          "line": 7,
          "column": 15
        }
      }
    },
    {
      "type": {
        "label": ":",
        "beforeExpr": true,
        "startsExpr": false,
        "rightAssociative": false,
        "isLoop": false,
        "isAssign": false,
        "prefix": false,
        "postfix": false,
        "binop": null,
        "updateContext": null
      },
      "start": 164,
      "end": 165,
      "loc": {
        "start": {
          "line": 7,
          "column": 15
        },
        "end": {
          "line": 7,
          "column": 16
        }
      }
    },
    {
      "type": {
        "label": "string",
        "beforeExpr": false,
        "startsExpr": true,
        "rightAssociative": false,
        "isLoop": false,
        "isAssign": false,
        "prefix": false,
        "postfix": false,
        "binop": null,
        "updateContext": null
      },
      "value": "",
      "start": 166,
      "end": 168,
      "loc": {
        "start": {
          "line": 7,
          "column": 17
        },
        "end": {
          "line": 7,
          "column": 19
        }
      }
    },
    {
      "type": {
        "label": ",",
        "beforeExpr": true,
        "startsExpr": false,
        "rightAssociative": false,
        "isLoop": false,
        "isAssign": false,
        "prefix": false,
        "postfix": false,
        "binop": null,
        "updateContext": null
      },
      "start": 168,
      "end": 169,
      "loc": {
        "start": {
          "line": 7,
          "column": 19
        },
        "end": {
          "line": 7,
          "column": 20
        }
      }
    },
    {
      "type": {
        "label": "string",
        "beforeExpr": false,
        "startsExpr": true,
        "rightAssociative": false,
        "isLoop": false,
        "isAssign": false,
        "prefix": false,
        "postfix": false,
        "binop": null,
        "updateContext": null
      },
      "value": "prefix",
      "start": 172,
      "end": 180,
      "loc": {
        "start": {
          "line": 8,
          "column": 2
        },
        "end": {
          "line": 8,
          "column": 10
        }
      }
    },
    {
      "type": {
        "label": ":",
        "beforeExpr": true,
        "startsExpr": false,
        "rightAssociative": false,
        "isLoop": false,
        "isAssign": false,
        "prefix": false,
        "postfix": false,
        "binop": null,
        "updateContext": null
      },
      "start": 180,
      "end": 181,
      "loc": {
        "start": {
          "line": 8,
          "column": 10
        },
        "end": {
          "line": 8,
          "column": 11
        }
      }
    },
    {
      "type": {
        "label": "string",
        "beforeExpr": false,
        "startsExpr": true,
        "rightAssociative": false,
        "isLoop": false,
        "isAssign": false,
        "prefix": false,
        "postfix": false,
        "binop": null,
        "updateContext": null
      },
      "value": "",
      "start": 182,
      "end": 184,
      "loc": {
        "start": {
          "line": 8,
          "column": 12
        },
        "end": {
          "line": 8,
          "column": 14
        }
      }
    },
    {
      "type": {
        "label": ",",
        "beforeExpr": true,
        "startsExpr": false,
        "rightAssociative": false,
        "isLoop": false,
        "isAssign": false,
        "prefix": false,
        "postfix": false,
        "binop": null,
        "updateContext": null
      },
      "start": 184,
      "end": 185,
      "loc": {
        "start": {
          "line": 8,
          "column": 14
        },
        "end": {
          "line": 8,
          "column": 15
        }
      }
    },
    {
      "type": {
        "label": "string",
        "beforeExpr": false,
        "startsExpr": true,
        "rightAssociative": false,
        "isLoop": false,
        "isAssign": false,
        "prefix": false,
        "postfix": false,
        "binop": null,
        "updateContext": null
      },
      "value": "suffix",
      "start": 188,
      "end": 196,
      "loc": {
        "start": {
          "line": 9,
          "column": 2
        },
        "end": {
          "line": 9,
          "column": 10
        }
      }
    },
    {
      "type": {
        "label": ":",
        "beforeExpr": true,
        "startsExpr": false,
        "rightAssociative": false,
        "isLoop": false,
        "isAssign": false,
        "prefix": false,
        "postfix": false,
        "binop": null,
        "updateContext": null
      },
      "start": 196,
      "end": 197,
      "loc": {
        "start": {
          "line": 9,
          "column": 10
        },
        "end": {
          "line": 9,
          "column": 11
        }
      }
    },
    {
      "type": {
        "label": "string",
        "beforeExpr": false,
        "startsExpr": true,
        "rightAssociative": false,
        "isLoop": false,
        "isAssign": false,
        "prefix": false,
        "postfix": false,
        "binop": null,
        "updateContext": null
      },
      "value": "",
      "start": 198,
      "end": 200,
      "loc": {
        "start": {
          "line": 9,
          "column": 12
        },
        "end": {
          "line": 9,
          "column": 14
        }
      }
    },
    {
      "type": {
        "label": ",",
        "beforeExpr": true,
        "startsExpr": false,
        "rightAssociative": false,
        "isLoop": false,
        "isAssign": false,
        "prefix": false,
        "postfix": false,
        "binop": null,
        "updateContext": null
      },
      "start": 200,
      "end": 201,
      "loc": {
        "start": {
          "line": 9,
          "column": 14
        },
        "end": {
          "line": 9,
          "column": 15
        }
      }
    },
    {
      "type": {
        "label": "string",
        "beforeExpr": false,
        "startsExpr": true,
        "rightAssociative": false,
        "isLoop": false,
        "isAssign": false,
        "prefix": false,
        "postfix": false,
        "binop": null,
        "updateContext": null
      },
      "value": "multiple",
      "start": 204,
      "end": 214,
      "loc": {
        "start": {
          "line": 10,
          "column": 2
        },
        "end": {
          "line": 10,
          "column": 12
        }
      }
    },
    {
      "type": {
        "label": ":",
        "beforeExpr": true,
        "startsExpr": false,
        "rightAssociative": false,
        "isLoop": false,
        "isAssign": false,
        "prefix": false,
        "postfix": false,
        "binop": null,
        "updateContext": null
      },
      "start": 214,
      "end": 215,
      "loc": {
        "start": {
          "line": 10,
          "column": 12
        },
        "end": {
          "line": 10,
          "column": 13
        }
      }
    },
    {
      "type": {
        "label": "false",
        "keyword": "false",
        "beforeExpr": false,
        "startsExpr": true,
        "rightAssociative": false,
        "isLoop": false,
        "isAssign": false,
        "prefix": false,
        "postfix": false,
        "binop": null,
        "updateContext": null
      },
      "value": "false",
      "start": 216,
      "end": 221,
      "loc": {
        "start": {
          "line": 10,
          "column": 14
        },
        "end": {
          "line": 10,
          "column": 19
        }
      }
    },
    {
      "type": {
        "label": ",",
        "beforeExpr": true,
        "startsExpr": false,
        "rightAssociative": false,
        "isLoop": false,
        "isAssign": false,
        "prefix": false,
        "postfix": false,
        "binop": null,
        "updateContext": null
      },
      "start": 221,
      "end": 222,
      "loc": {
        "start": {
          "line": 10,
          "column": 19
        },
        "end": {
          "line": 10,
          "column": 20
        }
      }
    },
    {
      "type": {
        "label": "string",
        "beforeExpr": false,
        "startsExpr": true,
        "rightAssociative": false,
        "isLoop": false,
        "isAssign": false,
        "prefix": false,
        "postfix": false,
        "binop": null,
        "updateContext": null
      },
      "value": "protected",
      "start": 225,
      "end": 236,
      "loc": {
        "start": {
          "line": 11,
          "column": 2
        },
        "end": {
          "line": 11,
          "column": 13
        }
      }
    },
    {
      "type": {
        "label": ":",
        "beforeExpr": true,
        "startsExpr": false,
        "rightAssociative": false,
        "isLoop": false,
        "isAssign": false,
        "prefix": false,
        "postfix": false,
        "binop": null,
        "updateContext": null
      },
      "start": 236,
      "end": 237,
      "loc": {
        "start": {
          "line": 11,
          "column": 13
        },
        "end": {
          "line": 11,
          "column": 14
        }
      }
    },
    {
      "type": {
        "label": "false",
        "keyword": "false",
        "beforeExpr": false,
        "startsExpr": true,
        "rightAssociative": false,
        "isLoop": false,
        "isAssign": false,
        "prefix": false,
        "postfix": false,
        "binop": null,
        "updateContext": null
      },
      "value": "false",
      "start": 238,
      "end": 243,
      "loc": {
        "start": {
          "line": 11,
          "column": 15
        },
        "end": {
          "line": 11,
          "column": 20
        }
      }
    },
    {
      "type": {
        "label": ",",
        "beforeExpr": true,
        "startsExpr": false,
        "rightAssociative": false,
        "isLoop": false,
        "isAssign": false,
        "prefix": false,
        "postfix": false,
        "binop": null,
        "updateContext": null
      },
      "start": 243,
      "end": 244,
      "loc": {
        "start": {
          "line": 11,
          "column": 20
        },
        "end": {
          "line": 11,
          "column": 21
        }
      }
    },
    {
      "type": {
        "label": "string",
        "beforeExpr": false,
        "startsExpr": true,
        "rightAssociative": false,
        "isLoop": false,
        "isAssign": false,
        "prefix": false,
        "postfix": false,
        "binop": null,
        "updateContext": null
      },
      "value": "unique",
      "start": 247,
      "end": 255,
      "loc": {
        "start": {
          "line": 12,
          "column": 2
        },
        "end": {
          "line": 12,
          "column": 10
        }
      }
    },
    {
      "type": {
        "label": ":",
        "beforeExpr": true,
        "startsExpr": false,
        "rightAssociative": false,
        "isLoop": false,
        "isAssign": false,
        "prefix": false,
        "postfix": false,
        "binop": null,
        "updateContext": null
      },
      "start": 255,
      "end": 256,
      "loc": {
        "start": {
          "line": 12,
          "column": 10
        },
        "end": {
          "line": 12,
          "column": 11
        }
      }
    },
    {
      "type": {
        "label": "false",
        "keyword": "false",
        "beforeExpr": false,
        "startsExpr": true,
        "rightAssociative": false,
        "isLoop": false,
        "isAssign": false,
        "prefix": false,
        "postfix": false,
        "binop": null,
        "updateContext": null
      },
      "value": "false",
      "start": 257,
      "end": 262,
      "loc": {
        "start": {
          "line": 12,
          "column": 12
        },
        "end": {
          "line": 12,
          "column": 17
        }
      }
    },
    {
      "type": {
        "label": ",",
        "beforeExpr": true,
        "startsExpr": false,
        "rightAssociative": false,
        "isLoop": false,
        "isAssign": false,
        "prefix": false,
        "postfix": false,
        "binop": null,
        "updateContext": null
      },
      "start": 262,
      "end": 263,
      "loc": {
        "start": {
          "line": 12,
          "column": 17
        },
        "end": {
          "line": 12,
          "column": 18
        }
      }
    },
    {
      "type": {
        "label": "string",
        "beforeExpr": false,
        "startsExpr": true,
        "rightAssociative": false,
        "isLoop": false,
        "isAssign": false,
        "prefix": false,
        "postfix": false,
        "binop": null,
        "updateContext": null
      },
      "value": "persistent",
      "start": 266,
      "end": 278,
      "loc": {
        "start": {
          "line": 13,
          "column": 2
        },
        "end": {
          "line": 13,
          "column": 14
        }
      }
    },
    {
      "type": {
        "label": ":",
        "beforeExpr": true,
        "startsExpr": false,
        "rightAssociative": false,
        "isLoop": false,
        "isAssign": false,
        "prefix": false,
        "postfix": false,
        "binop": null,
        "updateContext": null
      },
      "start": 278,
      "end": 279,
      "loc": {
        "start": {
          "line": 13,
          "column": 14
        },
        "end": {
          "line": 13,
          "column": 15
        }
      }
    },
    {
      "type": {
        "label": "true",
        "keyword": "true",
        "beforeExpr": false,
        "startsExpr": true,
        "rightAssociative": false,
        "isLoop": false,
        "isAssign": false,
        "prefix": false,
        "postfix": false,
        "binop": null,
        "updateContext": null
      },
      "value": "true",
      "start": 280,
      "end": 284,
      "loc": {
        "start": {
          "line": 13,
          "column": 16
        },
        "end": {
          "line": 13,
          "column": 20
        }
      }
    },
    {
      "type": {
        "label": ",",
        "beforeExpr": true,
        "startsExpr": false,
        "rightAssociative": false,
        "isLoop": false,
        "isAssign": false,
        "prefix": false,
        "postfix": false,
        "binop": null,
        "updateContext": null
      },
      "start": 284,
      "end": 285,
      "loc": {
        "start": {
          "line": 13,
          "column": 20
        },
        "end": {
          "line": 13,
          "column": 21
        }
      }
    },
    {
      "type": {
        "label": "string",
        "beforeExpr": false,
        "startsExpr": true,
        "rightAssociative": false,
        "isLoop": false,
        "isAssign": false,
        "prefix": false,
        "postfix": false,
        "binop": null,
        "updateContext": null
      },
      "value": "defaultValue",
      "start": 288,
      "end": 302,
      "loc": {
        "start": {
          "line": 14,
          "column": 2
        },
        "end": {
          "line": 14,
          "column": 16
        }
      }
    },
    {
      "type": {
        "label": ":",
        "beforeExpr": true,
        "startsExpr": false,
        "rightAssociative": false,
        "isLoop": false,
        "isAssign": false,
        "prefix": false,
        "postfix": false,
        "binop": null,
        "updateContext": null
      },
      "start": 302,
      "end": 303,
      "loc": {
        "start": {
          "line": 14,
          "column": 16
        },
        "end": {
          "line": 14,
          "column": 17
        }
      }
    },
    {
      "type": {
        "label": "string",
        "beforeExpr": false,
        "startsExpr": true,
        "rightAssociative": false,
        "isLoop": false,
        "isAssign": false,
        "prefix": false,
        "postfix": false,
        "binop": null,
        "updateContext": null
      },
      "value": "",
      "start": 304,
      "end": 306,
      "loc": {
        "start": {
          "line": 14,
          "column": 18
        },
        "end": {
          "line": 14,
          "column": 20
        }
      }
    },
    {
      "type": {
        "label": ",",
        "beforeExpr": true,
        "startsExpr": false,
        "rightAssociative": false,
        "isLoop": false,
        "isAssign": false,
        "prefix": false,
        "postfix": false,
        "binop": null,
        "updateContext": null
      },
      "start": 306,
      "end": 307,
      "loc": {
        "start": {
          "line": 14,
          "column": 20
        },
        "end": {
          "line": 14,
          "column": 21
        }
      }
    },
    {
      "type": {
        "label": "string",
        "beforeExpr": false,
        "startsExpr": true,
        "rightAssociative": false,
        "isLoop": false,
        "isAssign": false,
        "prefix": false,
        "postfix": false,
        "binop": null,
        "updateContext": null
      },
      "value": "validate",
      "start": 310,
      "end": 320,
      "loc": {
        "start": {
          "line": 15,
          "column": 2
        },
        "end": {
          "line": 15,
          "column": 12
        }
      }
    },
    {
      "type": {
        "label": ":",
        "beforeExpr": true,
        "startsExpr": false,
        "rightAssociative": false,
        "isLoop": false,
        "isAssign": false,
        "prefix": false,
        "postfix": false,
        "binop": null,
        "updateContext": null
      },
      "start": 320,
      "end": 321,
      "loc": {
        "start": {
          "line": 15,
          "column": 12
        },
        "end": {
          "line": 15,
          "column": 13
        }
      }
    },
    {
      "type": {
        "label": "{",
        "beforeExpr": true,
        "startsExpr": true,
        "rightAssociative": false,
        "isLoop": false,
        "isAssign": false,
        "prefix": false,
        "postfix": false,
        "binop": null
      },
      "start": 322,
      "end": 323,
      "loc": {
        "start": {
          "line": 15,
          "column": 14
        },
        "end": {
          "line": 15,
          "column": 15
        }
      }
    },
    {
      "type": {
        "label": "string",
        "beforeExpr": false,
        "startsExpr": true,
        "rightAssociative": false,
        "isLoop": false,
        "isAssign": false,
        "prefix": false,
        "postfix": false,
        "binop": null,
        "updateContext": null
      },
      "value": "required",
      "start": 328,
      "end": 338,
      "loc": {
        "start": {
          "line": 16,
          "column": 4
        },
        "end": {
          "line": 16,
          "column": 14
        }
      }
    },
    {
      "type": {
        "label": ":",
        "beforeExpr": true,
        "startsExpr": false,
        "rightAssociative": false,
        "isLoop": false,
        "isAssign": false,
        "prefix": false,
        "postfix": false,
        "binop": null,
        "updateContext": null
      },
      "start": 338,
      "end": 339,
      "loc": {
        "start": {
          "line": 16,
          "column": 14
        },
        "end": {
          "line": 16,
          "column": 15
        }
      }
    },
    {
      "type": {
        "label": "false",
        "keyword": "false",
        "beforeExpr": false,
        "startsExpr": true,
        "rightAssociative": false,
        "isLoop": false,
        "isAssign": false,
        "prefix": false,
        "postfix": false,
        "binop": null,
        "updateContext": null
      },
      "value": "false",
      "start": 340,
      "end": 345,
      "loc": {
        "start": {
          "line": 16,
          "column": 16
        },
        "end": {
          "line": 16,
          "column": 21
        }
      }
    },
    {
      "type": {
        "label": "}",
        "beforeExpr": false,
        "startsExpr": false,
        "rightAssociative": false,
        "isLoop": false,
        "isAssign": false,
        "prefix": false,
        "postfix": false,
        "binop": null
      },
      "start": 348,
      "end": 349,
      "loc": {
        "start": {
          "line": 17,
          "column": 2
        },
        "end": {
          "line": 17,
          "column": 3
        }
      }
    },
    {
      "type": {
        "label": ",",
        "beforeExpr": true,
        "startsExpr": false,
        "rightAssociative": false,
        "isLoop": false,
        "isAssign": false,
        "prefix": false,
        "postfix": false,
        "binop": null,
        "updateContext": null
      },
      "start": 349,
      "end": 350,
      "loc": {
        "start": {
          "line": 17,
          "column": 3
        },
        "end": {
          "line": 17,
          "column": 4
        }
      }
    },
    {
      "type": {
        "label": "string",
        "beforeExpr": false,
        "startsExpr": true,
        "rightAssociative": false,
        "isLoop": false,
        "isAssign": false,
        "prefix": false,
        "postfix": false,
        "binop": null,
        "updateContext": null
      },
      "value": "type",
      "start": 353,
      "end": 359,
      "loc": {
        "start": {
          "line": 18,
          "column": 2
        },
        "end": {
          "line": 18,
          "column": 8
        }
      }
    },
    {
      "type": {
        "label": ":",
        "beforeExpr": true,
        "startsExpr": false,
        "rightAssociative": false,
        "isLoop": false,
        "isAssign": false,
        "prefix": false,
        "postfix": false,
        "binop": null,
        "updateContext": null
      },
      "start": 359,
      "end": 360,
      "loc": {
        "start": {
          "line": 18,
          "column": 8
        },
        "end": {
          "line": 18,
          "column": 9
        }
      }
    },
    {
      "type": {
        "label": "string",
        "beforeExpr": false,
        "startsExpr": true,
        "rightAssociative": false,
        "isLoop": false,
        "isAssign": false,
        "prefix": false,
        "postfix": false,
        "binop": null,
        "updateContext": null
      },
      "value": "phoneNumber",
      "start": 361,
      "end": 374,
      "loc": {
        "start": {
          "line": 18,
          "column": 10
        },
        "end": {
          "line": 18,
          "column": 23
        }
      }
    },
    {
      "type": {
        "label": ",",
        "beforeExpr": true,
        "startsExpr": false,
        "rightAssociative": false,
        "isLoop": false,
        "isAssign": false,
        "prefix": false,
        "postfix": false,
        "binop": null,
        "updateContext": null
      },
      "start": 374,
      "end": 375,
      "loc": {
        "start": {
          "line": 18,
          "column": 23
        },
        "end": {
          "line": 18,
          "column": 24
        }
      }
    },
    {
      "type": {
        "label": "string",
        "beforeExpr": false,
        "startsExpr": true,
        "rightAssociative": false,
        "isLoop": false,
        "isAssign": false,
        "prefix": false,
        "postfix": false,
        "binop": null,
        "updateContext": null
      },
      "value": "tags",
      "start": 378,
      "end": 384,
      "loc": {
        "start": {
          "line": 19,
          "column": 2
        },
        "end": {
          "line": 19,
          "column": 8
        }
      }
    },
    {
      "type": {
        "label": ":",
        "beforeExpr": true,
        "startsExpr": false,
        "rightAssociative": false,
        "isLoop": false,
        "isAssign": false,
        "prefix": false,
        "postfix": false,
        "binop": null,
        "updateContext": null
      },
      "start": 384,
      "end": 385,
      "loc": {
        "start": {
          "line": 19,
          "column": 8
        },
        "end": {
          "line": 19,
          "column": 9
        }
      }
    },
    {
      "type": {
        "label": "[",
        "beforeExpr": true,
        "startsExpr": true,
        "rightAssociative": false,
        "isLoop": false,
        "isAssign": false,
        "prefix": false,
        "postfix": false,
        "binop": null,
        "updateContext": null
      },
      "start": 386,
      "end": 387,
      "loc": {
        "start": {
          "line": 19,
          "column": 10
        },
        "end": {
          "line": 19,
          "column": 11
        }
      }
    },
    {
      "type": {
        "label": "]",
        "beforeExpr": false,
        "startsExpr": false,
        "rightAssociative": false,
        "isLoop": false,
        "isAssign": false,
        "prefix": false,
        "postfix": false,
        "binop": null,
        "updateContext": null
      },
      "start": 391,
      "end": 392,
      "loc": {
        "start": {
          "line": 21,
          "column": 2
        },
        "end": {
          "line": 21,
          "column": 3
        }
      }
    },
    {
      "type": {
        "label": ",",
        "beforeExpr": true,
        "startsExpr": false,
        "rightAssociative": false,
        "isLoop": false,
        "isAssign": false,
        "prefix": false,
        "postfix": false,
        "binop": null,
        "updateContext": null
      },
      "start": 392,
      "end": 393,
      "loc": {
        "start": {
          "line": 21,
          "column": 3
        },
        "end": {
          "line": 21,
          "column": 4
        }
      }
    },
    {
      "type": {
        "label": "string",
        "beforeExpr": false,
        "startsExpr": true,
        "rightAssociative": false,
        "isLoop": false,
        "isAssign": false,
        "prefix": false,
        "postfix": false,
        "binop": null,
        "updateContext": null
      },
      "value": "conditional",
      "start": 396,
      "end": 409,
      "loc": {
        "start": {
          "line": 22,
          "column": 2
        },
        "end": {
          "line": 22,
          "column": 15
        }
      }
    },
    {
      "type": {
        "label": ":",
        "beforeExpr": true,
        "startsExpr": false,
        "rightAssociative": false,
        "isLoop": false,
        "isAssign": false,
        "prefix": false,
        "postfix": false,
        "binop": null,
        "updateContext": null
      },
      "start": 409,
      "end": 410,
      "loc": {
        "start": {
          "line": 22,
          "column": 15
        },
        "end": {
          "line": 22,
          "column": 16
        }
      }
    },
    {
      "type": {
        "label": "{",
        "beforeExpr": true,
        "startsExpr": true,
        "rightAssociative": false,
        "isLoop": false,
        "isAssign": false,
        "prefix": false,
        "postfix": false,
        "binop": null
      },
      "start": 411,
      "end": 412,
      "loc": {
        "start": {
          "line": 22,
          "column": 17
        },
        "end": {
          "line": 22,
          "column": 18
        }
      }
    },
    {
      "type": {
        "label": "string",
        "beforeExpr": false,
        "startsExpr": true,
        "rightAssociative": false,
        "isLoop": false,
        "isAssign": false,
        "prefix": false,
        "postfix": false,
        "binop": null,
        "updateContext": null
      },
      "value": "show",
      "start": 417,
      "end": 423,
      "loc": {
        "start": {
          "line": 23,
          "column": 4
        },
        "end": {
          "line": 23,
          "column": 10
        }
      }
    },
    {
      "type": {
        "label": ":",
        "beforeExpr": true,
        "startsExpr": false,
        "rightAssociative": false,
        "isLoop": false,
        "isAssign": false,
        "prefix": false,
        "postfix": false,
        "binop": null,
        "updateContext": null
      },
      "start": 423,
      "end": 424,
      "loc": {
        "start": {
          "line": 23,
          "column": 10
        },
        "end": {
          "line": 23,
          "column": 11
        }
      }
    },
    {
      "type": {
        "label": "string",
        "beforeExpr": false,
        "startsExpr": true,
        "rightAssociative": false,
        "isLoop": false,
        "isAssign": false,
        "prefix": false,
        "postfix": false,
        "binop": null,
        "updateContext": null
      },
      "value": "",
      "start": 425,
      "end": 427,
      "loc": {
        "start": {
          "line": 23,
          "column": 12
        },
        "end": {
          "line": 23,
          "column": 14
        }
      }
    },
    {
      "type": {
        "label": ",",
        "beforeExpr": true,
        "startsExpr": false,
        "rightAssociative": false,
        "isLoop": false,
        "isAssign": false,
        "prefix": false,
        "postfix": false,
        "binop": null,
        "updateContext": null
      },
      "start": 427,
      "end": 428,
      "loc": {
        "start": {
          "line": 23,
          "column": 14
        },
        "end": {
          "line": 23,
          "column": 15
        }
      }
    },
    {
      "type": {
        "label": "string",
        "beforeExpr": false,
        "startsExpr": true,
        "rightAssociative": false,
        "isLoop": false,
        "isAssign": false,
        "prefix": false,
        "postfix": false,
        "binop": null,
        "updateContext": null
      },
      "value": "when",
      "start": 433,
      "end": 439,
      "loc": {
        "start": {
          "line": 24,
          "column": 4
        },
        "end": {
          "line": 24,
          "column": 10
        }
      }
    },
    {
      "type": {
        "label": ":",
        "beforeExpr": true,
        "startsExpr": false,
        "rightAssociative": false,
        "isLoop": false,
        "isAssign": false,
        "prefix": false,
        "postfix": false,
        "binop": null,
        "updateContext": null
      },
      "start": 439,
      "end": 440,
      "loc": {
        "start": {
          "line": 24,
          "column": 10
        },
        "end": {
          "line": 24,
          "column": 11
        }
      }
    },
    {
      "type": {
        "label": "null",
        "keyword": "null",
        "beforeExpr": false,
        "startsExpr": true,
        "rightAssociative": false,
        "isLoop": false,
        "isAssign": false,
        "prefix": false,
        "postfix": false,
        "binop": null,
        "updateContext": null
      },
      "value": "null",
      "start": 441,
      "end": 445,
      "loc": {
        "start": {
          "line": 24,
          "column": 12
        },
        "end": {
          "line": 24,
          "column": 16
        }
      }
    },
    {
      "type": {
        "label": ",",
        "beforeExpr": true,
        "startsExpr": false,
        "rightAssociative": false,
        "isLoop": false,
        "isAssign": false,
        "prefix": false,
        "postfix": false,
        "binop": null,
        "updateContext": null
      },
      "start": 445,
      "end": 446,
      "loc": {
        "start": {
          "line": 24,
          "column": 16
        },
        "end": {
          "line": 24,
          "column": 17
        }
      }
    },
    {
      "type": {
        "label": "string",
        "beforeExpr": false,
        "startsExpr": true,
        "rightAssociative": false,
        "isLoop": false,
        "isAssign": false,
        "prefix": false,
        "postfix": false,
        "binop": null,
        "updateContext": null
      },
      "value": "eq",
      "start": 451,
      "end": 455,
      "loc": {
        "start": {
          "line": 25,
          "column": 4
        },
        "end": {
          "line": 25,
          "column": 8
        }
      }
    },
    {
      "type": {
        "label": ":",
        "beforeExpr": true,
        "startsExpr": false,
        "rightAssociative": false,
        "isLoop": false,
        "isAssign": false,
        "prefix": false,
        "postfix": false,
        "binop": null,
        "updateContext": null
      },
      "start": 455,
      "end": 456,
      "loc": {
        "start": {
          "line": 25,
          "column": 8
        },
        "end": {
          "line": 25,
          "column": 9
        }
      }
    },
    {
      "type": {
        "label": "string",
        "beforeExpr": false,
        "startsExpr": true,
        "rightAssociative": false,
        "isLoop": false,
        "isAssign": false,
        "prefix": false,
        "postfix": false,
        "binop": null,
        "updateContext": null
      },
      "value": "",
      "start": 457,
      "end": 459,
      "loc": {
        "start": {
          "line": 25,
          "column": 10
        },
        "end": {
          "line": 25,
          "column": 12
        }
      }
    },
    {
      "type": {
        "label": "}",
        "beforeExpr": false,
        "startsExpr": false,
        "rightAssociative": false,
        "isLoop": false,
        "isAssign": false,
        "prefix": false,
        "postfix": false,
        "binop": null
      },
      "start": 462,
      "end": 463,
      "loc": {
        "start": {
          "line": 26,
          "column": 2
        },
        "end": {
          "line": 26,
          "column": 3
        }
      }
    },
    {
      "type": {
        "label": "}",
        "beforeExpr": false,
        "startsExpr": false,
        "rightAssociative": false,
        "isLoop": false,
        "isAssign": false,
        "prefix": false,
        "postfix": false,
        "binop": null
      },
      "start": 464,
      "end": 465,
      "loc": {
        "start": {
          "line": 27,
          "column": 0
        },
        "end": {
          "line": 27,
          "column": 1
        }
      }
    },
    {
      "type": {
        "label": ";",
        "beforeExpr": true,
        "startsExpr": false,
        "rightAssociative": false,
        "isLoop": false,
        "isAssign": false,
        "prefix": false,
        "postfix": false,
        "binop": null,
        "updateContext": null
      },
      "start": 465,
      "end": 466,
      "loc": {
        "start": {
          "line": 27,
          "column": 1
        },
        "end": {
          "line": 27,
          "column": 2
        }
      }
    },
    {
      "type": {
        "label": "eof",
        "beforeExpr": false,
        "startsExpr": false,
        "rightAssociative": false,
        "isLoop": false,
        "isAssign": false,
        "prefix": false,
        "postfix": false,
        "binop": null,
        "updateContext": null
      },
      "start": 467,
      "end": 467,
      "loc": {
        "start": {
          "line": 28,
          "column": 0
        },
        "end": {
          "line": 28,
          "column": 0
        }
      }
    }
  ]
}