{
  "type": "File",
  "start": 0,
  "end": 124,
  "loc": {
    "start": {
      "line": 1,
      "column": 0
    },
    "end": {
      "line": 11,
      "column": 0
    }
  },
  "program": {
    "type": "Program",
    "start": 0,
    "end": 124,
    "loc": {
      "start": {
        "line": 1,
        "column": 0
      },
      "end": {
        "line": 11,
        "column": 0
      }
    },
    "sourceType": "module",
    "body": [
      {
        "type": "ExportDefaultDeclaration",
        "start": 0,
        "end": 123,
        "loc": {
          "start": {
            "line": 1,
            "column": 0
          },
          "end": {
            "line": 10,
            "column": 2
          }
        },
        "declaration": {
          "type": "ArrayExpression",
          "start": 15,
          "end": 122,
          "loc": {
            "start": {
              "line": 1,
              "column": 15
            },
            "end": {
              "line": 10,
              "column": 1
            }
          },
          "elements": [
            {
              "type": "ObjectExpression",
              "start": 19,
              "end": 63,
              "loc": {
                "start": {
                  "line": 2,
                  "column": 2
                },
                "end": {
                  "line": 5,
                  "column": 3
                }
              },
              "properties": [
                {
                  "type": "ObjectProperty",
                  "start": 25,
                  "end": 41,
                  "loc": {
                    "start": {
                      "line": 3,
                      "column": 4
                    },
                    "end": {
                      "line": 3,
                      "column": 20
                    }
                  },
                  "method": false,
                  "shorthand": false,
                  "computed": false,
                  "key": {
                    "type": "Identifier",
                    "start": 25,
                    "end": 28,
                    "loc": {
                      "start": {
                        "line": 3,
                        "column": 4
                      },
                      "end": {
                        "line": 3,
                        "column": 7
                      },
                      "identifierName": "key"
                    },
                    "name": "key"
                  },
                  "value": {
                    "type": "StringLiteral",
                    "start": 30,
                    "end": 41,
                    "loc": {
                      "start": {
                        "line": 3,
                        "column": 9
                      },
                      "end": {
                        "line": 3,
                        "column": 20
                      }
                    },
                    "extra": {
                      "rawValue": "inputMask",
                      "raw": "'inputMask'"
                    },
                    "value": "inputMask"
                  }
                },
                {
                  "type": "ObjectProperty",
                  "start": 47,
                  "end": 59,
                  "loc": {
                    "start": {
                      "line": 4,
                      "column": 4
                    },
                    "end": {
                      "line": 4,
                      "column": 16
                    }
                  },
                  "method": false,
                  "shorthand": false,
                  "computed": false,
                  "key": {
                    "type": "Identifier",
                    "start": 47,
                    "end": 53,
                    "loc": {
                      "start": {
                        "line": 4,
                        "column": 4
                      },
                      "end": {
                        "line": 4,
                        "column": 10
                      },
                      "identifierName": "ignore"
                    },
                    "name": "ignore"
                  },
                  "value": {
                    "type": "BooleanLiteral",
                    "start": 55,
                    "end": 59,
                    "loc": {
                      "start": {
                        "line": 4,
                        "column": 12
                      },
                      "end": {
                        "line": 4,
                        "column": 16
                      }
                    },
                    "value": true
                  }
                }
              ]
            },
            {
              "type": "ObjectExpression",
              "start": 67,
              "end": 120,
              "loc": {
                "start": {
                  "line": 6,
                  "column": 2
                },
                "end": {
                  "line": 9,
                  "column": 3
                }
              },
              "properties": [
                {
                  "type": "ObjectProperty",
                  "start": 73,
                  "end": 98,
                  "loc": {
                    "start": {
                      "line": 7,
                      "column": 4
                    },
                    "end": {
                      "line": 7,
                      "column": 29
                    }
                  },
                  "method": false,
                  "shorthand": false,
                  "computed": false,
                  "key": {
                    "type": "Identifier",
                    "start": 73,
                    "end": 76,
                    "loc": {
                      "start": {
                        "line": 7,
                        "column": 4
                      },
                      "end": {
                        "line": 7,
                        "column": 7
                      },
                      "identifierName": "key"
                    },
                    "name": "key"
                  },
                  "value": {
                    "type": "StringLiteral",
                    "start": 78,
                    "end": 98,
                    "loc": {
                      "start": {
                        "line": 7,
                        "column": 9
                      },
                      "end": {
                        "line": 7,
                        "column": 29
                      }
                    },
                    "extra": {
                      "rawValue": "allowMultipleMasks",
                      "raw": "'allowMultipleMasks'"
                    },
                    "value": "allowMultipleMasks"
                  }
                },
                {
                  "type": "ObjectProperty",
                  "start": 104,
                  "end": 116,
                  "loc": {
                    "start": {
                      "line": 8,
                      "column": 4
                    },
                    "end": {
                      "line": 8,
                      "column": 16
                    }
                  },
                  "method": false,
                  "shorthand": false,
                  "computed": false,
                  "key": {
                    "type": "Identifier",
                    "start": 104,
                    "end": 110,
                    "loc": {
                      "start": {
                        "line": 8,
                        "column": 4
                      },
                      "end": {
                        "line": 8,
                        "column": 10
                      },
                      "identifierName": "ignore"
                    },
                    "name": "ignore"
                  },
                  "value": {
                    "type": "BooleanLiteral",
                    "start": 112,
                    "end": 116,
                    "loc": {
                      "start": {
                        "line": 8,
                        "column": 12
                      },
                      "end": {
                        "line": 8,
                        "column": 16
                      }
                    },
                    "value": true
                  }
                }
              ]
            }
          ],
          "leadingComments": [],
          "trailingComments": []
        }
      }
    ],
    "directives": []
  },
  "comments": [],
  "tokens": [
    {
      "type": {
        "label": "export",
        "keyword": "export",
        "beforeExpr": false,
        "startsExpr": false,
        "rightAssociative": false,
        "isLoop": false,
        "isAssign": false,
        "prefix": false,
        "postfix": false,
        "binop": null,
        "updateContext": null
      },
      "value": "export",
      "start": 0,
      "end": 6,
      "loc": {
        "start": {
          "line": 1,
          "column": 0
        },
        "end": {
          "line": 1,
          "column": 6
        }
      }
    },
    {
      "type": {
        "label": "default",
        "keyword": "default",
        "beforeExpr": true,
        "startsExpr": false,
        "rightAssociative": false,
        "isLoop": false,
        "isAssign": false,
        "prefix": false,
        "postfix": false,
        "binop": null,
        "updateContext": null
      },
      "value": "default",
      "start": 7,
      "end": 14,
      "loc": {
        "start": {
          "line": 1,
          "column": 7
        },
        "end": {
          "line": 1,
          "column": 14
        }
      }
    },
    {
      "type": {
        "label": "[",
        "beforeExpr": true,
        "startsExpr": true,
        "rightAssociative": false,
        "isLoop": false,
        "isAssign": false,
        "prefix": false,
        "postfix": false,
        "binop": null,
        "updateContext": null
      },
      "start": 15,
      "end": 16,
      "loc": {
        "start": {
          "line": 1,
          "column": 15
        },
        "end": {
          "line": 1,
          "column": 16
        }
      }
    },
    {
      "type": {
        "label": "{",
        "beforeExpr": true,
        "startsExpr": true,
        "rightAssociative": false,
        "isLoop": false,
        "isAssign": false,
        "prefix": false,
        "postfix": false,
        "binop": null
      },
      "start": 19,
      "end": 20,
      "loc": {
        "start": {
          "line": 2,
          "column": 2
        },
        "end": {
          "line": 2,
          "column": 3
        }
      }
    },
    {
      "type": {
        "label": "name",
        "beforeExpr": false,
        "startsExpr": true,
        "rightAssociative": false,
        "isLoop": false,
        "isAssign": false,
        "prefix": false,
        "postfix": false,
        "binop": null
      },
      "value": "key",
      "start": 25,
      "end": 28,
      "loc": {
        "start": {
          "line": 3,
          "column": 4
        },
        "end": {
          "line": 3,
          "column": 7
        }
      }
    },
    {
      "type": {
        "label": ":",
        "beforeExpr": true,
        "startsExpr": false,
        "rightAssociative": false,
        "isLoop": false,
        "isAssign": false,
        "prefix": false,
        "postfix": false,
        "binop": null,
        "updateContext": null
      },
      "start": 28,
      "end": 29,
      "loc": {
        "start": {
          "line": 3,
          "column": 7
        },
        "end": {
          "line": 3,
          "column": 8
        }
      }
    },
    {
      "type": {
        "label": "string",
        "beforeExpr": false,
        "startsExpr": true,
        "rightAssociative": false,
        "isLoop": false,
        "isAssign": false,
        "prefix": false,
        "postfix": false,
        "binop": null,
        "updateContext": null
      },
      "value": "inputMask",
      "start": 30,
      "end": 41,
      "loc": {
        "start": {
          "line": 3,
          "column": 9
        },
        "end": {
          "line": 3,
          "column": 20
        }
      }
    },
    {
      "type": {
        "label": ",",
        "beforeExpr": true,
        "startsExpr": false,
        "rightAssociative": false,
        "isLoop": false,
        "isAssign": false,
        "prefix": false,
        "postfix": false,
        "binop": null,
        "updateContext": null
      },
      "start": 41,
      "end": 42,
      "loc": {
        "start": {
          "line": 3,
          "column": 20
        },
        "end": {
          "line": 3,
          "column": 21
        }
      }
    },
    {
      "type": {
        "label": "name",
        "beforeExpr": false,
        "startsExpr": true,
        "rightAssociative": false,
        "isLoop": false,
        "isAssign": false,
        "prefix": false,
        "postfix": false,
        "binop": null
      },
      "value": "ignore",
      "start": 47,
      "end": 53,
      "loc": {
        "start": {
          "line": 4,
          "column": 4
        },
        "end": {
          "line": 4,
          "column": 10
        }
      }
    },
    {
      "type": {
        "label": ":",
        "beforeExpr": true,
        "startsExpr": false,
        "rightAssociative": false,
        "isLoop": false,
        "isAssign": false,
        "prefix": false,
        "postfix": false,
        "binop": null,
        "updateContext": null
      },
      "start": 53,
      "end": 54,
      "loc": {
        "start": {
          "line": 4,
          "column": 10
        },
        "end": {
          "line": 4,
          "column": 11
        }
      }
    },
    {
      "type": {
        "label": "true",
        "keyword": "true",
        "beforeExpr": false,
        "startsExpr": true,
        "rightAssociative": false,
        "isLoop": false,
        "isAssign": false,
        "prefix": false,
        "postfix": false,
        "binop": null,
        "updateContext": null
      },
      "value": "true",
      "start": 55,
      "end": 59,
      "loc": {
        "start": {
          "line": 4,
          "column": 12
        },
        "end": {
          "line": 4,
          "column": 16
        }
      }
    },
    {
      "type": {
        "label": "}",
        "beforeExpr": false,
        "startsExpr": false,
        "rightAssociative": false,
        "isLoop": false,
        "isAssign": false,
        "prefix": false,
        "postfix": false,
        "binop": null
      },
      "start": 62,
      "end": 63,
      "loc": {
        "start": {
          "line": 5,
          "column": 2
        },
        "end": {
          "line": 5,
          "column": 3
        }
      }
    },
    {
      "type": {
        "label": ",",
        "beforeExpr": true,
        "startsExpr": false,
        "rightAssociative": false,
        "isLoop": false,
        "isAssign": false,
        "prefix": false,
        "postfix": false,
        "binop": null,
        "updateContext": null
      },
      "start": 63,
      "end": 64,
      "loc": {
        "start": {
          "line": 5,
          "column": 3
        },
        "end": {
          "line": 5,
          "column": 4
        }
      }
    },
    {
      "type": {
        "label": "{",
        "beforeExpr": true,
        "startsExpr": true,
        "rightAssociative": false,
        "isLoop": false,
        "isAssign": false,
        "prefix": false,
        "postfix": false,
        "binop": null
      },
      "start": 67,
      "end": 68,
      "loc": {
        "start": {
          "line": 6,
          "column": 2
        },
        "end": {
          "line": 6,
          "column": 3
        }
      }
    },
    {
      "type": {
        "label": "name",
        "beforeExpr": false,
        "startsExpr": true,
        "rightAssociative": false,
        "isLoop": false,
        "isAssign": false,
        "prefix": false,
        "postfix": false,
        "binop": null
      },
      "value": "key",
      "start": 73,
      "end": 76,
      "loc": {
        "start": {
          "line": 7,
          "column": 4
        },
        "end": {
          "line": 7,
          "column": 7
        }
      }
    },
    {
      "type": {
        "label": ":",
        "beforeExpr": true,
        "startsExpr": false,
        "rightAssociative": false,
        "isLoop": false,
        "isAssign": false,
        "prefix": false,
        "postfix": false,
        "binop": null,
        "updateContext": null
      },
      "start": 76,
      "end": 77,
      "loc": {
        "start": {
          "line": 7,
          "column": 7
        },
        "end": {
          "line": 7,
          "column": 8
        }
      }
    },
    {
      "type": {
        "label": "string",
        "beforeExpr": false,
        "startsExpr": true,
        "rightAssociative": false,
        "isLoop": false,
        "isAssign": false,
        "prefix": false,
        "postfix": false,
        "binop": null,
        "updateContext": null
      },
      "value": "allowMultipleMasks",
      "start": 78,
      "end": 98,
      "loc": {
        "start": {
          "line": 7,
          "column": 9
        },
        "end": {
          "line": 7,
          "column": 29
        }
      }
    },
    {
      "type": {
        "label": ",",
        "beforeExpr": true,
        "startsExpr": false,
        "rightAssociative": false,
        "isLoop": false,
        "isAssign": false,
        "prefix": false,
        "postfix": false,
        "binop": null,
        "updateContext": null
      },
      "start": 98,
      "end": 99,
      "loc": {
        "start": {
          "line": 7,
          "column": 29
        },
        "end": {
          "line": 7,
          "column": 30
        }
      }
    },
    {
      "type": {
        "label": "name",
        "beforeExpr": false,
        "startsExpr": true,
        "rightAssociative": false,
        "isLoop": false,
        "isAssign": false,
        "prefix": false,
        "postfix": false,
        "binop": null
      },
      "value": "ignore",
      "start": 104,
      "end": 110,
      "loc": {
        "start": {
          "line": 8,
          "column": 4
        },
        "end": {
          "line": 8,
          "column": 10
        }
      }
    },
    {
      "type": {
        "label": ":",
        "beforeExpr": true,
        "startsExpr": false,
        "rightAssociative": false,
        "isLoop": false,
        "isAssign": false,
        "prefix": false,
        "postfix": false,
        "binop": null,
        "updateContext": null
      },
      "start": 110,
      "end": 111,
      "loc": {
        "start": {
          "line": 8,
          "column": 10
        },
        "end": {
          "line": 8,
          "column": 11
        }
      }
    },
    {
      "type": {
        "label": "true",
        "keyword": "true",
        "beforeExpr": false,
        "startsExpr": true,
        "rightAssociative": false,
        "isLoop": false,
        "isAssign": false,
        "prefix": false,
        "postfix": false,
        "binop": null,
        "updateContext": null
      },
      "value": "true",
      "start": 112,
      "end": 116,
      "loc": {
        "start": {
          "line": 8,
          "column": 12
        },
        "end": {
          "line": 8,
          "column": 16
        }
      }
    },
    {
      "type": {
        "label": "}",
        "beforeExpr": false,
        "startsExpr": false,
        "rightAssociative": false,
        "isLoop": false,
        "isAssign": false,
        "prefix": false,
        "postfix": false,
        "binop": null
      },
      "start": 119,
      "end": 120,
      "loc": {
        "start": {
          "line": 9,
          "column": 2
        },
        "end": {
          "line": 9,
          "column": 3
        }
      }
    },
    {
      "type": {
        "label": "]",
        "beforeExpr": false,
        "startsExpr": false,
        "rightAssociative": false,
        "isLoop": false,
        "isAssign": false,
        "prefix": false,
        "postfix": false,
        "binop": null,
        "updateContext": null
      },
      "start": 121,
      "end": 122,
      "loc": {
        "start": {
          "line": 10,
          "column": 0
        },
        "end": {
          "line": 10,
          "column": 1
        }
      }
    },
    {
      "type": {
        "label": ";",
        "beforeExpr": true,
        "startsExpr": false,
        "rightAssociative": false,
        "isLoop": false,
        "isAssign": false,
        "prefix": false,
        "postfix": false,
        "binop": null,
        "updateContext": null
      },
      "start": 122,
      "end": 123,
      "loc": {
        "start": {
          "line": 10,
          "column": 1
        },
        "end": {
          "line": 10,
          "column": 2
        }
      }
    },
    {
      "type": {
        "label": "eof",
        "beforeExpr": false,
        "startsExpr": false,
        "rightAssociative": false,
        "isLoop": false,
        "isAssign": false,
        "prefix": false,
        "postfix": false,
        "binop": null,
        "updateContext": null
      },
      "start": 124,
      "end": 124,
      "loc": {
        "start": {
          "line": 11,
          "column": 0
        },
        "end": {
          "line": 11,
          "column": 0
        }
      }
    }
  ]
}