{
  "type": "File",
  "start": 0,
  "end": 146,
  "loc": {
    "start": {
      "line": 1,
      "column": 0
    },
    "end": {
      "line": 5,
      "column": 0
    }
  },
  "program": {
    "type": "Program",
    "start": 0,
    "end": 146,
    "loc": {
      "start": {
        "line": 1,
        "column": 0
      },
      "end": {
        "line": 5,
        "column": 0
      }
    },
    "sourceType": "module",
    "body": [
      {
        "type": "ImportDeclaration",
        "start": 0,
        "end": 65,
        "loc": {
          "start": {
            "line": 1,
            "column": 0
          },
          "end": {
            "line": 1,
            "column": 65
          }
        },
        "specifiers": [
          {
            "type": "ImportDefaultSpecifier",
            "start": 7,
            "end": 26,
            "loc": {
              "start": {
                "line": 1,
                "column": 7
              },
              "end": {
                "line": 1,
                "column": 26
              }
            },
            "local": {
              "type": "Identifier",
              "start": 7,
              "end": 26,
              "loc": {
                "start": {
                  "line": 1,
                  "column": 7
                },
                "end": {
                  "line": 1,
                  "column": 26
                },
                "identifierName": "nestedComponentForm"
              },
              "name": "nestedComponentForm"
            }
          }
        ],
        "source": {
          "type": "StringLiteral",
          "start": 32,
          "end": 64,
          "loc": {
            "start": {
              "line": 1,
              "column": 32
            },
            "end": {
              "line": 1,
              "column": 64
            }
          },
          "extra": {
            "rawValue": "../nested/NestedComponent.form",
            "raw": "'../nested/NestedComponent.form'"
          },
          "value": "../nested/NestedComponent.form"
        }
      },
      {
        "type": "ExportDefaultDeclaration",
        "start": 66,
        "end": 145,
        "loc": {
          "start": {
            "line": 2,
            "column": 0
          },
          "end": {
            "line": 4,
            "column": 1
          }
        },
        "declaration": {
          "type": "FunctionDeclaration",
          "start": 81,
          "end": 145,
          "loc": {
            "start": {
              "line": 2,
              "column": 15
            },
            "end": {
              "line": 4,
              "column": 1
            }
          },
          "id": null,
          "generator": false,
          "expression": false,
          "async": false,
          "params": [
            {
              "type": "RestElement",
              "start": 90,
              "end": 99,
              "loc": {
                "start": {
                  "line": 2,
                  "column": 24
                },
                "end": {
                  "line": 2,
                  "column": 33
                }
              },
              "argument": {
                "type": "Identifier",
                "start": 93,
                "end": 99,
                "loc": {
                  "start": {
                    "line": 2,
                    "column": 27
                  },
                  "end": {
                    "line": 2,
                    "column": 33
                  },
                  "identifierName": "extend"
                },
                "name": "extend"
              }
            }
          ],
          "body": {
            "type": "BlockStatement",
            "start": 101,
            "end": 145,
            "loc": {
              "start": {
                "line": 2,
                "column": 35
              },
              "end": {
                "line": 4,
                "column": 1
              }
            },
            "body": [
              {
                "type": "ReturnStatement",
                "start": 105,
                "end": 143,
                "loc": {
                  "start": {
                    "line": 3,
                    "column": 2
                  },
                  "end": {
                    "line": 3,
                    "column": 40
                  }
                },
                "argument": {
                  "type": "CallExpression",
                  "start": 112,
                  "end": 142,
                  "loc": {
                    "start": {
                      "line": 3,
                      "column": 9
                    },
                    "end": {
                      "line": 3,
                      "column": 39
                    }
                  },
                  "callee": {
                    "type": "Identifier",
                    "start": 112,
                    "end": 131,
                    "loc": {
                      "start": {
                        "line": 3,
                        "column": 9
                      },
                      "end": {
                        "line": 3,
                        "column": 28
                      },
                      "identifierName": "nestedComponentForm"
                    },
                    "name": "nestedComponentForm"
                  },
                  "arguments": [
                    {
                      "type": "SpreadElement",
                      "start": 132,
                      "end": 141,
                      "loc": {
                        "start": {
                          "line": 3,
                          "column": 29
                        },
                        "end": {
                          "line": 3,
                          "column": 38
                        }
                      },
                      "argument": {
                        "type": "Identifier",
                        "start": 135,
                        "end": 141,
                        "loc": {
                          "start": {
                            "line": 3,
                            "column": 32
                          },
                          "end": {
                            "line": 3,
                            "column": 38
                          },
                          "identifierName": "extend"
                        },
                        "name": "extend"
                      }
                    }
                  ]
                }
              }
            ],
            "directives": []
          },
          "leadingComments": [],
          "trailingComments": []
        }
      }
    ],
    "directives": []
  },
  "comments": [],
  "tokens": [
    {
      "type": {
        "label": "import",
        "keyword": "import",
        "beforeExpr": false,
        "startsExpr": true,
        "rightAssociative": false,
        "isLoop": false,
        "isAssign": false,
        "prefix": false,
        "postfix": false,
        "binop": null,
        "updateContext": null
      },
      "value": "import",
      "start": 0,
      "end": 6,
      "loc": {
        "start": {
          "line": 1,
          "column": 0
        },
        "end": {
          "line": 1,
          "column": 6
        }
      }
    },
    {
      "type": {
        "label": "name",
        "beforeExpr": false,
        "startsExpr": true,
        "rightAssociative": false,
        "isLoop": false,
        "isAssign": false,
        "prefix": false,
        "postfix": false,
        "binop": null
      },
      "value": "nestedComponentForm",
      "start": 7,
      "end": 26,
      "loc": {
        "start": {
          "line": 1,
          "column": 7
        },
        "end": {
          "line": 1,
          "column": 26
        }
      }
    },
    {
      "type": {
        "label": "name",
        "beforeExpr": false,
        "startsExpr": true,
        "rightAssociative": false,
        "isLoop": false,
        "isAssign": false,
        "prefix": false,
        "postfix": false,
        "binop": null
      },
      "value": "from",
      "start": 27,
      "end": 31,
      "loc": {
        "start": {
          "line": 1,
          "column": 27
        },
        "end": {
          "line": 1,
          "column": 31
        }
      }
    },
    {
      "type": {
        "label": "string",
        "beforeExpr": false,
        "startsExpr": true,
        "rightAssociative": false,
        "isLoop": false,
        "isAssign": false,
        "prefix": false,
        "postfix": false,
        "binop": null,
        "updateContext": null
      },
      "value": "../nested/NestedComponent.form",
      "start": 32,
      "end": 64,
      "loc": {
        "start": {
          "line": 1,
          "column": 32
        },
        "end": {
          "line": 1,
          "column": 64
        }
      }
    },
    {
      "type": {
        "label": ";",
        "beforeExpr": true,
        "startsExpr": false,
        "rightAssociative": false,
        "isLoop": false,
        "isAssign": false,
        "prefix": false,
        "postfix": false,
        "binop": null,
        "updateContext": null
      },
      "start": 64,
      "end": 65,
      "loc": {
        "start": {
          "line": 1,
          "column": 64
        },
        "end": {
          "line": 1,
          "column": 65
        }
      }
    },
    {
      "type": {
        "label": "export",
        "keyword": "export",
        "beforeExpr": false,
        "startsExpr": false,
        "rightAssociative": false,
        "isLoop": false,
        "isAssign": false,
        "prefix": false,
        "postfix": false,
        "binop": null,
        "updateContext": null
      },
      "value": "export",
      "start": 66,
      "end": 72,
      "loc": {
        "start": {
          "line": 2,
          "column": 0
        },
        "end": {
          "line": 2,
          "column": 6
        }
      }
    },
    {
      "type": {
        "label": "default",
        "keyword": "default",
        "beforeExpr": true,
        "startsExpr": false,
        "rightAssociative": false,
        "isLoop": false,
        "isAssign": false,
        "prefix": false,
        "postfix": false,
        "binop": null,
        "updateContext": null
      },
      "value": "default",
      "start": 73,
      "end": 80,
      "loc": {
        "start": {
          "line": 2,
          "column": 7
        },
        "end": {
          "line": 2,
          "column": 14
        }
      }
    },
    {
      "type": {
        "label": "function",
        "keyword": "function",
        "beforeExpr": false,
        "startsExpr": true,
        "rightAssociative": false,
        "isLoop": false,
        "isAssign": false,
        "prefix": false,
        "postfix": false,
        "binop": null
      },
      "value": "function",
      "start": 81,
      "end": 89,
      "loc": {
        "start": {
          "line": 2,
          "column": 15
        },
        "end": {
          "line": 2,
          "column": 23
        }
      }
    },
    {
      "type": {
        "label": "(",
        "beforeExpr": true,
        "startsExpr": true,
        "rightAssociative": false,
        "isLoop": false,
        "isAssign": false,
        "prefix": false,
        "postfix": false,
        "binop": null
      },
      "start": 89,
      "end": 90,
      "loc": {
        "start": {
          "line": 2,
          "column": 23
        },
        "end": {
          "line": 2,
          "column": 24
        }
      }
    },
    {
      "type": {
        "label": "...",
        "beforeExpr": true,
        "startsExpr": false,
        "rightAssociative": false,
        "isLoop": false,
        "isAssign": false,
        "prefix": false,
        "postfix": false,
        "binop": null,
        "updateContext": null
      },
      "start": 90,
      "end": 93,
      "loc": {
        "start": {
          "line": 2,
          "column": 24
        },
        "end": {
          "line": 2,
          "column": 27
        }
      }
    },
    {
      "type": {
        "label": "name",
        "beforeExpr": false,
        "startsExpr": true,
        "rightAssociative": false,
        "isLoop": false,
        "isAssign": false,
        "prefix": false,
        "postfix": false,
        "binop": null
      },
      "value": "extend",
      "start": 93,
      "end": 99,
      "loc": {
        "start": {
          "line": 2,
          "column": 27
        },
        "end": {
          "line": 2,
          "column": 33
        }
      }
    },
    {
      "type": {
        "label": ")",
        "beforeExpr": false,
        "startsExpr": false,
        "rightAssociative": false,
        "isLoop": false,
        "isAssign": false,
        "prefix": false,
        "postfix": false,
        "binop": null
      },
      "start": 99,
      "end": 100,
      "loc": {
        "start": {
          "line": 2,
          "column": 33
        },
        "end": {
          "line": 2,
          "column": 34
        }
      }
    },
    {
      "type": {
        "label": "{",
        "beforeExpr": true,
        "startsExpr": true,
        "rightAssociative": false,
        "isLoop": false,
        "isAssign": false,
        "prefix": false,
        "postfix": false,
        "binop": null
      },
      "start": 101,
      "end": 102,
      "loc": {
        "start": {
          "line": 2,
          "column": 35
        },
        "end": {
          "line": 2,
          "column": 36
        }
      }
    },
    {
      "type": {
        "label": "return",
        "keyword": "return",
        "beforeExpr": true,
        "startsExpr": false,
        "rightAssociative": false,
        "isLoop": false,
        "isAssign": false,
        "prefix": false,
        "postfix": false,
        "binop": null,
        "updateContext": null
      },
      "value": "return",
      "start": 105,
      "end": 111,
      "loc": {
        "start": {
          "line": 3,
          "column": 2
        },
        "end": {
          "line": 3,
          "column": 8
        }
      }
    },
    {
      "type": {
        "label": "name",
        "beforeExpr": false,
        "startsExpr": true,
        "rightAssociative": false,
        "isLoop": false,
        "isAssign": false,
        "prefix": false,
        "postfix": false,
        "binop": null
      },
      "value": "nestedComponentForm",
      "start": 112,
      "end": 131,
      "loc": {
        "start": {
          "line": 3,
          "column": 9
        },
        "end": {
          "line": 3,
          "column": 28
        }
      }
    },
    {
      "type": {
        "label": "(",
        "beforeExpr": true,
        "startsExpr": true,
        "rightAssociative": false,
        "isLoop": false,
        "isAssign": false,
        "prefix": false,
        "postfix": false,
        "binop": null
      },
      "start": 131,
      "end": 132,
      "loc": {
        "start": {
          "line": 3,
          "column": 28
        },
        "end": {
          "line": 3,
          "column": 29
        }
      }
    },
    {
      "type": {
        "label": "...",
        "beforeExpr": true,
        "startsExpr": false,
        "rightAssociative": false,
        "isLoop": false,
        "isAssign": false,
        "prefix": false,
        "postfix": false,
        "binop": null,
        "updateContext": null
      },
      "start": 132,
      "end": 135,
      "loc": {
        "start": {
          "line": 3,
          "column": 29
        },
        "end": {
          "line": 3,
          "column": 32
        }
      }
    },
    {
      "type": {
        "label": "name",
        "beforeExpr": false,
        "startsExpr": true,
        "rightAssociative": false,
        "isLoop": false,
        "isAssign": false,
        "prefix": false,
        "postfix": false,
        "binop": null
      },
      "value": "extend",
      "start": 135,
      "end": 141,
      "loc": {
        "start": {
          "line": 3,
          "column": 32
        },
        "end": {
          "line": 3,
          "column": 38
        }
      }
    },
    {
      "type": {
        "label": ")",
        "beforeExpr": false,
        "startsExpr": false,
        "rightAssociative": false,
        "isLoop": false,
        "isAssign": false,
        "prefix": false,
        "postfix": false,
        "binop": null
      },
      "start": 141,
      "end": 142,
      "loc": {
        "start": {
          "line": 3,
          "column": 38
        },
        "end": {
          "line": 3,
          "column": 39
        }
      }
    },
    {
      "type": {
        "label": ";",
        "beforeExpr": true,
        "startsExpr": false,
        "rightAssociative": false,
        "isLoop": false,
        "isAssign": false,
        "prefix": false,
        "postfix": false,
        "binop": null,
        "updateContext": null
      },
      "start": 142,
      "end": 143,
      "loc": {
        "start": {
          "line": 3,
          "column": 39
        },
        "end": {
          "line": 3,
          "column": 40
        }
      }
    },
    {
      "type": {
        "label": "}",
        "beforeExpr": false,
        "startsExpr": false,
        "rightAssociative": false,
        "isLoop": false,
        "isAssign": false,
        "prefix": false,
        "postfix": false,
        "binop": null
      },
      "start": 144,
      "end": 145,
      "loc": {
        "start": {
          "line": 4,
          "column": 0
        },
        "end": {
          "line": 4,
          "column": 1
        }
      }
    },
    {
      "type": {
        "label": "eof",
        "beforeExpr": false,
        "startsExpr": false,
        "rightAssociative": false,
        "isLoop": false,
        "isAssign": false,
        "prefix": false,
        "postfix": false,
        "binop": null,
        "updateContext": null
      },
      "start": 146,
      "end": 146,
      "loc": {
        "start": {
          "line": 5,
          "column": 0
        },
        "end": {
          "line": 5,
          "column": 0
        }
      }
    }
  ]
}