{
  "type": "File",
  "start": 0,
  "end": 319,
  "loc": {
    "start": {
      "line": 1,
      "column": 0
    },
    "end": {
      "line": 15,
      "column": 0
    }
  },
  "program": {
    "type": "Program",
    "start": 0,
    "end": 319,
    "loc": {
      "start": {
        "line": 1,
        "column": 0
      },
      "end": {
        "line": 15,
        "column": 0
      }
    },
    "sourceType": "module",
    "body": [
      {
        "type": "ImportDeclaration",
        "start": 0,
        "end": 45,
        "loc": {
          "start": {
            "line": 1,
            "column": 0
          },
          "end": {
            "line": 1,
            "column": 45
          }
        },
        "specifiers": [
          {
            "type": "ImportDefaultSpecifier",
            "start": 7,
            "end": 19,
            "loc": {
              "start": {
                "line": 1,
                "column": 7
              },
              "end": {
                "line": 1,
                "column": 19
              }
            },
            "local": {
              "type": "Identifier",
              "start": 7,
              "end": 19,
              "loc": {
                "start": {
                  "line": 1,
                  "column": 7
                },
                "end": {
                  "line": 1,
                  "column": 19
                },
                "identifierName": "baseEditForm"
              },
              "name": "baseEditForm"
            }
          }
        ],
        "source": {
          "type": "StringLiteral",
          "start": 25,
          "end": 44,
          "loc": {
            "start": {
              "line": 1,
              "column": 25
            },
            "end": {
              "line": 1,
              "column": 44
            }
          },
          "extra": {
            "rawValue": "../base/Base.form",
            "raw": "'../base/Base.form'"
          },
          "value": "../base/Base.form"
        }
      },
      {
        "type": "ImportDeclaration",
        "start": 47,
        "end": 118,
        "loc": {
          "start": {
            "line": 3,
            "column": 0
          },
          "end": {
            "line": 3,
            "column": 71
          }
        },
        "specifiers": [
          {
            "type": "ImportDefaultSpecifier",
            "start": 54,
            "end": 75,
            "loc": {
              "start": {
                "line": 3,
                "column": 7
              },
              "end": {
                "line": 3,
                "column": 28
              }
            },
            "local": {
              "type": "Identifier",
              "start": 54,
              "end": 75,
              "loc": {
                "start": {
                  "line": 3,
                  "column": 7
                },
                "end": {
                  "line": 3,
                  "column": 28
                },
                "identifierName": "EditGridEditTemplates"
              },
              "name": "EditGridEditTemplates"
            }
          }
        ],
        "source": {
          "type": "StringLiteral",
          "start": 81,
          "end": 117,
          "loc": {
            "start": {
              "line": 3,
              "column": 34
            },
            "end": {
              "line": 3,
              "column": 70
            }
          },
          "extra": {
            "rawValue": "./editForm/EditGrid.edit.templates",
            "raw": "'./editForm/EditGrid.edit.templates'"
          },
          "value": "./editForm/EditGrid.edit.templates"
        }
      },
      {
        "type": "ExportDefaultDeclaration",
        "start": 120,
        "end": 318,
        "loc": {
          "start": {
            "line": 5,
            "column": 0
          },
          "end": {
            "line": 14,
            "column": 1
          }
        },
        "declaration": {
          "type": "FunctionDeclaration",
          "start": 135,
          "end": 318,
          "loc": {
            "start": {
              "line": 5,
              "column": 15
            },
            "end": {
              "line": 14,
              "column": 1
            }
          },
          "id": null,
          "generator": false,
          "expression": false,
          "async": false,
          "params": [
            {
              "type": "RestElement",
              "start": 144,
              "end": 153,
              "loc": {
                "start": {
                  "line": 5,
                  "column": 24
                },
                "end": {
                  "line": 5,
                  "column": 33
                }
              },
              "argument": {
                "type": "Identifier",
                "start": 147,
                "end": 153,
                "loc": {
                  "start": {
                    "line": 5,
                    "column": 27
                  },
                  "end": {
                    "line": 5,
                    "column": 33
                  },
                  "identifierName": "extend"
                },
                "name": "extend"
              }
            }
          ],
          "body": {
            "type": "BlockStatement",
            "start": 155,
            "end": 318,
            "loc": {
              "start": {
                "line": 5,
                "column": 35
              },
              "end": {
                "line": 14,
                "column": 1
              }
            },
            "body": [
              {
                "type": "ReturnStatement",
                "start": 159,
                "end": 316,
                "loc": {
                  "start": {
                    "line": 6,
                    "column": 2
                  },
                  "end": {
                    "line": 13,
                    "column": 5
                  }
                },
                "argument": {
                  "type": "CallExpression",
                  "start": 166,
                  "end": 315,
                  "loc": {
                    "start": {
                      "line": 6,
                      "column": 9
                    },
                    "end": {
                      "line": 13,
                      "column": 4
                    }
                  },
                  "callee": {
                    "type": "Identifier",
                    "start": 166,
                    "end": 178,
                    "loc": {
                      "start": {
                        "line": 6,
                        "column": 9
                      },
                      "end": {
                        "line": 6,
                        "column": 21
                      },
                      "identifierName": "baseEditForm"
                    },
                    "name": "baseEditForm"
                  },
                  "arguments": [
                    {
                      "type": "SpreadElement",
                      "start": 179,
                      "end": 188,
                      "loc": {
                        "start": {
                          "line": 6,
                          "column": 22
                        },
                        "end": {
                          "line": 6,
                          "column": 31
                        }
                      },
                      "argument": {
                        "type": "Identifier",
                        "start": 182,
                        "end": 188,
                        "loc": {
                          "start": {
                            "line": 6,
                            "column": 25
                          },
                          "end": {
                            "line": 6,
                            "column": 31
                          },
                          "identifierName": "extend"
                        },
                        "name": "extend"
                      }
                    },
                    {
                      "type": "ArrayExpression",
                      "start": 190,
                      "end": 314,
                      "loc": {
                        "start": {
                          "line": 6,
                          "column": 33
                        },
                        "end": {
                          "line": 13,
                          "column": 3
                        }
                      },
                      "elements": [
                        {
                          "type": "ObjectExpression",
                          "start": 196,
                          "end": 310,
                          "loc": {
                            "start": {
                              "line": 7,
                              "column": 4
                            },
                            "end": {
                              "line": 12,
                              "column": 5
                            }
                          },
                          "properties": [
                            {
                              "type": "ObjectProperty",
                              "start": 204,
                              "end": 222,
                              "loc": {
                                "start": {
                                  "line": 8,
                                  "column": 6
                                },
                                "end": {
                                  "line": 8,
                                  "column": 24
                                }
                              },
                              "method": false,
                              "shorthand": false,
                              "computed": false,
                              "key": {
                                "type": "Identifier",
                                "start": 204,
                                "end": 209,
                                "loc": {
                                  "start": {
                                    "line": 8,
                                    "column": 6
                                  },
                                  "end": {
                                    "line": 8,
                                    "column": 11
                                  },
                                  "identifierName": "label"
                                },
                                "name": "label"
                              },
                              "value": {
                                "type": "StringLiteral",
                                "start": 211,
                                "end": 222,
                                "loc": {
                                  "start": {
                                    "line": 8,
                                    "column": 13
                                  },
                                  "end": {
                                    "line": 8,
                                    "column": 24
                                  }
                                },
                                "extra": {
                                  "rawValue": "Templates",
                                  "raw": "'Templates'"
                                },
                                "value": "Templates"
                              }
                            },
                            {
                              "type": "ObjectProperty",
                              "start": 230,
                              "end": 246,
                              "loc": {
                                "start": {
                                  "line": 9,
                                  "column": 6
                                },
                                "end": {
                                  "line": 9,
                                  "column": 22
                                }
                              },
                              "method": false,
                              "shorthand": false,
                              "computed": false,
                              "key": {
                                "type": "Identifier",
                                "start": 230,
                                "end": 233,
                                "loc": {
                                  "start": {
                                    "line": 9,
                                    "column": 6
                                  },
                                  "end": {
                                    "line": 9,
                                    "column": 9
                                  },
                                  "identifierName": "key"
                                },
                                "name": "key"
                              },
                              "value": {
                                "type": "StringLiteral",
                                "start": 235,
                                "end": 246,
                                "loc": {
                                  "start": {
                                    "line": 9,
                                    "column": 11
                                  },
                                  "end": {
                                    "line": 9,
                                    "column": 22
                                  }
                                },
                                "extra": {
                                  "rawValue": "templates",
                                  "raw": "'templates'"
                                },
                                "value": "templates"
                              }
                            },
                            {
                              "type": "ObjectProperty",
                              "start": 254,
                              "end": 263,
                              "loc": {
                                "start": {
                                  "line": 10,
                                  "column": 6
                                },
                                "end": {
                                  "line": 10,
                                  "column": 15
                                }
                              },
                              "method": false,
                              "shorthand": false,
                              "computed": false,
                              "key": {
                                "type": "Identifier",
                                "start": 254,
                                "end": 260,
                                "loc": {
                                  "start": {
                                    "line": 10,
                                    "column": 6
                                  },
                                  "end": {
                                    "line": 10,
                                    "column": 12
                                  },
                                  "identifierName": "weight"
                                },
                                "name": "weight"
                              },
                              "value": {
                                "type": "NumericLiteral",
                                "start": 262,
                                "end": 263,
                                "loc": {
                                  "start": {
                                    "line": 10,
                                    "column": 14
                                  },
                                  "end": {
                                    "line": 10,
                                    "column": 15
                                  }
                                },
                                "extra": {
                                  "rawValue": 5,
                                  "raw": "5"
                                },
                                "value": 5
                              }
                            },
                            {
                              "type": "ObjectProperty",
                              "start": 271,
                              "end": 304,
                              "loc": {
                                "start": {
                                  "line": 11,
                                  "column": 6
                                },
                                "end": {
                                  "line": 11,
                                  "column": 39
                                }
                              },
                              "method": false,
                              "shorthand": false,
                              "computed": false,
                              "key": {
                                "type": "Identifier",
                                "start": 271,
                                "end": 281,
                                "loc": {
                                  "start": {
                                    "line": 11,
                                    "column": 6
                                  },
                                  "end": {
                                    "line": 11,
                                    "column": 16
                                  },
                                  "identifierName": "components"
                                },
                                "name": "components"
                              },
                              "value": {
                                "type": "Identifier",
                                "start": 283,
                                "end": 304,
                                "loc": {
                                  "start": {
                                    "line": 11,
                                    "column": 18
                                  },
                                  "end": {
                                    "line": 11,
                                    "column": 39
                                  },
                                  "identifierName": "EditGridEditTemplates"
                                },
                                "name": "EditGridEditTemplates"
                              }
                            }
                          ]
                        }
                      ]
                    }
                  ]
                }
              }
            ],
            "directives": []
          },
          "leadingComments": [],
          "trailingComments": []
        }
      }
    ],
    "directives": []
  },
  "comments": [],
  "tokens": [
    {
      "type": {
        "label": "import",
        "keyword": "import",
        "beforeExpr": false,
        "startsExpr": true,
        "rightAssociative": false,
        "isLoop": false,
        "isAssign": false,
        "prefix": false,
        "postfix": false,
        "binop": null,
        "updateContext": null
      },
      "value": "import",
      "start": 0,
      "end": 6,
      "loc": {
        "start": {
          "line": 1,
          "column": 0
        },
        "end": {
          "line": 1,
          "column": 6
        }
      }
    },
    {
      "type": {
        "label": "name",
        "beforeExpr": false,
        "startsExpr": true,
        "rightAssociative": false,
        "isLoop": false,
        "isAssign": false,
        "prefix": false,
        "postfix": false,
        "binop": null
      },
      "value": "baseEditForm",
      "start": 7,
      "end": 19,
      "loc": {
        "start": {
          "line": 1,
          "column": 7
        },
        "end": {
          "line": 1,
          "column": 19
        }
      }
    },
    {
      "type": {
        "label": "name",
        "beforeExpr": false,
        "startsExpr": true,
        "rightAssociative": false,
        "isLoop": false,
        "isAssign": false,
        "prefix": false,
        "postfix": false,
        "binop": null
      },
      "value": "from",
      "start": 20,
      "end": 24,
      "loc": {
        "start": {
          "line": 1,
          "column": 20
        },
        "end": {
          "line": 1,
          "column": 24
        }
      }
    },
    {
      "type": {
        "label": "string",
        "beforeExpr": false,
        "startsExpr": true,
        "rightAssociative": false,
        "isLoop": false,
        "isAssign": false,
        "prefix": false,
        "postfix": false,
        "binop": null,
        "updateContext": null
      },
      "value": "../base/Base.form",
      "start": 25,
      "end": 44,
      "loc": {
        "start": {
          "line": 1,
          "column": 25
        },
        "end": {
          "line": 1,
          "column": 44
        }
      }
    },
    {
      "type": {
        "label": ";",
        "beforeExpr": true,
        "startsExpr": false,
        "rightAssociative": false,
        "isLoop": false,
        "isAssign": false,
        "prefix": false,
        "postfix": false,
        "binop": null,
        "updateContext": null
      },
      "start": 44,
      "end": 45,
      "loc": {
        "start": {
          "line": 1,
          "column": 44
        },
        "end": {
          "line": 1,
          "column": 45
        }
      }
    },
    {
      "type": {
        "label": "import",
        "keyword": "import",
        "beforeExpr": false,
        "startsExpr": true,
        "rightAssociative": false,
        "isLoop": false,
        "isAssign": false,
        "prefix": false,
        "postfix": false,
        "binop": null,
        "updateContext": null
      },
      "value": "import",
      "start": 47,
      "end": 53,
      "loc": {
        "start": {
          "line": 3,
          "column": 0
        },
        "end": {
          "line": 3,
          "column": 6
        }
      }
    },
    {
      "type": {
        "label": "name",
        "beforeExpr": false,
        "startsExpr": true,
        "rightAssociative": false,
        "isLoop": false,
        "isAssign": false,
        "prefix": false,
        "postfix": false,
        "binop": null
      },
      "value": "EditGridEditTemplates",
      "start": 54,
      "end": 75,
      "loc": {
        "start": {
          "line": 3,
          "column": 7
        },
        "end": {
          "line": 3,
          "column": 28
        }
      }
    },
    {
      "type": {
        "label": "name",
        "beforeExpr": false,
        "startsExpr": true,
        "rightAssociative": false,
        "isLoop": false,
        "isAssign": false,
        "prefix": false,
        "postfix": false,
        "binop": null
      },
      "value": "from",
      "start": 76,
      "end": 80,
      "loc": {
        "start": {
          "line": 3,
          "column": 29
        },
        "end": {
          "line": 3,
          "column": 33
        }
      }
    },
    {
      "type": {
        "label": "string",
        "beforeExpr": false,
        "startsExpr": true,
        "rightAssociative": false,
        "isLoop": false,
        "isAssign": false,
        "prefix": false,
        "postfix": false,
        "binop": null,
        "updateContext": null
      },
      "value": "./editForm/EditGrid.edit.templates",
      "start": 81,
      "end": 117,
      "loc": {
        "start": {
          "line": 3,
          "column": 34
        },
        "end": {
          "line": 3,
          "column": 70
        }
      }
    },
    {
      "type": {
        "label": ";",
        "beforeExpr": true,
        "startsExpr": false,
        "rightAssociative": false,
        "isLoop": false,
        "isAssign": false,
        "prefix": false,
        "postfix": false,
        "binop": null,
        "updateContext": null
      },
      "start": 117,
      "end": 118,
      "loc": {
        "start": {
          "line": 3,
          "column": 70
        },
        "end": {
          "line": 3,
          "column": 71
        }
      }
    },
    {
      "type": {
        "label": "export",
        "keyword": "export",
        "beforeExpr": false,
        "startsExpr": false,
        "rightAssociative": false,
        "isLoop": false,
        "isAssign": false,
        "prefix": false,
        "postfix": false,
        "binop": null,
        "updateContext": null
      },
      "value": "export",
      "start": 120,
      "end": 126,
      "loc": {
        "start": {
          "line": 5,
          "column": 0
        },
        "end": {
          "line": 5,
          "column": 6
        }
      }
    },
    {
      "type": {
        "label": "default",
        "keyword": "default",
        "beforeExpr": true,
        "startsExpr": false,
        "rightAssociative": false,
        "isLoop": false,
        "isAssign": false,
        "prefix": false,
        "postfix": false,
        "binop": null,
        "updateContext": null
      },
      "value": "default",
      "start": 127,
      "end": 134,
      "loc": {
        "start": {
          "line": 5,
          "column": 7
        },
        "end": {
          "line": 5,
          "column": 14
        }
      }
    },
    {
      "type": {
        "label": "function",
        "keyword": "function",
        "beforeExpr": false,
        "startsExpr": true,
        "rightAssociative": false,
        "isLoop": false,
        "isAssign": false,
        "prefix": false,
        "postfix": false,
        "binop": null
      },
      "value": "function",
      "start": 135,
      "end": 143,
      "loc": {
        "start": {
          "line": 5,
          "column": 15
        },
        "end": {
          "line": 5,
          "column": 23
        }
      }
    },
    {
      "type": {
        "label": "(",
        "beforeExpr": true,
        "startsExpr": true,
        "rightAssociative": false,
        "isLoop": false,
        "isAssign": false,
        "prefix": false,
        "postfix": false,
        "binop": null
      },
      "start": 143,
      "end": 144,
      "loc": {
        "start": {
          "line": 5,
          "column": 23
        },
        "end": {
          "line": 5,
          "column": 24
        }
      }
    },
    {
      "type": {
        "label": "...",
        "beforeExpr": true,
        "startsExpr": false,
        "rightAssociative": false,
        "isLoop": false,
        "isAssign": false,
        "prefix": false,
        "postfix": false,
        "binop": null,
        "updateContext": null
      },
      "start": 144,
      "end": 147,
      "loc": {
        "start": {
          "line": 5,
          "column": 24
        },
        "end": {
          "line": 5,
          "column": 27
        }
      }
    },
    {
      "type": {
        "label": "name",
        "beforeExpr": false,
        "startsExpr": true,
        "rightAssociative": false,
        "isLoop": false,
        "isAssign": false,
        "prefix": false,
        "postfix": false,
        "binop": null
      },
      "value": "extend",
      "start": 147,
      "end": 153,
      "loc": {
        "start": {
          "line": 5,
          "column": 27
        },
        "end": {
          "line": 5,
          "column": 33
        }
      }
    },
    {
      "type": {
        "label": ")",
        "beforeExpr": false,
        "startsExpr": false,
        "rightAssociative": false,
        "isLoop": false,
        "isAssign": false,
        "prefix": false,
        "postfix": false,
        "binop": null
      },
      "start": 153,
      "end": 154,
      "loc": {
        "start": {
          "line": 5,
          "column": 33
        },
        "end": {
          "line": 5,
          "column": 34
        }
      }
    },
    {
      "type": {
        "label": "{",
        "beforeExpr": true,
        "startsExpr": true,
        "rightAssociative": false,
        "isLoop": false,
        "isAssign": false,
        "prefix": false,
        "postfix": false,
        "binop": null
      },
      "start": 155,
      "end": 156,
      "loc": {
        "start": {
          "line": 5,
          "column": 35
        },
        "end": {
          "line": 5,
          "column": 36
        }
      }
    },
    {
      "type": {
        "label": "return",
        "keyword": "return",
        "beforeExpr": true,
        "startsExpr": false,
        "rightAssociative": false,
        "isLoop": false,
        "isAssign": false,
        "prefix": false,
        "postfix": false,
        "binop": null,
        "updateContext": null
      },
      "value": "return",
      "start": 159,
      "end": 165,
      "loc": {
        "start": {
          "line": 6,
          "column": 2
        },
        "end": {
          "line": 6,
          "column": 8
        }
      }
    },
    {
      "type": {
        "label": "name",
        "beforeExpr": false,
        "startsExpr": true,
        "rightAssociative": false,
        "isLoop": false,
        "isAssign": false,
        "prefix": false,
        "postfix": false,
        "binop": null
      },
      "value": "baseEditForm",
      "start": 166,
      "end": 178,
      "loc": {
        "start": {
          "line": 6,
          "column": 9
        },
        "end": {
          "line": 6,
          "column": 21
        }
      }
    },
    {
      "type": {
        "label": "(",
        "beforeExpr": true,
        "startsExpr": true,
        "rightAssociative": false,
        "isLoop": false,
        "isAssign": false,
        "prefix": false,
        "postfix": false,
        "binop": null
      },
      "start": 178,
      "end": 179,
      "loc": {
        "start": {
          "line": 6,
          "column": 21
        },
        "end": {
          "line": 6,
          "column": 22
        }
      }
    },
    {
      "type": {
        "label": "...",
        "beforeExpr": true,
        "startsExpr": false,
        "rightAssociative": false,
        "isLoop": false,
        "isAssign": false,
        "prefix": false,
        "postfix": false,
        "binop": null,
        "updateContext": null
      },
      "start": 179,
      "end": 182,
      "loc": {
        "start": {
          "line": 6,
          "column": 22
        },
        "end": {
          "line": 6,
          "column": 25
        }
      }
    },
    {
      "type": {
        "label": "name",
        "beforeExpr": false,
        "startsExpr": true,
        "rightAssociative": false,
        "isLoop": false,
        "isAssign": false,
        "prefix": false,
        "postfix": false,
        "binop": null
      },
      "value": "extend",
      "start": 182,
      "end": 188,
      "loc": {
        "start": {
          "line": 6,
          "column": 25
        },
        "end": {
          "line": 6,
          "column": 31
        }
      }
    },
    {
      "type": {
        "label": ",",
        "beforeExpr": true,
        "startsExpr": false,
        "rightAssociative": false,
        "isLoop": false,
        "isAssign": false,
        "prefix": false,
        "postfix": false,
        "binop": null,
        "updateContext": null
      },
      "start": 188,
      "end": 189,
      "loc": {
        "start": {
          "line": 6,
          "column": 31
        },
        "end": {
          "line": 6,
          "column": 32
        }
      }
    },
    {
      "type": {
        "label": "[",
        "beforeExpr": true,
        "startsExpr": true,
        "rightAssociative": false,
        "isLoop": false,
        "isAssign": false,
        "prefix": false,
        "postfix": false,
        "binop": null,
        "updateContext": null
      },
      "start": 190,
      "end": 191,
      "loc": {
        "start": {
          "line": 6,
          "column": 33
        },
        "end": {
          "line": 6,
          "column": 34
        }
      }
    },
    {
      "type": {
        "label": "{",
        "beforeExpr": true,
        "startsExpr": true,
        "rightAssociative": false,
        "isLoop": false,
        "isAssign": false,
        "prefix": false,
        "postfix": false,
        "binop": null
      },
      "start": 196,
      "end": 197,
      "loc": {
        "start": {
          "line": 7,
          "column": 4
        },
        "end": {
          "line": 7,
          "column": 5
        }
      }
    },
    {
      "type": {
        "label": "name",
        "beforeExpr": false,
        "startsExpr": true,
        "rightAssociative": false,
        "isLoop": false,
        "isAssign": false,
        "prefix": false,
        "postfix": false,
        "binop": null
      },
      "value": "label",
      "start": 204,
      "end": 209,
      "loc": {
        "start": {
          "line": 8,
          "column": 6
        },
        "end": {
          "line": 8,
          "column": 11
        }
      }
    },
    {
      "type": {
        "label": ":",
        "beforeExpr": true,
        "startsExpr": false,
        "rightAssociative": false,
        "isLoop": false,
        "isAssign": false,
        "prefix": false,
        "postfix": false,
        "binop": null,
        "updateContext": null
      },
      "start": 209,
      "end": 210,
      "loc": {
        "start": {
          "line": 8,
          "column": 11
        },
        "end": {
          "line": 8,
          "column": 12
        }
      }
    },
    {
      "type": {
        "label": "string",
        "beforeExpr": false,
        "startsExpr": true,
        "rightAssociative": false,
        "isLoop": false,
        "isAssign": false,
        "prefix": false,
        "postfix": false,
        "binop": null,
        "updateContext": null
      },
      "value": "Templates",
      "start": 211,
      "end": 222,
      "loc": {
        "start": {
          "line": 8,
          "column": 13
        },
        "end": {
          "line": 8,
          "column": 24
        }
      }
    },
    {
      "type": {
        "label": ",",
        "beforeExpr": true,
        "startsExpr": false,
        "rightAssociative": false,
        "isLoop": false,
        "isAssign": false,
        "prefix": false,
        "postfix": false,
        "binop": null,
        "updateContext": null
      },
      "start": 222,
      "end": 223,
      "loc": {
        "start": {
          "line": 8,
          "column": 24
        },
        "end": {
          "line": 8,
          "column": 25
        }
      }
    },
    {
      "type": {
        "label": "name",
        "beforeExpr": false,
        "startsExpr": true,
        "rightAssociative": false,
        "isLoop": false,
        "isAssign": false,
        "prefix": false,
        "postfix": false,
        "binop": null
      },
      "value": "key",
      "start": 230,
      "end": 233,
      "loc": {
        "start": {
          "line": 9,
          "column": 6
        },
        "end": {
          "line": 9,
          "column": 9
        }
      }
    },
    {
      "type": {
        "label": ":",
        "beforeExpr": true,
        "startsExpr": false,
        "rightAssociative": false,
        "isLoop": false,
        "isAssign": false,
        "prefix": false,
        "postfix": false,
        "binop": null,
        "updateContext": null
      },
      "start": 233,
      "end": 234,
      "loc": {
        "start": {
          "line": 9,
          "column": 9
        },
        "end": {
          "line": 9,
          "column": 10
        }
      }
    },
    {
      "type": {
        "label": "string",
        "beforeExpr": false,
        "startsExpr": true,
        "rightAssociative": false,
        "isLoop": false,
        "isAssign": false,
        "prefix": false,
        "postfix": false,
        "binop": null,
        "updateContext": null
      },
      "value": "templates",
      "start": 235,
      "end": 246,
      "loc": {
        "start": {
          "line": 9,
          "column": 11
        },
        "end": {
          "line": 9,
          "column": 22
        }
      }
    },
    {
      "type": {
        "label": ",",
        "beforeExpr": true,
        "startsExpr": false,
        "rightAssociative": false,
        "isLoop": false,
        "isAssign": false,
        "prefix": false,
        "postfix": false,
        "binop": null,
        "updateContext": null
      },
      "start": 246,
      "end": 247,
      "loc": {
        "start": {
          "line": 9,
          "column": 22
        },
        "end": {
          "line": 9,
          "column": 23
        }
      }
    },
    {
      "type": {
        "label": "name",
        "beforeExpr": false,
        "startsExpr": true,
        "rightAssociative": false,
        "isLoop": false,
        "isAssign": false,
        "prefix": false,
        "postfix": false,
        "binop": null
      },
      "value": "weight",
      "start": 254,
      "end": 260,
      "loc": {
        "start": {
          "line": 10,
          "column": 6
        },
        "end": {
          "line": 10,
          "column": 12
        }
      }
    },
    {
      "type": {
        "label": ":",
        "beforeExpr": true,
        "startsExpr": false,
        "rightAssociative": false,
        "isLoop": false,
        "isAssign": false,
        "prefix": false,
        "postfix": false,
        "binop": null,
        "updateContext": null
      },
      "start": 260,
      "end": 261,
      "loc": {
        "start": {
          "line": 10,
          "column": 12
        },
        "end": {
          "line": 10,
          "column": 13
        }
      }
    },
    {
      "type": {
        "label": "num",
        "beforeExpr": false,
        "startsExpr": true,
        "rightAssociative": false,
        "isLoop": false,
        "isAssign": false,
        "prefix": false,
        "postfix": false,
        "binop": null,
        "updateContext": null
      },
      "value": 5,
      "start": 262,
      "end": 263,
      "loc": {
        "start": {
          "line": 10,
          "column": 14
        },
        "end": {
          "line": 10,
          "column": 15
        }
      }
    },
    {
      "type": {
        "label": ",",
        "beforeExpr": true,
        "startsExpr": false,
        "rightAssociative": false,
        "isLoop": false,
        "isAssign": false,
        "prefix": false,
        "postfix": false,
        "binop": null,
        "updateContext": null
      },
      "start": 263,
      "end": 264,
      "loc": {
        "start": {
          "line": 10,
          "column": 15
        },
        "end": {
          "line": 10,
          "column": 16
        }
      }
    },
    {
      "type": {
        "label": "name",
        "beforeExpr": false,
        "startsExpr": true,
        "rightAssociative": false,
        "isLoop": false,
        "isAssign": false,
        "prefix": false,
        "postfix": false,
        "binop": null
      },
      "value": "components",
      "start": 271,
      "end": 281,
      "loc": {
        "start": {
          "line": 11,
          "column": 6
        },
        "end": {
          "line": 11,
          "column": 16
        }
      }
    },
    {
      "type": {
        "label": ":",
        "beforeExpr": true,
        "startsExpr": false,
        "rightAssociative": false,
        "isLoop": false,
        "isAssign": false,
        "prefix": false,
        "postfix": false,
        "binop": null,
        "updateContext": null
      },
      "start": 281,
      "end": 282,
      "loc": {
        "start": {
          "line": 11,
          "column": 16
        },
        "end": {
          "line": 11,
          "column": 17
        }
      }
    },
    {
      "type": {
        "label": "name",
        "beforeExpr": false,
        "startsExpr": true,
        "rightAssociative": false,
        "isLoop": false,
        "isAssign": false,
        "prefix": false,
        "postfix": false,
        "binop": null
      },
      "value": "EditGridEditTemplates",
      "start": 283,
      "end": 304,
      "loc": {
        "start": {
          "line": 11,
          "column": 18
        },
        "end": {
          "line": 11,
          "column": 39
        }
      }
    },
    {
      "type": {
        "label": "}",
        "beforeExpr": false,
        "startsExpr": false,
        "rightAssociative": false,
        "isLoop": false,
        "isAssign": false,
        "prefix": false,
        "postfix": false,
        "binop": null
      },
      "start": 309,
      "end": 310,
      "loc": {
        "start": {
          "line": 12,
          "column": 4
        },
        "end": {
          "line": 12,
          "column": 5
        }
      }
    },
    {
      "type": {
        "label": "]",
        "beforeExpr": false,
        "startsExpr": false,
        "rightAssociative": false,
        "isLoop": false,
        "isAssign": false,
        "prefix": false,
        "postfix": false,
        "binop": null,
        "updateContext": null
      },
      "start": 313,
      "end": 314,
      "loc": {
        "start": {
          "line": 13,
          "column": 2
        },
        "end": {
          "line": 13,
          "column": 3
        }
      }
    },
    {
      "type": {
        "label": ")",
        "beforeExpr": false,
        "startsExpr": false,
        "rightAssociative": false,
        "isLoop": false,
        "isAssign": false,
        "prefix": false,
        "postfix": false,
        "binop": null
      },
      "start": 314,
      "end": 315,
      "loc": {
        "start": {
          "line": 13,
          "column": 3
        },
        "end": {
          "line": 13,
          "column": 4
        }
      }
    },
    {
      "type": {
        "label": ";",
        "beforeExpr": true,
        "startsExpr": false,
        "rightAssociative": false,
        "isLoop": false,
        "isAssign": false,
        "prefix": false,
        "postfix": false,
        "binop": null,
        "updateContext": null
      },
      "start": 315,
      "end": 316,
      "loc": {
        "start": {
          "line": 13,
          "column": 4
        },
        "end": {
          "line": 13,
          "column": 5
        }
      }
    },
    {
      "type": {
        "label": "}",
        "beforeExpr": false,
        "startsExpr": false,
        "rightAssociative": false,
        "isLoop": false,
        "isAssign": false,
        "prefix": false,
        "postfix": false,
        "binop": null
      },
      "start": 317,
      "end": 318,
      "loc": {
        "start": {
          "line": 14,
          "column": 0
        },
        "end": {
          "line": 14,
          "column": 1
        }
      }
    },
    {
      "type": {
        "label": "eof",
        "beforeExpr": false,
        "startsExpr": false,
        "rightAssociative": false,
        "isLoop": false,
        "isAssign": false,
        "prefix": false,
        "postfix": false,
        "binop": null,
        "updateContext": null
      },
      "start": 319,
      "end": 319,
      "loc": {
        "start": {
          "line": 15,
          "column": 0
        },
        "end": {
          "line": 15,
          "column": 0
        }
      }
    }
  ]
}