{
  "type": "File",
  "start": 0,
  "end": 364,
  "loc": {
    "start": {
      "line": 1,
      "column": 0
    },
    "end": {
      "line": 23,
      "column": 0
    }
  },
  "program": {
    "type": "Program",
    "start": 0,
    "end": 364,
    "loc": {
      "start": {
        "line": 1,
        "column": 0
      },
      "end": {
        "line": 23,
        "column": 0
      }
    },
    "sourceType": "module",
    "body": [
      {
        "type": "ExportNamedDeclaration",
        "start": 0,
        "end": 363,
        "loc": {
          "start": {
            "line": 1,
            "column": 0
          },
          "end": {
            "line": 22,
            "column": 2
          }
        },
        "specifiers": [],
        "source": null,
        "declaration": {
          "type": "VariableDeclaration",
          "start": 7,
          "end": 363,
          "loc": {
            "start": {
              "line": 1,
              "column": 7
            },
            "end": {
              "line": 22,
              "column": 2
            }
          },
          "declarations": [
            {
              "type": "VariableDeclarator",
              "start": 13,
              "end": 362,
              "loc": {
                "start": {
                  "line": 1,
                  "column": 13
                },
                "end": {
                  "line": 22,
                  "column": 1
                }
              },
              "id": {
                "type": "Identifier",
                "start": 13,
                "end": 22,
                "loc": {
                  "start": {
                    "line": 1,
                    "column": 13
                  },
                  "end": {
                    "line": 1,
                    "column": 22
                  },
                  "identifierName": "component"
                },
                "name": "component"
              },
              "init": {
                "type": "ObjectExpression",
                "start": 25,
                "end": 362,
                "loc": {
                  "start": {
                    "line": 1,
                    "column": 25
                  },
                  "end": {
                    "line": 22,
                    "column": 1
                  }
                },
                "properties": [
                  {
                    "type": "ObjectProperty",
                    "start": 29,
                    "end": 42,
                    "loc": {
                      "start": {
                        "line": 2,
                        "column": 2
                      },
                      "end": {
                        "line": 2,
                        "column": 15
                      }
                    },
                    "method": false,
                    "shorthand": false,
                    "computed": false,
                    "key": {
                      "type": "StringLiteral",
                      "start": 29,
                      "end": 36,
                      "loc": {
                        "start": {
                          "line": 2,
                          "column": 2
                        },
                        "end": {
                          "line": 2,
                          "column": 9
                        }
                      },
                      "extra": {
                        "rawValue": "input",
                        "raw": "'input'"
                      },
                      "value": "input"
                    },
                    "value": {
                      "type": "BooleanLiteral",
                      "start": 38,
                      "end": 42,
                      "loc": {
                        "start": {
                          "line": 2,
                          "column": 11
                        },
                        "end": {
                          "line": 2,
                          "column": 15
                        }
                      },
                      "value": true
                    }
                  },
                  {
                    "type": "ObjectProperty",
                    "start": 46,
                    "end": 64,
                    "loc": {
                      "start": {
                        "line": 3,
                        "column": 2
                      },
                      "end": {
                        "line": 3,
                        "column": 20
                      }
                    },
                    "method": false,
                    "shorthand": false,
                    "computed": false,
                    "key": {
                      "type": "StringLiteral",
                      "start": 46,
                      "end": 57,
                      "loc": {
                        "start": {
                          "line": 3,
                          "column": 2
                        },
                        "end": {
                          "line": 3,
                          "column": 13
                        }
                      },
                      "extra": {
                        "rawValue": "tableView",
                        "raw": "'tableView'"
                      },
                      "value": "tableView"
                    },
                    "value": {
                      "type": "BooleanLiteral",
                      "start": 59,
                      "end": 64,
                      "loc": {
                        "start": {
                          "line": 3,
                          "column": 15
                        },
                        "end": {
                          "line": 3,
                          "column": 20
                        }
                      },
                      "value": false
                    }
                  },
                  {
                    "type": "ObjectProperty",
                    "start": 68,
                    "end": 91,
                    "loc": {
                      "start": {
                        "line": 4,
                        "column": 2
                      },
                      "end": {
                        "line": 4,
                        "column": 25
                      }
                    },
                    "method": false,
                    "shorthand": false,
                    "computed": false,
                    "key": {
                      "type": "StringLiteral",
                      "start": 68,
                      "end": 79,
                      "loc": {
                        "start": {
                          "line": 4,
                          "column": 2
                        },
                        "end": {
                          "line": 4,
                          "column": 13
                        }
                      },
                      "extra": {
                        "rawValue": "inputType",
                        "raw": "'inputType'"
                      },
                      "value": "inputType"
                    },
                    "value": {
                      "type": "StringLiteral",
                      "start": 81,
                      "end": 91,
                      "loc": {
                        "start": {
                          "line": 4,
                          "column": 15
                        },
                        "end": {
                          "line": 4,
                          "column": 25
                        }
                      },
                      "extra": {
                        "rawValue": "password",
                        "raw": "'password'"
                      },
                      "value": "password"
                    }
                  },
                  {
                    "type": "ObjectProperty",
                    "start": 95,
                    "end": 114,
                    "loc": {
                      "start": {
                        "line": 5,
                        "column": 2
                      },
                      "end": {
                        "line": 5,
                        "column": 21
                      }
                    },
                    "method": false,
                    "shorthand": false,
                    "computed": false,
                    "key": {
                      "type": "StringLiteral",
                      "start": 95,
                      "end": 102,
                      "loc": {
                        "start": {
                          "line": 5,
                          "column": 2
                        },
                        "end": {
                          "line": 5,
                          "column": 9
                        }
                      },
                      "extra": {
                        "rawValue": "label",
                        "raw": "'label'"
                      },
                      "value": "label"
                    },
                    "value": {
                      "type": "StringLiteral",
                      "start": 104,
                      "end": 114,
                      "loc": {
                        "start": {
                          "line": 5,
                          "column": 11
                        },
                        "end": {
                          "line": 5,
                          "column": 21
                        }
                      },
                      "extra": {
                        "rawValue": "Password",
                        "raw": "'Password'"
                      },
                      "value": "Password"
                    }
                  },
                  {
                    "type": "ObjectProperty",
                    "start": 118,
                    "end": 135,
                    "loc": {
                      "start": {
                        "line": 6,
                        "column": 2
                      },
                      "end": {
                        "line": 6,
                        "column": 19
                      }
                    },
                    "method": false,
                    "shorthand": false,
                    "computed": false,
                    "key": {
                      "type": "StringLiteral",
                      "start": 118,
                      "end": 123,
                      "loc": {
                        "start": {
                          "line": 6,
                          "column": 2
                        },
                        "end": {
                          "line": 6,
                          "column": 7
                        }
                      },
                      "extra": {
                        "rawValue": "key",
                        "raw": "'key'"
                      },
                      "value": "key"
                    },
                    "value": {
                      "type": "StringLiteral",
                      "start": 125,
                      "end": 135,
                      "loc": {
                        "start": {
                          "line": 6,
                          "column": 9
                        },
                        "end": {
                          "line": 6,
                          "column": 19
                        }
                      },
                      "extra": {
                        "rawValue": "password",
                        "raw": "'password'"
                      },
                      "value": "password"
                    }
                  },
                  {
                    "type": "ObjectProperty",
                    "start": 139,
                    "end": 156,
                    "loc": {
                      "start": {
                        "line": 7,
                        "column": 2
                      },
                      "end": {
                        "line": 7,
                        "column": 19
                      }
                    },
                    "method": false,
                    "shorthand": false,
                    "computed": false,
                    "key": {
                      "type": "StringLiteral",
                      "start": 139,
                      "end": 152,
                      "loc": {
                        "start": {
                          "line": 7,
                          "column": 2
                        },
                        "end": {
                          "line": 7,
                          "column": 15
                        }
                      },
                      "extra": {
                        "rawValue": "placeholder",
                        "raw": "'placeholder'"
                      },
                      "value": "placeholder"
                    },
                    "value": {
                      "type": "StringLiteral",
                      "start": 154,
                      "end": 156,
                      "loc": {
                        "start": {
                          "line": 7,
                          "column": 17
                        },
                        "end": {
                          "line": 7,
                          "column": 19
                        }
                      },
                      "extra": {
                        "rawValue": "",
                        "raw": "''"
                      },
                      "value": ""
                    }
                  },
                  {
                    "type": "ObjectProperty",
                    "start": 160,
                    "end": 172,
                    "loc": {
                      "start": {
                        "line": 8,
                        "column": 2
                      },
                      "end": {
                        "line": 8,
                        "column": 14
                      }
                    },
                    "method": false,
                    "shorthand": false,
                    "computed": false,
                    "key": {
                      "type": "StringLiteral",
                      "start": 160,
                      "end": 168,
                      "loc": {
                        "start": {
                          "line": 8,
                          "column": 2
                        },
                        "end": {
                          "line": 8,
                          "column": 10
                        }
                      },
                      "extra": {
                        "rawValue": "prefix",
                        "raw": "'prefix'"
                      },
                      "value": "prefix"
                    },
                    "value": {
                      "type": "StringLiteral",
                      "start": 170,
                      "end": 172,
                      "loc": {
                        "start": {
                          "line": 8,
                          "column": 12
                        },
                        "end": {
                          "line": 8,
                          "column": 14
                        }
                      },
                      "extra": {
                        "rawValue": "",
                        "raw": "''"
                      },
                      "value": ""
                    }
                  },
                  {
                    "type": "ObjectProperty",
                    "start": 176,
                    "end": 188,
                    "loc": {
                      "start": {
                        "line": 9,
                        "column": 2
                      },
                      "end": {
                        "line": 9,
                        "column": 14
                      }
                    },
                    "method": false,
                    "shorthand": false,
                    "computed": false,
                    "key": {
                      "type": "StringLiteral",
                      "start": 176,
                      "end": 184,
                      "loc": {
                        "start": {
                          "line": 9,
                          "column": 2
                        },
                        "end": {
                          "line": 9,
                          "column": 10
                        }
                      },
                      "extra": {
                        "rawValue": "suffix",
                        "raw": "'suffix'"
                      },
                      "value": "suffix"
                    },
                    "value": {
                      "type": "StringLiteral",
                      "start": 186,
                      "end": 188,
                      "loc": {
                        "start": {
                          "line": 9,
                          "column": 12
                        },
                        "end": {
                          "line": 9,
                          "column": 14
                        }
                      },
                      "extra": {
                        "rawValue": "",
                        "raw": "''"
                      },
                      "value": ""
                    }
                  },
                  {
                    "type": "ObjectProperty",
                    "start": 192,
                    "end": 209,
                    "loc": {
                      "start": {
                        "line": 10,
                        "column": 2
                      },
                      "end": {
                        "line": 10,
                        "column": 19
                      }
                    },
                    "method": false,
                    "shorthand": false,
                    "computed": false,
                    "key": {
                      "type": "StringLiteral",
                      "start": 192,
                      "end": 203,
                      "loc": {
                        "start": {
                          "line": 10,
                          "column": 2
                        },
                        "end": {
                          "line": 10,
                          "column": 13
                        }
                      },
                      "extra": {
                        "rawValue": "protected",
                        "raw": "'protected'"
                      },
                      "value": "protected"
                    },
                    "value": {
                      "type": "BooleanLiteral",
                      "start": 205,
                      "end": 209,
                      "loc": {
                        "start": {
                          "line": 10,
                          "column": 15
                        },
                        "end": {
                          "line": 10,
                          "column": 19
                        }
                      },
                      "value": true
                    }
                  },
                  {
                    "type": "ObjectProperty",
                    "start": 213,
                    "end": 231,
                    "loc": {
                      "start": {
                        "line": 11,
                        "column": 2
                      },
                      "end": {
                        "line": 11,
                        "column": 20
                      }
                    },
                    "method": false,
                    "shorthand": false,
                    "computed": false,
                    "key": {
                      "type": "StringLiteral",
                      "start": 213,
                      "end": 225,
                      "loc": {
                        "start": {
                          "line": 11,
                          "column": 2
                        },
                        "end": {
                          "line": 11,
                          "column": 14
                        }
                      },
                      "extra": {
                        "rawValue": "persistent",
                        "raw": "'persistent'"
                      },
                      "value": "persistent"
                    },
                    "value": {
                      "type": "BooleanLiteral",
                      "start": 227,
                      "end": 231,
                      "loc": {
                        "start": {
                          "line": 11,
                          "column": 16
                        },
                        "end": {
                          "line": 11,
                          "column": 20
                        }
                      },
                      "value": true
                    }
                  },
                  {
                    "type": "ObjectProperty",
                    "start": 235,
                    "end": 253,
                    "loc": {
                      "start": {
                        "line": 12,
                        "column": 2
                      },
                      "end": {
                        "line": 12,
                        "column": 20
                      }
                    },
                    "method": false,
                    "shorthand": false,
                    "computed": false,
                    "key": {
                      "type": "StringLiteral",
                      "start": 235,
                      "end": 241,
                      "loc": {
                        "start": {
                          "line": 12,
                          "column": 2
                        },
                        "end": {
                          "line": 12,
                          "column": 8
                        }
                      },
                      "extra": {
                        "rawValue": "type",
                        "raw": "'type'"
                      },
                      "value": "type"
                    },
                    "value": {
                      "type": "StringLiteral",
                      "start": 243,
                      "end": 253,
                      "loc": {
                        "start": {
                          "line": 12,
                          "column": 10
                        },
                        "end": {
                          "line": 12,
                          "column": 20
                        }
                      },
                      "extra": {
                        "rawValue": "password",
                        "raw": "'password'"
                      },
                      "value": "password"
                    }
                  },
                  {
                    "type": "ObjectProperty",
                    "start": 257,
                    "end": 271,
                    "loc": {
                      "start": {
                        "line": 13,
                        "column": 2
                      },
                      "end": {
                        "line": 15,
                        "column": 3
                      }
                    },
                    "method": false,
                    "shorthand": false,
                    "computed": false,
                    "key": {
                      "type": "StringLiteral",
                      "start": 257,
                      "end": 263,
                      "loc": {
                        "start": {
                          "line": 13,
                          "column": 2
                        },
                        "end": {
                          "line": 13,
                          "column": 8
                        }
                      },
                      "extra": {
                        "rawValue": "tags",
                        "raw": "'tags'"
                      },
                      "value": "tags"
                    },
                    "value": {
                      "type": "ArrayExpression",
                      "start": 265,
                      "end": 271,
                      "loc": {
                        "start": {
                          "line": 13,
                          "column": 10
                        },
                        "end": {
                          "line": 15,
                          "column": 3
                        }
                      },
                      "elements": []
                    }
                  },
                  {
                    "type": "ObjectProperty",
                    "start": 275,
                    "end": 342,
                    "loc": {
                      "start": {
                        "line": 16,
                        "column": 2
                      },
                      "end": {
                        "line": 20,
                        "column": 3
                      }
                    },
                    "method": false,
                    "shorthand": false,
                    "computed": false,
                    "key": {
                      "type": "StringLiteral",
                      "start": 275,
                      "end": 288,
                      "loc": {
                        "start": {
                          "line": 16,
                          "column": 2
                        },
                        "end": {
                          "line": 16,
                          "column": 15
                        }
                      },
                      "extra": {
                        "rawValue": "conditional",
                        "raw": "'conditional'"
                      },
                      "value": "conditional"
                    },
                    "value": {
                      "type": "ObjectExpression",
                      "start": 290,
                      "end": 342,
                      "loc": {
                        "start": {
                          "line": 16,
                          "column": 17
                        },
                        "end": {
                          "line": 20,
                          "column": 3
                        }
                      },
                      "properties": [
                        {
                          "type": "ObjectProperty",
                          "start": 296,
                          "end": 306,
                          "loc": {
                            "start": {
                              "line": 17,
                              "column": 4
                            },
                            "end": {
                              "line": 17,
                              "column": 14
                            }
                          },
                          "method": false,
                          "shorthand": false,
                          "computed": false,
                          "key": {
                            "type": "StringLiteral",
                            "start": 296,
                            "end": 302,
                            "loc": {
                              "start": {
                                "line": 17,
                                "column": 4
                              },
                              "end": {
                                "line": 17,
                                "column": 10
                              }
                            },
                            "extra": {
                              "rawValue": "show",
                              "raw": "'show'"
                            },
                            "value": "show"
                          },
                          "value": {
                            "type": "StringLiteral",
                            "start": 304,
                            "end": 306,
                            "loc": {
                              "start": {
                                "line": 17,
                                "column": 12
                              },
                              "end": {
                                "line": 17,
                                "column": 14
                              }
                            },
                            "extra": {
                              "rawValue": "",
                              "raw": "''"
                            },
                            "value": ""
                          }
                        },
                        {
                          "type": "ObjectProperty",
                          "start": 312,
                          "end": 324,
                          "loc": {
                            "start": {
                              "line": 18,
                              "column": 4
                            },
                            "end": {
                              "line": 18,
                              "column": 16
                            }
                          },
                          "method": false,
                          "shorthand": false,
                          "computed": false,
                          "key": {
                            "type": "StringLiteral",
                            "start": 312,
                            "end": 318,
                            "loc": {
                              "start": {
                                "line": 18,
                                "column": 4
                              },
                              "end": {
                                "line": 18,
                                "column": 10
                              }
                            },
                            "extra": {
                              "rawValue": "when",
                              "raw": "'when'"
                            },
                            "value": "when"
                          },
                          "value": {
                            "type": "NullLiteral",
                            "start": 320,
                            "end": 324,
                            "loc": {
                              "start": {
                                "line": 18,
                                "column": 12
                              },
                              "end": {
                                "line": 18,
                                "column": 16
                              }
                            }
                          }
                        },
                        {
                          "type": "ObjectProperty",
                          "start": 330,
                          "end": 338,
                          "loc": {
                            "start": {
                              "line": 19,
                              "column": 4
                            },
                            "end": {
                              "line": 19,
                              "column": 12
                            }
                          },
                          "method": false,
                          "shorthand": false,
                          "computed": false,
                          "key": {
                            "type": "StringLiteral",
                            "start": 330,
                            "end": 334,
                            "loc": {
                              "start": {
                                "line": 19,
                                "column": 4
                              },
                              "end": {
                                "line": 19,
                                "column": 8
                              }
                            },
                            "extra": {
                              "rawValue": "eq",
                              "raw": "'eq'"
                            },
                            "value": "eq"
                          },
                          "value": {
                            "type": "StringLiteral",
                            "start": 336,
                            "end": 338,
                            "loc": {
                              "start": {
                                "line": 19,
                                "column": 10
                              },
                              "end": {
                                "line": 19,
                                "column": 12
                              }
                            },
                            "extra": {
                              "rawValue": "",
                              "raw": "''"
                            },
                            "value": ""
                          }
                        }
                      ]
                    }
                  },
                  {
                    "type": "ObjectProperty",
                    "start": 346,
                    "end": 360,
                    "loc": {
                      "start": {
                        "line": 21,
                        "column": 2
                      },
                      "end": {
                        "line": 21,
                        "column": 16
                      }
                    },
                    "method": false,
                    "shorthand": false,
                    "computed": false,
                    "key": {
                      "type": "StringLiteral",
                      "start": 346,
                      "end": 353,
                      "loc": {
                        "start": {
                          "line": 21,
                          "column": 2
                        },
                        "end": {
                          "line": 21,
                          "column": 9
                        }
                      },
                      "extra": {
                        "rawValue": "isNew",
                        "raw": "'isNew'"
                      },
                      "value": "isNew"
                    },
                    "value": {
                      "type": "BooleanLiteral",
                      "start": 355,
                      "end": 360,
                      "loc": {
                        "start": {
                          "line": 21,
                          "column": 11
                        },
                        "end": {
                          "line": 21,
                          "column": 16
                        }
                      },
                      "value": false
                    }
                  }
                ]
              }
            }
          ],
          "kind": "const",
          "leadingComments": [],
          "trailingComments": []
        }
      }
    ],
    "directives": []
  },
  "comments": [],
  "tokens": [
    {
      "type": {
        "label": "export",
        "keyword": "export",
        "beforeExpr": false,
        "startsExpr": false,
        "rightAssociative": false,
        "isLoop": false,
        "isAssign": false,
        "prefix": false,
        "postfix": false,
        "binop": null,
        "updateContext": null
      },
      "value": "export",
      "start": 0,
      "end": 6,
      "loc": {
        "start": {
          "line": 1,
          "column": 0
        },
        "end": {
          "line": 1,
          "column": 6
        }
      }
    },
    {
      "type": {
        "label": "const",
        "keyword": "const",
        "beforeExpr": false,
        "startsExpr": false,
        "rightAssociative": false,
        "isLoop": false,
        "isAssign": false,
        "prefix": false,
        "postfix": false,
        "binop": null,
        "updateContext": null
      },
      "value": "const",
      "start": 7,
      "end": 12,
      "loc": {
        "start": {
          "line": 1,
          "column": 7
        },
        "end": {
          "line": 1,
          "column": 12
        }
      }
    },
    {
      "type": {
        "label": "name",
        "beforeExpr": false,
        "startsExpr": true,
        "rightAssociative": false,
        "isLoop": false,
        "isAssign": false,
        "prefix": false,
        "postfix": false,
        "binop": null
      },
      "value": "component",
      "start": 13,
      "end": 22,
      "loc": {
        "start": {
          "line": 1,
          "column": 13
        },
        "end": {
          "line": 1,
          "column": 22
        }
      }
    },
    {
      "type": {
        "label": "=",
        "beforeExpr": true,
        "startsExpr": false,
        "rightAssociative": false,
        "isLoop": false,
        "isAssign": true,
        "prefix": false,
        "postfix": false,
        "binop": null,
        "updateContext": null
      },
      "value": "=",
      "start": 23,
      "end": 24,
      "loc": {
        "start": {
          "line": 1,
          "column": 23
        },
        "end": {
          "line": 1,
          "column": 24
        }
      }
    },
    {
      "type": {
        "label": "{",
        "beforeExpr": true,
        "startsExpr": true,
        "rightAssociative": false,
        "isLoop": false,
        "isAssign": false,
        "prefix": false,
        "postfix": false,
        "binop": null
      },
      "start": 25,
      "end": 26,
      "loc": {
        "start": {
          "line": 1,
          "column": 25
        },
        "end": {
          "line": 1,
          "column": 26
        }
      }
    },
    {
      "type": {
        "label": "string",
        "beforeExpr": false,
        "startsExpr": true,
        "rightAssociative": false,
        "isLoop": false,
        "isAssign": false,
        "prefix": false,
        "postfix": false,
        "binop": null,
        "updateContext": null
      },
      "value": "input",
      "start": 29,
      "end": 36,
      "loc": {
        "start": {
          "line": 2,
          "column": 2
        },
        "end": {
          "line": 2,
          "column": 9
        }
      }
    },
    {
      "type": {
        "label": ":",
        "beforeExpr": true,
        "startsExpr": false,
        "rightAssociative": false,
        "isLoop": false,
        "isAssign": false,
        "prefix": false,
        "postfix": false,
        "binop": null,
        "updateContext": null
      },
      "start": 36,
      "end": 37,
      "loc": {
        "start": {
          "line": 2,
          "column": 9
        },
        "end": {
          "line": 2,
          "column": 10
        }
      }
    },
    {
      "type": {
        "label": "true",
        "keyword": "true",
        "beforeExpr": false,
        "startsExpr": true,
        "rightAssociative": false,
        "isLoop": false,
        "isAssign": false,
        "prefix": false,
        "postfix": false,
        "binop": null,
        "updateContext": null
      },
      "value": "true",
      "start": 38,
      "end": 42,
      "loc": {
        "start": {
          "line": 2,
          "column": 11
        },
        "end": {
          "line": 2,
          "column": 15
        }
      }
    },
    {
      "type": {
        "label": ",",
        "beforeExpr": true,
        "startsExpr": false,
        "rightAssociative": false,
        "isLoop": false,
        "isAssign": false,
        "prefix": false,
        "postfix": false,
        "binop": null,
        "updateContext": null
      },
      "start": 42,
      "end": 43,
      "loc": {
        "start": {
          "line": 2,
          "column": 15
        },
        "end": {
          "line": 2,
          "column": 16
        }
      }
    },
    {
      "type": {
        "label": "string",
        "beforeExpr": false,
        "startsExpr": true,
        "rightAssociative": false,
        "isLoop": false,
        "isAssign": false,
        "prefix": false,
        "postfix": false,
        "binop": null,
        "updateContext": null
      },
      "value": "tableView",
      "start": 46,
      "end": 57,
      "loc": {
        "start": {
          "line": 3,
          "column": 2
        },
        "end": {
          "line": 3,
          "column": 13
        }
      }
    },
    {
      "type": {
        "label": ":",
        "beforeExpr": true,
        "startsExpr": false,
        "rightAssociative": false,
        "isLoop": false,
        "isAssign": false,
        "prefix": false,
        "postfix": false,
        "binop": null,
        "updateContext": null
      },
      "start": 57,
      "end": 58,
      "loc": {
        "start": {
          "line": 3,
          "column": 13
        },
        "end": {
          "line": 3,
          "column": 14
        }
      }
    },
    {
      "type": {
        "label": "false",
        "keyword": "false",
        "beforeExpr": false,
        "startsExpr": true,
        "rightAssociative": false,
        "isLoop": false,
        "isAssign": false,
        "prefix": false,
        "postfix": false,
        "binop": null,
        "updateContext": null
      },
      "value": "false",
      "start": 59,
      "end": 64,
      "loc": {
        "start": {
          "line": 3,
          "column": 15
        },
        "end": {
          "line": 3,
          "column": 20
        }
      }
    },
    {
      "type": {
        "label": ",",
        "beforeExpr": true,
        "startsExpr": false,
        "rightAssociative": false,
        "isLoop": false,
        "isAssign": false,
        "prefix": false,
        "postfix": false,
        "binop": null,
        "updateContext": null
      },
      "start": 64,
      "end": 65,
      "loc": {
        "start": {
          "line": 3,
          "column": 20
        },
        "end": {
          "line": 3,
          "column": 21
        }
      }
    },
    {
      "type": {
        "label": "string",
        "beforeExpr": false,
        "startsExpr": true,
        "rightAssociative": false,
        "isLoop": false,
        "isAssign": false,
        "prefix": false,
        "postfix": false,
        "binop": null,
        "updateContext": null
      },
      "value": "inputType",
      "start": 68,
      "end": 79,
      "loc": {
        "start": {
          "line": 4,
          "column": 2
        },
        "end": {
          "line": 4,
          "column": 13
        }
      }
    },
    {
      "type": {
        "label": ":",
        "beforeExpr": true,
        "startsExpr": false,
        "rightAssociative": false,
        "isLoop": false,
        "isAssign": false,
        "prefix": false,
        "postfix": false,
        "binop": null,
        "updateContext": null
      },
      "start": 79,
      "end": 80,
      "loc": {
        "start": {
          "line": 4,
          "column": 13
        },
        "end": {
          "line": 4,
          "column": 14
        }
      }
    },
    {
      "type": {
        "label": "string",
        "beforeExpr": false,
        "startsExpr": true,
        "rightAssociative": false,
        "isLoop": false,
        "isAssign": false,
        "prefix": false,
        "postfix": false,
        "binop": null,
        "updateContext": null
      },
      "value": "password",
      "start": 81,
      "end": 91,
      "loc": {
        "start": {
          "line": 4,
          "column": 15
        },
        "end": {
          "line": 4,
          "column": 25
        }
      }
    },
    {
      "type": {
        "label": ",",
        "beforeExpr": true,
        "startsExpr": false,
        "rightAssociative": false,
        "isLoop": false,
        "isAssign": false,
        "prefix": false,
        "postfix": false,
        "binop": null,
        "updateContext": null
      },
      "start": 91,
      "end": 92,
      "loc": {
        "start": {
          "line": 4,
          "column": 25
        },
        "end": {
          "line": 4,
          "column": 26
        }
      }
    },
    {
      "type": {
        "label": "string",
        "beforeExpr": false,
        "startsExpr": true,
        "rightAssociative": false,
        "isLoop": false,
        "isAssign": false,
        "prefix": false,
        "postfix": false,
        "binop": null,
        "updateContext": null
      },
      "value": "label",
      "start": 95,
      "end": 102,
      "loc": {
        "start": {
          "line": 5,
          "column": 2
        },
        "end": {
          "line": 5,
          "column": 9
        }
      }
    },
    {
      "type": {
        "label": ":",
        "beforeExpr": true,
        "startsExpr": false,
        "rightAssociative": false,
        "isLoop": false,
        "isAssign": false,
        "prefix": false,
        "postfix": false,
        "binop": null,
        "updateContext": null
      },
      "start": 102,
      "end": 103,
      "loc": {
        "start": {
          "line": 5,
          "column": 9
        },
        "end": {
          "line": 5,
          "column": 10
        }
      }
    },
    {
      "type": {
        "label": "string",
        "beforeExpr": false,
        "startsExpr": true,
        "rightAssociative": false,
        "isLoop": false,
        "isAssign": false,
        "prefix": false,
        "postfix": false,
        "binop": null,
        "updateContext": null
      },
      "value": "Password",
      "start": 104,
      "end": 114,
      "loc": {
        "start": {
          "line": 5,
          "column": 11
        },
        "end": {
          "line": 5,
          "column": 21
        }
      }
    },
    {
      "type": {
        "label": ",",
        "beforeExpr": true,
        "startsExpr": false,
        "rightAssociative": false,
        "isLoop": false,
        "isAssign": false,
        "prefix": false,
        "postfix": false,
        "binop": null,
        "updateContext": null
      },
      "start": 114,
      "end": 115,
      "loc": {
        "start": {
          "line": 5,
          "column": 21
        },
        "end": {
          "line": 5,
          "column": 22
        }
      }
    },
    {
      "type": {
        "label": "string",
        "beforeExpr": false,
        "startsExpr": true,
        "rightAssociative": false,
        "isLoop": false,
        "isAssign": false,
        "prefix": false,
        "postfix": false,
        "binop": null,
        "updateContext": null
      },
      "value": "key",
      "start": 118,
      "end": 123,
      "loc": {
        "start": {
          "line": 6,
          "column": 2
        },
        "end": {
          "line": 6,
          "column": 7
        }
      }
    },
    {
      "type": {
        "label": ":",
        "beforeExpr": true,
        "startsExpr": false,
        "rightAssociative": false,
        "isLoop": false,
        "isAssign": false,
        "prefix": false,
        "postfix": false,
        "binop": null,
        "updateContext": null
      },
      "start": 123,
      "end": 124,
      "loc": {
        "start": {
          "line": 6,
          "column": 7
        },
        "end": {
          "line": 6,
          "column": 8
        }
      }
    },
    {
      "type": {
        "label": "string",
        "beforeExpr": false,
        "startsExpr": true,
        "rightAssociative": false,
        "isLoop": false,
        "isAssign": false,
        "prefix": false,
        "postfix": false,
        "binop": null,
        "updateContext": null
      },
      "value": "password",
      "start": 125,
      "end": 135,
      "loc": {
        "start": {
          "line": 6,
          "column": 9
        },
        "end": {
          "line": 6,
          "column": 19
        }
      }
    },
    {
      "type": {
        "label": ",",
        "beforeExpr": true,
        "startsExpr": false,
        "rightAssociative": false,
        "isLoop": false,
        "isAssign": false,
        "prefix": false,
        "postfix": false,
        "binop": null,
        "updateContext": null
      },
      "start": 135,
      "end": 136,
      "loc": {
        "start": {
          "line": 6,
          "column": 19
        },
        "end": {
          "line": 6,
          "column": 20
        }
      }
    },
    {
      "type": {
        "label": "string",
        "beforeExpr": false,
        "startsExpr": true,
        "rightAssociative": false,
        "isLoop": false,
        "isAssign": false,
        "prefix": false,
        "postfix": false,
        "binop": null,
        "updateContext": null
      },
      "value": "placeholder",
      "start": 139,
      "end": 152,
      "loc": {
        "start": {
          "line": 7,
          "column": 2
        },
        "end": {
          "line": 7,
          "column": 15
        }
      }
    },
    {
      "type": {
        "label": ":",
        "beforeExpr": true,
        "startsExpr": false,
        "rightAssociative": false,
        "isLoop": false,
        "isAssign": false,
        "prefix": false,
        "postfix": false,
        "binop": null,
        "updateContext": null
      },
      "start": 152,
      "end": 153,
      "loc": {
        "start": {
          "line": 7,
          "column": 15
        },
        "end": {
          "line": 7,
          "column": 16
        }
      }
    },
    {
      "type": {
        "label": "string",
        "beforeExpr": false,
        "startsExpr": true,
        "rightAssociative": false,
        "isLoop": false,
        "isAssign": false,
        "prefix": false,
        "postfix": false,
        "binop": null,
        "updateContext": null
      },
      "value": "",
      "start": 154,
      "end": 156,
      "loc": {
        "start": {
          "line": 7,
          "column": 17
        },
        "end": {
          "line": 7,
          "column": 19
        }
      }
    },
    {
      "type": {
        "label": ",",
        "beforeExpr": true,
        "startsExpr": false,
        "rightAssociative": false,
        "isLoop": false,
        "isAssign": false,
        "prefix": false,
        "postfix": false,
        "binop": null,
        "updateContext": null
      },
      "start": 156,
      "end": 157,
      "loc": {
        "start": {
          "line": 7,
          "column": 19
        },
        "end": {
          "line": 7,
          "column": 20
        }
      }
    },
    {
      "type": {
        "label": "string",
        "beforeExpr": false,
        "startsExpr": true,
        "rightAssociative": false,
        "isLoop": false,
        "isAssign": false,
        "prefix": false,
        "postfix": false,
        "binop": null,
        "updateContext": null
      },
      "value": "prefix",
      "start": 160,
      "end": 168,
      "loc": {
        "start": {
          "line": 8,
          "column": 2
        },
        "end": {
          "line": 8,
          "column": 10
        }
      }
    },
    {
      "type": {
        "label": ":",
        "beforeExpr": true,
        "startsExpr": false,
        "rightAssociative": false,
        "isLoop": false,
        "isAssign": false,
        "prefix": false,
        "postfix": false,
        "binop": null,
        "updateContext": null
      },
      "start": 168,
      "end": 169,
      "loc": {
        "start": {
          "line": 8,
          "column": 10
        },
        "end": {
          "line": 8,
          "column": 11
        }
      }
    },
    {
      "type": {
        "label": "string",
        "beforeExpr": false,
        "startsExpr": true,
        "rightAssociative": false,
        "isLoop": false,
        "isAssign": false,
        "prefix": false,
        "postfix": false,
        "binop": null,
        "updateContext": null
      },
      "value": "",
      "start": 170,
      "end": 172,
      "loc": {
        "start": {
          "line": 8,
          "column": 12
        },
        "end": {
          "line": 8,
          "column": 14
        }
      }
    },
    {
      "type": {
        "label": ",",
        "beforeExpr": true,
        "startsExpr": false,
        "rightAssociative": false,
        "isLoop": false,
        "isAssign": false,
        "prefix": false,
        "postfix": false,
        "binop": null,
        "updateContext": null
      },
      "start": 172,
      "end": 173,
      "loc": {
        "start": {
          "line": 8,
          "column": 14
        },
        "end": {
          "line": 8,
          "column": 15
        }
      }
    },
    {
      "type": {
        "label": "string",
        "beforeExpr": false,
        "startsExpr": true,
        "rightAssociative": false,
        "isLoop": false,
        "isAssign": false,
        "prefix": false,
        "postfix": false,
        "binop": null,
        "updateContext": null
      },
      "value": "suffix",
      "start": 176,
      "end": 184,
      "loc": {
        "start": {
          "line": 9,
          "column": 2
        },
        "end": {
          "line": 9,
          "column": 10
        }
      }
    },
    {
      "type": {
        "label": ":",
        "beforeExpr": true,
        "startsExpr": false,
        "rightAssociative": false,
        "isLoop": false,
        "isAssign": false,
        "prefix": false,
        "postfix": false,
        "binop": null,
        "updateContext": null
      },
      "start": 184,
      "end": 185,
      "loc": {
        "start": {
          "line": 9,
          "column": 10
        },
        "end": {
          "line": 9,
          "column": 11
        }
      }
    },
    {
      "type": {
        "label": "string",
        "beforeExpr": false,
        "startsExpr": true,
        "rightAssociative": false,
        "isLoop": false,
        "isAssign": false,
        "prefix": false,
        "postfix": false,
        "binop": null,
        "updateContext": null
      },
      "value": "",
      "start": 186,
      "end": 188,
      "loc": {
        "start": {
          "line": 9,
          "column": 12
        },
        "end": {
          "line": 9,
          "column": 14
        }
      }
    },
    {
      "type": {
        "label": ",",
        "beforeExpr": true,
        "startsExpr": false,
        "rightAssociative": false,
        "isLoop": false,
        "isAssign": false,
        "prefix": false,
        "postfix": false,
        "binop": null,
        "updateContext": null
      },
      "start": 188,
      "end": 189,
      "loc": {
        "start": {
          "line": 9,
          "column": 14
        },
        "end": {
          "line": 9,
          "column": 15
        }
      }
    },
    {
      "type": {
        "label": "string",
        "beforeExpr": false,
        "startsExpr": true,
        "rightAssociative": false,
        "isLoop": false,
        "isAssign": false,
        "prefix": false,
        "postfix": false,
        "binop": null,
        "updateContext": null
      },
      "value": "protected",
      "start": 192,
      "end": 203,
      "loc": {
        "start": {
          "line": 10,
          "column": 2
        },
        "end": {
          "line": 10,
          "column": 13
        }
      }
    },
    {
      "type": {
        "label": ":",
        "beforeExpr": true,
        "startsExpr": false,
        "rightAssociative": false,
        "isLoop": false,
        "isAssign": false,
        "prefix": false,
        "postfix": false,
        "binop": null,
        "updateContext": null
      },
      "start": 203,
      "end": 204,
      "loc": {
        "start": {
          "line": 10,
          "column": 13
        },
        "end": {
          "line": 10,
          "column": 14
        }
      }
    },
    {
      "type": {
        "label": "true",
        "keyword": "true",
        "beforeExpr": false,
        "startsExpr": true,
        "rightAssociative": false,
        "isLoop": false,
        "isAssign": false,
        "prefix": false,
        "postfix": false,
        "binop": null,
        "updateContext": null
      },
      "value": "true",
      "start": 205,
      "end": 209,
      "loc": {
        "start": {
          "line": 10,
          "column": 15
        },
        "end": {
          "line": 10,
          "column": 19
        }
      }
    },
    {
      "type": {
        "label": ",",
        "beforeExpr": true,
        "startsExpr": false,
        "rightAssociative": false,
        "isLoop": false,
        "isAssign": false,
        "prefix": false,
        "postfix": false,
        "binop": null,
        "updateContext": null
      },
      "start": 209,
      "end": 210,
      "loc": {
        "start": {
          "line": 10,
          "column": 19
        },
        "end": {
          "line": 10,
          "column": 20
        }
      }
    },
    {
      "type": {
        "label": "string",
        "beforeExpr": false,
        "startsExpr": true,
        "rightAssociative": false,
        "isLoop": false,
        "isAssign": false,
        "prefix": false,
        "postfix": false,
        "binop": null,
        "updateContext": null
      },
      "value": "persistent",
      "start": 213,
      "end": 225,
      "loc": {
        "start": {
          "line": 11,
          "column": 2
        },
        "end": {
          "line": 11,
          "column": 14
        }
      }
    },
    {
      "type": {
        "label": ":",
        "beforeExpr": true,
        "startsExpr": false,
        "rightAssociative": false,
        "isLoop": false,
        "isAssign": false,
        "prefix": false,
        "postfix": false,
        "binop": null,
        "updateContext": null
      },
      "start": 225,
      "end": 226,
      "loc": {
        "start": {
          "line": 11,
          "column": 14
        },
        "end": {
          "line": 11,
          "column": 15
        }
      }
    },
    {
      "type": {
        "label": "true",
        "keyword": "true",
        "beforeExpr": false,
        "startsExpr": true,
        "rightAssociative": false,
        "isLoop": false,
        "isAssign": false,
        "prefix": false,
        "postfix": false,
        "binop": null,
        "updateContext": null
      },
      "value": "true",
      "start": 227,
      "end": 231,
      "loc": {
        "start": {
          "line": 11,
          "column": 16
        },
        "end": {
          "line": 11,
          "column": 20
        }
      }
    },
    {
      "type": {
        "label": ",",
        "beforeExpr": true,
        "startsExpr": false,
        "rightAssociative": false,
        "isLoop": false,
        "isAssign": false,
        "prefix": false,
        "postfix": false,
        "binop": null,
        "updateContext": null
      },
      "start": 231,
      "end": 232,
      "loc": {
        "start": {
          "line": 11,
          "column": 20
        },
        "end": {
          "line": 11,
          "column": 21
        }
      }
    },
    {
      "type": {
        "label": "string",
        "beforeExpr": false,
        "startsExpr": true,
        "rightAssociative": false,
        "isLoop": false,
        "isAssign": false,
        "prefix": false,
        "postfix": false,
        "binop": null,
        "updateContext": null
      },
      "value": "type",
      "start": 235,
      "end": 241,
      "loc": {
        "start": {
          "line": 12,
          "column": 2
        },
        "end": {
          "line": 12,
          "column": 8
        }
      }
    },
    {
      "type": {
        "label": ":",
        "beforeExpr": true,
        "startsExpr": false,
        "rightAssociative": false,
        "isLoop": false,
        "isAssign": false,
        "prefix": false,
        "postfix": false,
        "binop": null,
        "updateContext": null
      },
      "start": 241,
      "end": 242,
      "loc": {
        "start": {
          "line": 12,
          "column": 8
        },
        "end": {
          "line": 12,
          "column": 9
        }
      }
    },
    {
      "type": {
        "label": "string",
        "beforeExpr": false,
        "startsExpr": true,
        "rightAssociative": false,
        "isLoop": false,
        "isAssign": false,
        "prefix": false,
        "postfix": false,
        "binop": null,
        "updateContext": null
      },
      "value": "password",
      "start": 243,
      "end": 253,
      "loc": {
        "start": {
          "line": 12,
          "column": 10
        },
        "end": {
          "line": 12,
          "column": 20
        }
      }
    },
    {
      "type": {
        "label": ",",
        "beforeExpr": true,
        "startsExpr": false,
        "rightAssociative": false,
        "isLoop": false,
        "isAssign": false,
        "prefix": false,
        "postfix": false,
        "binop": null,
        "updateContext": null
      },
      "start": 253,
      "end": 254,
      "loc": {
        "start": {
          "line": 12,
          "column": 20
        },
        "end": {
          "line": 12,
          "column": 21
        }
      }
    },
    {
      "type": {
        "label": "string",
        "beforeExpr": false,
        "startsExpr": true,
        "rightAssociative": false,
        "isLoop": false,
        "isAssign": false,
        "prefix": false,
        "postfix": false,
        "binop": null,
        "updateContext": null
      },
      "value": "tags",
      "start": 257,
      "end": 263,
      "loc": {
        "start": {
          "line": 13,
          "column": 2
        },
        "end": {
          "line": 13,
          "column": 8
        }
      }
    },
    {
      "type": {
        "label": ":",
        "beforeExpr": true,
        "startsExpr": false,
        "rightAssociative": false,
        "isLoop": false,
        "isAssign": false,
        "prefix": false,
        "postfix": false,
        "binop": null,
        "updateContext": null
      },
      "start": 263,
      "end": 264,
      "loc": {
        "start": {
          "line": 13,
          "column": 8
        },
        "end": {
          "line": 13,
          "column": 9
        }
      }
    },
    {
      "type": {
        "label": "[",
        "beforeExpr": true,
        "startsExpr": true,
        "rightAssociative": false,
        "isLoop": false,
        "isAssign": false,
        "prefix": false,
        "postfix": false,
        "binop": null,
        "updateContext": null
      },
      "start": 265,
      "end": 266,
      "loc": {
        "start": {
          "line": 13,
          "column": 10
        },
        "end": {
          "line": 13,
          "column": 11
        }
      }
    },
    {
      "type": {
        "label": "]",
        "beforeExpr": false,
        "startsExpr": false,
        "rightAssociative": false,
        "isLoop": false,
        "isAssign": false,
        "prefix": false,
        "postfix": false,
        "binop": null,
        "updateContext": null
      },
      "start": 270,
      "end": 271,
      "loc": {
        "start": {
          "line": 15,
          "column": 2
        },
        "end": {
          "line": 15,
          "column": 3
        }
      }
    },
    {
      "type": {
        "label": ",",
        "beforeExpr": true,
        "startsExpr": false,
        "rightAssociative": false,
        "isLoop": false,
        "isAssign": false,
        "prefix": false,
        "postfix": false,
        "binop": null,
        "updateContext": null
      },
      "start": 271,
      "end": 272,
      "loc": {
        "start": {
          "line": 15,
          "column": 3
        },
        "end": {
          "line": 15,
          "column": 4
        }
      }
    },
    {
      "type": {
        "label": "string",
        "beforeExpr": false,
        "startsExpr": true,
        "rightAssociative": false,
        "isLoop": false,
        "isAssign": false,
        "prefix": false,
        "postfix": false,
        "binop": null,
        "updateContext": null
      },
      "value": "conditional",
      "start": 275,
      "end": 288,
      "loc": {
        "start": {
          "line": 16,
          "column": 2
        },
        "end": {
          "line": 16,
          "column": 15
        }
      }
    },
    {
      "type": {
        "label": ":",
        "beforeExpr": true,
        "startsExpr": false,
        "rightAssociative": false,
        "isLoop": false,
        "isAssign": false,
        "prefix": false,
        "postfix": false,
        "binop": null,
        "updateContext": null
      },
      "start": 288,
      "end": 289,
      "loc": {
        "start": {
          "line": 16,
          "column": 15
        },
        "end": {
          "line": 16,
          "column": 16
        }
      }
    },
    {
      "type": {
        "label": "{",
        "beforeExpr": true,
        "startsExpr": true,
        "rightAssociative": false,
        "isLoop": false,
        "isAssign": false,
        "prefix": false,
        "postfix": false,
        "binop": null
      },
      "start": 290,
      "end": 291,
      "loc": {
        "start": {
          "line": 16,
          "column": 17
        },
        "end": {
          "line": 16,
          "column": 18
        }
      }
    },
    {
      "type": {
        "label": "string",
        "beforeExpr": false,
        "startsExpr": true,
        "rightAssociative": false,
        "isLoop": false,
        "isAssign": false,
        "prefix": false,
        "postfix": false,
        "binop": null,
        "updateContext": null
      },
      "value": "show",
      "start": 296,
      "end": 302,
      "loc": {
        "start": {
          "line": 17,
          "column": 4
        },
        "end": {
          "line": 17,
          "column": 10
        }
      }
    },
    {
      "type": {
        "label": ":",
        "beforeExpr": true,
        "startsExpr": false,
        "rightAssociative": false,
        "isLoop": false,
        "isAssign": false,
        "prefix": false,
        "postfix": false,
        "binop": null,
        "updateContext": null
      },
      "start": 302,
      "end": 303,
      "loc": {
        "start": {
          "line": 17,
          "column": 10
        },
        "end": {
          "line": 17,
          "column": 11
        }
      }
    },
    {
      "type": {
        "label": "string",
        "beforeExpr": false,
        "startsExpr": true,
        "rightAssociative": false,
        "isLoop": false,
        "isAssign": false,
        "prefix": false,
        "postfix": false,
        "binop": null,
        "updateContext": null
      },
      "value": "",
      "start": 304,
      "end": 306,
      "loc": {
        "start": {
          "line": 17,
          "column": 12
        },
        "end": {
          "line": 17,
          "column": 14
        }
      }
    },
    {
      "type": {
        "label": ",",
        "beforeExpr": true,
        "startsExpr": false,
        "rightAssociative": false,
        "isLoop": false,
        "isAssign": false,
        "prefix": false,
        "postfix": false,
        "binop": null,
        "updateContext": null
      },
      "start": 306,
      "end": 307,
      "loc": {
        "start": {
          "line": 17,
          "column": 14
        },
        "end": {
          "line": 17,
          "column": 15
        }
      }
    },
    {
      "type": {
        "label": "string",
        "beforeExpr": false,
        "startsExpr": true,
        "rightAssociative": false,
        "isLoop": false,
        "isAssign": false,
        "prefix": false,
        "postfix": false,
        "binop": null,
        "updateContext": null
      },
      "value": "when",
      "start": 312,
      "end": 318,
      "loc": {
        "start": {
          "line": 18,
          "column": 4
        },
        "end": {
          "line": 18,
          "column": 10
        }
      }
    },
    {
      "type": {
        "label": ":",
        "beforeExpr": true,
        "startsExpr": false,
        "rightAssociative": false,
        "isLoop": false,
        "isAssign": false,
        "prefix": false,
        "postfix": false,
        "binop": null,
        "updateContext": null
      },
      "start": 318,
      "end": 319,
      "loc": {
        "start": {
          "line": 18,
          "column": 10
        },
        "end": {
          "line": 18,
          "column": 11
        }
      }
    },
    {
      "type": {
        "label": "null",
        "keyword": "null",
        "beforeExpr": false,
        "startsExpr": true,
        "rightAssociative": false,
        "isLoop": false,
        "isAssign": false,
        "prefix": false,
        "postfix": false,
        "binop": null,
        "updateContext": null
      },
      "value": "null",
      "start": 320,
      "end": 324,
      "loc": {
        "start": {
          "line": 18,
          "column": 12
        },
        "end": {
          "line": 18,
          "column": 16
        }
      }
    },
    {
      "type": {
        "label": ",",
        "beforeExpr": true,
        "startsExpr": false,
        "rightAssociative": false,
        "isLoop": false,
        "isAssign": false,
        "prefix": false,
        "postfix": false,
        "binop": null,
        "updateContext": null
      },
      "start": 324,
      "end": 325,
      "loc": {
        "start": {
          "line": 18,
          "column": 16
        },
        "end": {
          "line": 18,
          "column": 17
        }
      }
    },
    {
      "type": {
        "label": "string",
        "beforeExpr": false,
        "startsExpr": true,
        "rightAssociative": false,
        "isLoop": false,
        "isAssign": false,
        "prefix": false,
        "postfix": false,
        "binop": null,
        "updateContext": null
      },
      "value": "eq",
      "start": 330,
      "end": 334,
      "loc": {
        "start": {
          "line": 19,
          "column": 4
        },
        "end": {
          "line": 19,
          "column": 8
        }
      }
    },
    {
      "type": {
        "label": ":",
        "beforeExpr": true,
        "startsExpr": false,
        "rightAssociative": false,
        "isLoop": false,
        "isAssign": false,
        "prefix": false,
        "postfix": false,
        "binop": null,
        "updateContext": null
      },
      "start": 334,
      "end": 335,
      "loc": {
        "start": {
          "line": 19,
          "column": 8
        },
        "end": {
          "line": 19,
          "column": 9
        }
      }
    },
    {
      "type": {
        "label": "string",
        "beforeExpr": false,
        "startsExpr": true,
        "rightAssociative": false,
        "isLoop": false,
        "isAssign": false,
        "prefix": false,
        "postfix": false,
        "binop": null,
        "updateContext": null
      },
      "value": "",
      "start": 336,
      "end": 338,
      "loc": {
        "start": {
          "line": 19,
          "column": 10
        },
        "end": {
          "line": 19,
          "column": 12
        }
      }
    },
    {
      "type": {
        "label": "}",
        "beforeExpr": false,
        "startsExpr": false,
        "rightAssociative": false,
        "isLoop": false,
        "isAssign": false,
        "prefix": false,
        "postfix": false,
        "binop": null
      },
      "start": 341,
      "end": 342,
      "loc": {
        "start": {
          "line": 20,
          "column": 2
        },
        "end": {
          "line": 20,
          "column": 3
        }
      }
    },
    {
      "type": {
        "label": ",",
        "beforeExpr": true,
        "startsExpr": false,
        "rightAssociative": false,
        "isLoop": false,
        "isAssign": false,
        "prefix": false,
        "postfix": false,
        "binop": null,
        "updateContext": null
      },
      "start": 342,
      "end": 343,
      "loc": {
        "start": {
          "line": 20,
          "column": 3
        },
        "end": {
          "line": 20,
          "column": 4
        }
      }
    },
    {
      "type": {
        "label": "string",
        "beforeExpr": false,
        "startsExpr": true,
        "rightAssociative": false,
        "isLoop": false,
        "isAssign": false,
        "prefix": false,
        "postfix": false,
        "binop": null,
        "updateContext": null
      },
      "value": "isNew",
      "start": 346,
      "end": 353,
      "loc": {
        "start": {
          "line": 21,
          "column": 2
        },
        "end": {
          "line": 21,
          "column": 9
        }
      }
    },
    {
      "type": {
        "label": ":",
        "beforeExpr": true,
        "startsExpr": false,
        "rightAssociative": false,
        "isLoop": false,
        "isAssign": false,
        "prefix": false,
        "postfix": false,
        "binop": null,
        "updateContext": null
      },
      "start": 353,
      "end": 354,
      "loc": {
        "start": {
          "line": 21,
          "column": 9
        },
        "end": {
          "line": 21,
          "column": 10
        }
      }
    },
    {
      "type": {
        "label": "false",
        "keyword": "false",
        "beforeExpr": false,
        "startsExpr": true,
        "rightAssociative": false,
        "isLoop": false,
        "isAssign": false,
        "prefix": false,
        "postfix": false,
        "binop": null,
        "updateContext": null
      },
      "value": "false",
      "start": 355,
      "end": 360,
      "loc": {
        "start": {
          "line": 21,
          "column": 11
        },
        "end": {
          "line": 21,
          "column": 16
        }
      }
    },
    {
      "type": {
        "label": "}",
        "beforeExpr": false,
        "startsExpr": false,
        "rightAssociative": false,
        "isLoop": false,
        "isAssign": false,
        "prefix": false,
        "postfix": false,
        "binop": null
      },
      "start": 361,
      "end": 362,
      "loc": {
        "start": {
          "line": 22,
          "column": 0
        },
        "end": {
          "line": 22,
          "column": 1
        }
      }
    },
    {
      "type": {
        "label": ";",
        "beforeExpr": true,
        "startsExpr": false,
        "rightAssociative": false,
        "isLoop": false,
        "isAssign": false,
        "prefix": false,
        "postfix": false,
        "binop": null,
        "updateContext": null
      },
      "start": 362,
      "end": 363,
      "loc": {
        "start": {
          "line": 22,
          "column": 1
        },
        "end": {
          "line": 22,
          "column": 2
        }
      }
    },
    {
      "type": {
        "label": "eof",
        "beforeExpr": false,
        "startsExpr": false,
        "rightAssociative": false,
        "isLoop": false,
        "isAssign": false,
        "prefix": false,
        "postfix": false,
        "binop": null,
        "updateContext": null
      },
      "start": 364,
      "end": 364,
      "loc": {
        "start": {
          "line": 23,
          "column": 0
        },
        "end": {
          "line": 23,
          "column": 0
        }
      }
    }
  ]
}