{
  "type": "File",
  "start": 0,
  "end": 351,
  "loc": {
    "start": {
      "line": 1,
      "column": 0
    },
    "end": {
      "line": 12,
      "column": 0
    }
  },
  "program": {
    "type": "Program",
    "start": 0,
    "end": 351,
    "loc": {
      "start": {
        "line": 1,
        "column": 0
      },
      "end": {
        "line": 12,
        "column": 0
      }
    },
    "sourceType": "module",
    "body": [
      {
        "type": "ImportDeclaration",
        "start": 14,
        "end": 49,
        "loc": {
          "start": {
            "line": 2,
            "column": 0
          },
          "end": {
            "line": 2,
            "column": 35
          }
        },
        "specifiers": [
          {
            "type": "ImportDefaultSpecifier",
            "start": 21,
            "end": 34,
            "loc": {
              "start": {
                "line": 2,
                "column": 7
              },
              "end": {
                "line": 2,
                "column": 20
              }
            },
            "local": {
              "type": "Identifier",
              "start": 21,
              "end": 34,
              "loc": {
                "start": {
                  "line": 2,
                  "column": 7
                },
                "end": {
                  "line": 2,
                  "column": 20
                },
                "identifierName": "TagsComponent"
              },
              "name": "TagsComponent"
            }
          }
        ],
        "source": {
          "type": "StringLiteral",
          "start": 40,
          "end": 48,
          "loc": {
            "start": {
              "line": 2,
              "column": 26
            },
            "end": {
              "line": 2,
              "column": 34
            }
          },
          "extra": {
            "rawValue": "./Tags",
            "raw": "'./Tags'"
          },
          "value": "./Tags"
        }
      },
      {
        "type": "ImportDeclaration",
        "start": 50,
        "end": 105,
        "loc": {
          "start": {
            "line": 3,
            "column": 0
          },
          "end": {
            "line": 3,
            "column": 55
          }
        },
        "specifiers": [
          {
            "type": "ImportSpecifier",
            "start": 59,
            "end": 78,
            "loc": {
              "start": {
                "line": 3,
                "column": 9
              },
              "end": {
                "line": 3,
                "column": 28
              }
            },
            "imported": {
              "type": "Identifier",
              "start": 59,
              "end": 69,
              "loc": {
                "start": {
                  "line": 3,
                  "column": 9
                },
                "end": {
                  "line": 3,
                  "column": 19
                },
                "identifierName": "components"
              },
              "name": "components"
            },
            "local": {
              "type": "Identifier",
              "start": 73,
              "end": 78,
              "loc": {
                "start": {
                  "line": 3,
                  "column": 23
                },
                "end": {
                  "line": 3,
                  "column": 28
                },
                "identifierName": "comps"
              },
              "name": "comps"
            }
          }
        ],
        "source": {
          "type": "StringLiteral",
          "start": 86,
          "end": 104,
          "loc": {
            "start": {
              "line": 3,
              "column": 36
            },
            "end": {
              "line": 3,
              "column": 54
            }
          },
          "extra": {
            "rawValue": "./fixtures/index",
            "raw": "'./fixtures/index'"
          },
          "value": "./fixtures/index"
        }
      },
      {
        "type": "ImportDeclaration",
        "start": 106,
        "end": 150,
        "loc": {
          "start": {
            "line": 4,
            "column": 0
          },
          "end": {
            "line": 4,
            "column": 44
          }
        },
        "specifiers": [
          {
            "type": "ImportDefaultSpecifier",
            "start": 113,
            "end": 120,
            "loc": {
              "start": {
                "line": 4,
                "column": 7
              },
              "end": {
                "line": 4,
                "column": 14
              }
            },
            "local": {
              "type": "Identifier",
              "start": 113,
              "end": 120,
              "loc": {
                "start": {
                  "line": 4,
                  "column": 7
                },
                "end": {
                  "line": 4,
                  "column": 14
                },
                "identifierName": "Harness"
              },
              "name": "Harness"
            }
          }
        ],
        "source": {
          "type": "StringLiteral",
          "start": 126,
          "end": 149,
          "loc": {
            "start": {
              "line": 4,
              "column": 20
            },
            "end": {
              "line": 4,
              "column": 43
            }
          },
          "extra": {
            "rawValue": "../../../test/harness",
            "raw": "'../../../test/harness'"
          },
          "value": "../../../test/harness"
        }
      },
      {
        "type": "ExpressionStatement",
        "start": 151,
        "end": 350,
        "loc": {
          "start": {
            "line": 5,
            "column": 0
          },
          "end": {
            "line": 11,
            "column": 3
          }
        },
        "expression": {
          "type": "CallExpression",
          "start": 151,
          "end": 349,
          "loc": {
            "start": {
              "line": 5,
              "column": 0
            },
            "end": {
              "line": 11,
              "column": 2
            }
          },
          "callee": {
            "type": "Identifier",
            "start": 151,
            "end": 159,
            "loc": {
              "start": {
                "line": 5,
                "column": 0
              },
              "end": {
                "line": 5,
                "column": 8
              },
              "identifierName": "describe"
            },
            "name": "describe"
          },
          "arguments": [
            {
              "type": "StringLiteral",
              "start": 160,
              "end": 176,
              "loc": {
                "start": {
                  "line": 5,
                  "column": 9
                },
                "end": {
                  "line": 5,
                  "column": 25
                }
              },
              "extra": {
                "rawValue": "Tags Component",
                "raw": "'Tags Component'"
              },
              "value": "Tags Component"
            },
            {
              "type": "FunctionExpression",
              "start": 178,
              "end": 348,
              "loc": {
                "start": {
                  "line": 5,
                  "column": 27
                },
                "end": {
                  "line": 11,
                  "column": 1
                }
              },
              "id": null,
              "generator": false,
              "expression": false,
              "async": false,
              "params": [],
              "body": {
                "type": "BlockStatement",
                "start": 189,
                "end": 348,
                "loc": {
                  "start": {
                    "line": 5,
                    "column": 38
                  },
                  "end": {
                    "line": 11,
                    "column": 1
                  }
                },
                "body": [
                  {
                    "type": "ExpressionStatement",
                    "start": 193,
                    "end": 346,
                    "loc": {
                      "start": {
                        "line": 6,
                        "column": 2
                      },
                      "end": {
                        "line": 10,
                        "column": 5
                      }
                    },
                    "expression": {
                      "type": "CallExpression",
                      "start": 193,
                      "end": 345,
                      "loc": {
                        "start": {
                          "line": 6,
                          "column": 2
                        },
                        "end": {
                          "line": 10,
                          "column": 4
                        }
                      },
                      "callee": {
                        "type": "Identifier",
                        "start": 193,
                        "end": 195,
                        "loc": {
                          "start": {
                            "line": 6,
                            "column": 2
                          },
                          "end": {
                            "line": 6,
                            "column": 4
                          },
                          "identifierName": "it"
                        },
                        "name": "it"
                      },
                      "arguments": [
                        {
                          "type": "StringLiteral",
                          "start": 196,
                          "end": 227,
                          "loc": {
                            "start": {
                              "line": 6,
                              "column": 5
                            },
                            "end": {
                              "line": 6,
                              "column": 36
                            }
                          },
                          "extra": {
                            "rawValue": "Should build a tags component",
                            "raw": "'Should build a tags component'"
                          },
                          "value": "Should build a tags component"
                        },
                        {
                          "type": "FunctionExpression",
                          "start": 229,
                          "end": 344,
                          "loc": {
                            "start": {
                              "line": 6,
                              "column": 38
                            },
                            "end": {
                              "line": 10,
                              "column": 3
                            }
                          },
                          "id": null,
                          "generator": false,
                          "expression": false,
                          "async": false,
                          "params": [
                            {
                              "type": "Identifier",
                              "start": 238,
                              "end": 242,
                              "loc": {
                                "start": {
                                  "line": 6,
                                  "column": 47
                                },
                                "end": {
                                  "line": 6,
                                  "column": 51
                                },
                                "identifierName": "done"
                              },
                              "name": "done"
                            }
                          ],
                          "body": {
                            "type": "BlockStatement",
                            "start": 244,
                            "end": 344,
                            "loc": {
                              "start": {
                                "line": 6,
                                "column": 53
                              },
                              "end": {
                                "line": 10,
                                "column": 3
                              }
                            },
                            "body": [
                              {
                                "type": "ExpressionStatement",
                                "start": 250,
                                "end": 340,
                                "loc": {
                                  "start": {
                                    "line": 7,
                                    "column": 4
                                  },
                                  "end": {
                                    "line": 9,
                                    "column": 7
                                  }
                                },
                                "expression": {
                                  "type": "CallExpression",
                                  "start": 250,
                                  "end": 339,
                                  "loc": {
                                    "start": {
                                      "line": 7,
                                      "column": 4
                                    },
                                    "end": {
                                      "line": 9,
                                      "column": 6
                                    }
                                  },
                                  "callee": {
                                    "type": "MemberExpression",
                                    "start": 250,
                                    "end": 301,
                                    "loc": {
                                      "start": {
                                        "line": 7,
                                        "column": 4
                                      },
                                      "end": {
                                        "line": 7,
                                        "column": 55
                                      }
                                    },
                                    "object": {
                                      "type": "CallExpression",
                                      "start": 250,
                                      "end": 296,
                                      "loc": {
                                        "start": {
                                          "line": 7,
                                          "column": 4
                                        },
                                        "end": {
                                          "line": 7,
                                          "column": 50
                                        }
                                      },
                                      "callee": {
                                        "type": "MemberExpression",
                                        "start": 250,
                                        "end": 268,
                                        "loc": {
                                          "start": {
                                            "line": 7,
                                            "column": 4
                                          },
                                          "end": {
                                            "line": 7,
                                            "column": 22
                                          }
                                        },
                                        "object": {
                                          "type": "Identifier",
                                          "start": 250,
                                          "end": 257,
                                          "loc": {
                                            "start": {
                                              "line": 7,
                                              "column": 4
                                            },
                                            "end": {
                                              "line": 7,
                                              "column": 11
                                            },
                                            "identifierName": "Harness"
                                          },
                                          "name": "Harness"
                                        },
                                        "property": {
                                          "type": "Identifier",
                                          "start": 258,
                                          "end": 268,
                                          "loc": {
                                            "start": {
                                              "line": 7,
                                              "column": 12
                                            },
                                            "end": {
                                              "line": 7,
                                              "column": 22
                                            },
                                            "identifierName": "testCreate"
                                          },
                                          "name": "testCreate"
                                        },
                                        "computed": false
                                      },
                                      "arguments": [
                                        {
                                          "type": "Identifier",
                                          "start": 269,
                                          "end": 282,
                                          "loc": {
                                            "start": {
                                              "line": 7,
                                              "column": 23
                                            },
                                            "end": {
                                              "line": 7,
                                              "column": 36
                                            },
                                            "identifierName": "TagsComponent"
                                          },
                                          "name": "TagsComponent"
                                        },
                                        {
                                          "type": "MemberExpression",
                                          "start": 284,
                                          "end": 295,
                                          "loc": {
                                            "start": {
                                              "line": 7,
                                              "column": 38
                                            },
                                            "end": {
                                              "line": 7,
                                              "column": 49
                                            }
                                          },
                                          "object": {
                                            "type": "Identifier",
                                            "start": 284,
                                            "end": 289,
                                            "loc": {
                                              "start": {
                                                "line": 7,
                                                "column": 38
                                              },
                                              "end": {
                                                "line": 7,
                                                "column": 43
                                              },
                                              "identifierName": "comps"
                                            },
                                            "name": "comps"
                                          },
                                          "property": {
                                            "type": "Identifier",
                                            "start": 290,
                                            "end": 295,
                                            "loc": {
                                              "start": {
                                                "line": 7,
                                                "column": 44
                                              },
                                              "end": {
                                                "line": 7,
                                                "column": 49
                                              },
                                              "identifierName": "comp1"
                                            },
                                            "name": "comp1"
                                          },
                                          "computed": false
                                        }
                                      ]
                                    },
                                    "property": {
                                      "type": "Identifier",
                                      "start": 297,
                                      "end": 301,
                                      "loc": {
                                        "start": {
                                          "line": 7,
                                          "column": 51
                                        },
                                        "end": {
                                          "line": 7,
                                          "column": 55
                                        },
                                        "identifierName": "then"
                                      },
                                      "name": "then"
                                    },
                                    "computed": false
                                  },
                                  "arguments": [
                                    {
                                      "type": "ArrowFunctionExpression",
                                      "start": 302,
                                      "end": 338,
                                      "loc": {
                                        "start": {
                                          "line": 7,
                                          "column": 56
                                        },
                                        "end": {
                                          "line": 9,
                                          "column": 5
                                        }
                                      },
                                      "id": null,
                                      "generator": false,
                                      "expression": false,
                                      "async": false,
                                      "params": [
                                        {
                                          "type": "Identifier",
                                          "start": 303,
                                          "end": 312,
                                          "loc": {
                                            "start": {
                                              "line": 7,
                                              "column": 57
                                            },
                                            "end": {
                                              "line": 7,
                                              "column": 66
                                            },
                                            "identifierName": "component"
                                          },
                                          "name": "component"
                                        }
                                      ],
                                      "body": {
                                        "type": "BlockStatement",
                                        "start": 317,
                                        "end": 338,
                                        "loc": {
                                          "start": {
                                            "line": 7,
                                            "column": 71
                                          },
                                          "end": {
                                            "line": 9,
                                            "column": 5
                                          }
                                        },
                                        "body": [
                                          {
                                            "type": "ExpressionStatement",
                                            "start": 325,
                                            "end": 332,
                                            "loc": {
                                              "start": {
                                                "line": 8,
                                                "column": 6
                                              },
                                              "end": {
                                                "line": 8,
                                                "column": 13
                                              }
                                            },
                                            "expression": {
                                              "type": "CallExpression",
                                              "start": 325,
                                              "end": 331,
                                              "loc": {
                                                "start": {
                                                  "line": 8,
                                                  "column": 6
                                                },
                                                "end": {
                                                  "line": 8,
                                                  "column": 12
                                                }
                                              },
                                              "callee": {
                                                "type": "Identifier",
                                                "start": 325,
                                                "end": 329,
                                                "loc": {
                                                  "start": {
                                                    "line": 8,
                                                    "column": 6
                                                  },
                                                  "end": {
                                                    "line": 8,
                                                    "column": 10
                                                  },
                                                  "identifierName": "done"
                                                },
                                                "name": "done"
                                              },
                                              "arguments": []
                                            }
                                          }
                                        ],
                                        "directives": []
                                      }
                                    }
                                  ]
                                }
                              }
                            ],
                            "directives": []
                          }
                        }
                      ]
                    }
                  }
                ],
                "directives": []
              }
            }
          ]
        }
      }
    ],
    "directives": [
      {
        "type": "Directive",
        "start": 0,
        "end": 13,
        "loc": {
          "start": {
            "line": 1,
            "column": 0
          },
          "end": {
            "line": 1,
            "column": 13
          }
        },
        "value": {
          "type": "DirectiveLiteral",
          "start": 0,
          "end": 12,
          "loc": {
            "start": {
              "line": 1,
              "column": 0
            },
            "end": {
              "line": 1,
              "column": 12
            }
          },
          "value": "use strict",
          "extra": {
            "raw": "'use strict'",
            "rawValue": "use strict"
          }
        }
      }
    ]
  },
  "comments": [],
  "tokens": [
    {
      "type": {
        "label": "string",
        "beforeExpr": false,
        "startsExpr": true,
        "rightAssociative": false,
        "isLoop": false,
        "isAssign": false,
        "prefix": false,
        "postfix": false,
        "binop": null,
        "updateContext": null
      },
      "value": "use strict",
      "start": 0,
      "end": 12,
      "loc": {
        "start": {
          "line": 1,
          "column": 0
        },
        "end": {
          "line": 1,
          "column": 12
        }
      }
    },
    {
      "type": {
        "label": ";",
        "beforeExpr": true,
        "startsExpr": false,
        "rightAssociative": false,
        "isLoop": false,
        "isAssign": false,
        "prefix": false,
        "postfix": false,
        "binop": null,
        "updateContext": null
      },
      "start": 12,
      "end": 13,
      "loc": {
        "start": {
          "line": 1,
          "column": 12
        },
        "end": {
          "line": 1,
          "column": 13
        }
      }
    },
    {
      "type": {
        "label": "import",
        "keyword": "import",
        "beforeExpr": false,
        "startsExpr": true,
        "rightAssociative": false,
        "isLoop": false,
        "isAssign": false,
        "prefix": false,
        "postfix": false,
        "binop": null,
        "updateContext": null
      },
      "value": "import",
      "start": 14,
      "end": 20,
      "loc": {
        "start": {
          "line": 2,
          "column": 0
        },
        "end": {
          "line": 2,
          "column": 6
        }
      }
    },
    {
      "type": {
        "label": "name",
        "beforeExpr": false,
        "startsExpr": true,
        "rightAssociative": false,
        "isLoop": false,
        "isAssign": false,
        "prefix": false,
        "postfix": false,
        "binop": null
      },
      "value": "TagsComponent",
      "start": 21,
      "end": 34,
      "loc": {
        "start": {
          "line": 2,
          "column": 7
        },
        "end": {
          "line": 2,
          "column": 20
        }
      }
    },
    {
      "type": {
        "label": "name",
        "beforeExpr": false,
        "startsExpr": true,
        "rightAssociative": false,
        "isLoop": false,
        "isAssign": false,
        "prefix": false,
        "postfix": false,
        "binop": null
      },
      "value": "from",
      "start": 35,
      "end": 39,
      "loc": {
        "start": {
          "line": 2,
          "column": 21
        },
        "end": {
          "line": 2,
          "column": 25
        }
      }
    },
    {
      "type": {
        "label": "string",
        "beforeExpr": false,
        "startsExpr": true,
        "rightAssociative": false,
        "isLoop": false,
        "isAssign": false,
        "prefix": false,
        "postfix": false,
        "binop": null,
        "updateContext": null
      },
      "value": "./Tags",
      "start": 40,
      "end": 48,
      "loc": {
        "start": {
          "line": 2,
          "column": 26
        },
        "end": {
          "line": 2,
          "column": 34
        }
      }
    },
    {
      "type": {
        "label": ";",
        "beforeExpr": true,
        "startsExpr": false,
        "rightAssociative": false,
        "isLoop": false,
        "isAssign": false,
        "prefix": false,
        "postfix": false,
        "binop": null,
        "updateContext": null
      },
      "start": 48,
      "end": 49,
      "loc": {
        "start": {
          "line": 2,
          "column": 34
        },
        "end": {
          "line": 2,
          "column": 35
        }
      }
    },
    {
      "type": {
        "label": "import",
        "keyword": "import",
        "beforeExpr": false,
        "startsExpr": true,
        "rightAssociative": false,
        "isLoop": false,
        "isAssign": false,
        "prefix": false,
        "postfix": false,
        "binop": null,
        "updateContext": null
      },
      "value": "import",
      "start": 50,
      "end": 56,
      "loc": {
        "start": {
          "line": 3,
          "column": 0
        },
        "end": {
          "line": 3,
          "column": 6
        }
      }
    },
    {
      "type": {
        "label": "{",
        "beforeExpr": true,
        "startsExpr": true,
        "rightAssociative": false,
        "isLoop": false,
        "isAssign": false,
        "prefix": false,
        "postfix": false,
        "binop": null
      },
      "start": 57,
      "end": 58,
      "loc": {
        "start": {
          "line": 3,
          "column": 7
        },
        "end": {
          "line": 3,
          "column": 8
        }
      }
    },
    {
      "type": {
        "label": "name",
        "beforeExpr": false,
        "startsExpr": true,
        "rightAssociative": false,
        "isLoop": false,
        "isAssign": false,
        "prefix": false,
        "postfix": false,
        "binop": null
      },
      "value": "components",
      "start": 59,
      "end": 69,
      "loc": {
        "start": {
          "line": 3,
          "column": 9
        },
        "end": {
          "line": 3,
          "column": 19
        }
      }
    },
    {
      "type": {
        "label": "name",
        "beforeExpr": false,
        "startsExpr": true,
        "rightAssociative": false,
        "isLoop": false,
        "isAssign": false,
        "prefix": false,
        "postfix": false,
        "binop": null
      },
      "value": "as",
      "start": 70,
      "end": 72,
      "loc": {
        "start": {
          "line": 3,
          "column": 20
        },
        "end": {
          "line": 3,
          "column": 22
        }
      }
    },
    {
      "type": {
        "label": "name",
        "beforeExpr": false,
        "startsExpr": true,
        "rightAssociative": false,
        "isLoop": false,
        "isAssign": false,
        "prefix": false,
        "postfix": false,
        "binop": null
      },
      "value": "comps",
      "start": 73,
      "end": 78,
      "loc": {
        "start": {
          "line": 3,
          "column": 23
        },
        "end": {
          "line": 3,
          "column": 28
        }
      }
    },
    {
      "type": {
        "label": "}",
        "beforeExpr": false,
        "startsExpr": false,
        "rightAssociative": false,
        "isLoop": false,
        "isAssign": false,
        "prefix": false,
        "postfix": false,
        "binop": null
      },
      "start": 79,
      "end": 80,
      "loc": {
        "start": {
          "line": 3,
          "column": 29
        },
        "end": {
          "line": 3,
          "column": 30
        }
      }
    },
    {
      "type": {
        "label": "name",
        "beforeExpr": false,
        "startsExpr": true,
        "rightAssociative": false,
        "isLoop": false,
        "isAssign": false,
        "prefix": false,
        "postfix": false,
        "binop": null
      },
      "value": "from",
      "start": 81,
      "end": 85,
      "loc": {
        "start": {
          "line": 3,
          "column": 31
        },
        "end": {
          "line": 3,
          "column": 35
        }
      }
    },
    {
      "type": {
        "label": "string",
        "beforeExpr": false,
        "startsExpr": true,
        "rightAssociative": false,
        "isLoop": false,
        "isAssign": false,
        "prefix": false,
        "postfix": false,
        "binop": null,
        "updateContext": null
      },
      "value": "./fixtures/index",
      "start": 86,
      "end": 104,
      "loc": {
        "start": {
          "line": 3,
          "column": 36
        },
        "end": {
          "line": 3,
          "column": 54
        }
      }
    },
    {
      "type": {
        "label": ";",
        "beforeExpr": true,
        "startsExpr": false,
        "rightAssociative": false,
        "isLoop": false,
        "isAssign": false,
        "prefix": false,
        "postfix": false,
        "binop": null,
        "updateContext": null
      },
      "start": 104,
      "end": 105,
      "loc": {
        "start": {
          "line": 3,
          "column": 54
        },
        "end": {
          "line": 3,
          "column": 55
        }
      }
    },
    {
      "type": {
        "label": "import",
        "keyword": "import",
        "beforeExpr": false,
        "startsExpr": true,
        "rightAssociative": false,
        "isLoop": false,
        "isAssign": false,
        "prefix": false,
        "postfix": false,
        "binop": null,
        "updateContext": null
      },
      "value": "import",
      "start": 106,
      "end": 112,
      "loc": {
        "start": {
          "line": 4,
          "column": 0
        },
        "end": {
          "line": 4,
          "column": 6
        }
      }
    },
    {
      "type": {
        "label": "name",
        "beforeExpr": false,
        "startsExpr": true,
        "rightAssociative": false,
        "isLoop": false,
        "isAssign": false,
        "prefix": false,
        "postfix": false,
        "binop": null
      },
      "value": "Harness",
      "start": 113,
      "end": 120,
      "loc": {
        "start": {
          "line": 4,
          "column": 7
        },
        "end": {
          "line": 4,
          "column": 14
        }
      }
    },
    {
      "type": {
        "label": "name",
        "beforeExpr": false,
        "startsExpr": true,
        "rightAssociative": false,
        "isLoop": false,
        "isAssign": false,
        "prefix": false,
        "postfix": false,
        "binop": null
      },
      "value": "from",
      "start": 121,
      "end": 125,
      "loc": {
        "start": {
          "line": 4,
          "column": 15
        },
        "end": {
          "line": 4,
          "column": 19
        }
      }
    },
    {
      "type": {
        "label": "string",
        "beforeExpr": false,
        "startsExpr": true,
        "rightAssociative": false,
        "isLoop": false,
        "isAssign": false,
        "prefix": false,
        "postfix": false,
        "binop": null,
        "updateContext": null
      },
      "value": "../../../test/harness",
      "start": 126,
      "end": 149,
      "loc": {
        "start": {
          "line": 4,
          "column": 20
        },
        "end": {
          "line": 4,
          "column": 43
        }
      }
    },
    {
      "type": {
        "label": ";",
        "beforeExpr": true,
        "startsExpr": false,
        "rightAssociative": false,
        "isLoop": false,
        "isAssign": false,
        "prefix": false,
        "postfix": false,
        "binop": null,
        "updateContext": null
      },
      "start": 149,
      "end": 150,
      "loc": {
        "start": {
          "line": 4,
          "column": 43
        },
        "end": {
          "line": 4,
          "column": 44
        }
      }
    },
    {
      "type": {
        "label": "name",
        "beforeExpr": false,
        "startsExpr": true,
        "rightAssociative": false,
        "isLoop": false,
        "isAssign": false,
        "prefix": false,
        "postfix": false,
        "binop": null
      },
      "value": "describe",
      "start": 151,
      "end": 159,
      "loc": {
        "start": {
          "line": 5,
          "column": 0
        },
        "end": {
          "line": 5,
          "column": 8
        }
      }
    },
    {
      "type": {
        "label": "(",
        "beforeExpr": true,
        "startsExpr": true,
        "rightAssociative": false,
        "isLoop": false,
        "isAssign": false,
        "prefix": false,
        "postfix": false,
        "binop": null
      },
      "start": 159,
      "end": 160,
      "loc": {
        "start": {
          "line": 5,
          "column": 8
        },
        "end": {
          "line": 5,
          "column": 9
        }
      }
    },
    {
      "type": {
        "label": "string",
        "beforeExpr": false,
        "startsExpr": true,
        "rightAssociative": false,
        "isLoop": false,
        "isAssign": false,
        "prefix": false,
        "postfix": false,
        "binop": null,
        "updateContext": null
      },
      "value": "Tags Component",
      "start": 160,
      "end": 176,
      "loc": {
        "start": {
          "line": 5,
          "column": 9
        },
        "end": {
          "line": 5,
          "column": 25
        }
      }
    },
    {
      "type": {
        "label": ",",
        "beforeExpr": true,
        "startsExpr": false,
        "rightAssociative": false,
        "isLoop": false,
        "isAssign": false,
        "prefix": false,
        "postfix": false,
        "binop": null,
        "updateContext": null
      },
      "start": 176,
      "end": 177,
      "loc": {
        "start": {
          "line": 5,
          "column": 25
        },
        "end": {
          "line": 5,
          "column": 26
        }
      }
    },
    {
      "type": {
        "label": "function",
        "keyword": "function",
        "beforeExpr": false,
        "startsExpr": true,
        "rightAssociative": false,
        "isLoop": false,
        "isAssign": false,
        "prefix": false,
        "postfix": false,
        "binop": null
      },
      "value": "function",
      "start": 178,
      "end": 186,
      "loc": {
        "start": {
          "line": 5,
          "column": 27
        },
        "end": {
          "line": 5,
          "column": 35
        }
      }
    },
    {
      "type": {
        "label": "(",
        "beforeExpr": true,
        "startsExpr": true,
        "rightAssociative": false,
        "isLoop": false,
        "isAssign": false,
        "prefix": false,
        "postfix": false,
        "binop": null
      },
      "start": 186,
      "end": 187,
      "loc": {
        "start": {
          "line": 5,
          "column": 35
        },
        "end": {
          "line": 5,
          "column": 36
        }
      }
    },
    {
      "type": {
        "label": ")",
        "beforeExpr": false,
        "startsExpr": false,
        "rightAssociative": false,
        "isLoop": false,
        "isAssign": false,
        "prefix": false,
        "postfix": false,
        "binop": null
      },
      "start": 187,
      "end": 188,
      "loc": {
        "start": {
          "line": 5,
          "column": 36
        },
        "end": {
          "line": 5,
          "column": 37
        }
      }
    },
    {
      "type": {
        "label": "{",
        "beforeExpr": true,
        "startsExpr": true,
        "rightAssociative": false,
        "isLoop": false,
        "isAssign": false,
        "prefix": false,
        "postfix": false,
        "binop": null
      },
      "start": 189,
      "end": 190,
      "loc": {
        "start": {
          "line": 5,
          "column": 38
        },
        "end": {
          "line": 5,
          "column": 39
        }
      }
    },
    {
      "type": {
        "label": "name",
        "beforeExpr": false,
        "startsExpr": true,
        "rightAssociative": false,
        "isLoop": false,
        "isAssign": false,
        "prefix": false,
        "postfix": false,
        "binop": null
      },
      "value": "it",
      "start": 193,
      "end": 195,
      "loc": {
        "start": {
          "line": 6,
          "column": 2
        },
        "end": {
          "line": 6,
          "column": 4
        }
      }
    },
    {
      "type": {
        "label": "(",
        "beforeExpr": true,
        "startsExpr": true,
        "rightAssociative": false,
        "isLoop": false,
        "isAssign": false,
        "prefix": false,
        "postfix": false,
        "binop": null
      },
      "start": 195,
      "end": 196,
      "loc": {
        "start": {
          "line": 6,
          "column": 4
        },
        "end": {
          "line": 6,
          "column": 5
        }
      }
    },
    {
      "type": {
        "label": "string",
        "beforeExpr": false,
        "startsExpr": true,
        "rightAssociative": false,
        "isLoop": false,
        "isAssign": false,
        "prefix": false,
        "postfix": false,
        "binop": null,
        "updateContext": null
      },
      "value": "Should build a tags component",
      "start": 196,
      "end": 227,
      "loc": {
        "start": {
          "line": 6,
          "column": 5
        },
        "end": {
          "line": 6,
          "column": 36
        }
      }
    },
    {
      "type": {
        "label": ",",
        "beforeExpr": true,
        "startsExpr": false,
        "rightAssociative": false,
        "isLoop": false,
        "isAssign": false,
        "prefix": false,
        "postfix": false,
        "binop": null,
        "updateContext": null
      },
      "start": 227,
      "end": 228,
      "loc": {
        "start": {
          "line": 6,
          "column": 36
        },
        "end": {
          "line": 6,
          "column": 37
        }
      }
    },
    {
      "type": {
        "label": "function",
        "keyword": "function",
        "beforeExpr": false,
        "startsExpr": true,
        "rightAssociative": false,
        "isLoop": false,
        "isAssign": false,
        "prefix": false,
        "postfix": false,
        "binop": null
      },
      "value": "function",
      "start": 229,
      "end": 237,
      "loc": {
        "start": {
          "line": 6,
          "column": 38
        },
        "end": {
          "line": 6,
          "column": 46
        }
      }
    },
    {
      "type": {
        "label": "(",
        "beforeExpr": true,
        "startsExpr": true,
        "rightAssociative": false,
        "isLoop": false,
        "isAssign": false,
        "prefix": false,
        "postfix": false,
        "binop": null
      },
      "start": 237,
      "end": 238,
      "loc": {
        "start": {
          "line": 6,
          "column": 46
        },
        "end": {
          "line": 6,
          "column": 47
        }
      }
    },
    {
      "type": {
        "label": "name",
        "beforeExpr": false,
        "startsExpr": true,
        "rightAssociative": false,
        "isLoop": false,
        "isAssign": false,
        "prefix": false,
        "postfix": false,
        "binop": null
      },
      "value": "done",
      "start": 238,
      "end": 242,
      "loc": {
        "start": {
          "line": 6,
          "column": 47
        },
        "end": {
          "line": 6,
          "column": 51
        }
      }
    },
    {
      "type": {
        "label": ")",
        "beforeExpr": false,
        "startsExpr": false,
        "rightAssociative": false,
        "isLoop": false,
        "isAssign": false,
        "prefix": false,
        "postfix": false,
        "binop": null
      },
      "start": 242,
      "end": 243,
      "loc": {
        "start": {
          "line": 6,
          "column": 51
        },
        "end": {
          "line": 6,
          "column": 52
        }
      }
    },
    {
      "type": {
        "label": "{",
        "beforeExpr": true,
        "startsExpr": true,
        "rightAssociative": false,
        "isLoop": false,
        "isAssign": false,
        "prefix": false,
        "postfix": false,
        "binop": null
      },
      "start": 244,
      "end": 245,
      "loc": {
        "start": {
          "line": 6,
          "column": 53
        },
        "end": {
          "line": 6,
          "column": 54
        }
      }
    },
    {
      "type": {
        "label": "name",
        "beforeExpr": false,
        "startsExpr": true,
        "rightAssociative": false,
        "isLoop": false,
        "isAssign": false,
        "prefix": false,
        "postfix": false,
        "binop": null
      },
      "value": "Harness",
      "start": 250,
      "end": 257,
      "loc": {
        "start": {
          "line": 7,
          "column": 4
        },
        "end": {
          "line": 7,
          "column": 11
        }
      }
    },
    {
      "type": {
        "label": ".",
        "beforeExpr": false,
        "startsExpr": false,
        "rightAssociative": false,
        "isLoop": false,
        "isAssign": false,
        "prefix": false,
        "postfix": false,
        "binop": null,
        "updateContext": null
      },
      "start": 257,
      "end": 258,
      "loc": {
        "start": {
          "line": 7,
          "column": 11
        },
        "end": {
          "line": 7,
          "column": 12
        }
      }
    },
    {
      "type": {
        "label": "name",
        "beforeExpr": false,
        "startsExpr": true,
        "rightAssociative": false,
        "isLoop": false,
        "isAssign": false,
        "prefix": false,
        "postfix": false,
        "binop": null
      },
      "value": "testCreate",
      "start": 258,
      "end": 268,
      "loc": {
        "start": {
          "line": 7,
          "column": 12
        },
        "end": {
          "line": 7,
          "column": 22
        }
      }
    },
    {
      "type": {
        "label": "(",
        "beforeExpr": true,
        "startsExpr": true,
        "rightAssociative": false,
        "isLoop": false,
        "isAssign": false,
        "prefix": false,
        "postfix": false,
        "binop": null
      },
      "start": 268,
      "end": 269,
      "loc": {
        "start": {
          "line": 7,
          "column": 22
        },
        "end": {
          "line": 7,
          "column": 23
        }
      }
    },
    {
      "type": {
        "label": "name",
        "beforeExpr": false,
        "startsExpr": true,
        "rightAssociative": false,
        "isLoop": false,
        "isAssign": false,
        "prefix": false,
        "postfix": false,
        "binop": null
      },
      "value": "TagsComponent",
      "start": 269,
      "end": 282,
      "loc": {
        "start": {
          "line": 7,
          "column": 23
        },
        "end": {
          "line": 7,
          "column": 36
        }
      }
    },
    {
      "type": {
        "label": ",",
        "beforeExpr": true,
        "startsExpr": false,
        "rightAssociative": false,
        "isLoop": false,
        "isAssign": false,
        "prefix": false,
        "postfix": false,
        "binop": null,
        "updateContext": null
      },
      "start": 282,
      "end": 283,
      "loc": {
        "start": {
          "line": 7,
          "column": 36
        },
        "end": {
          "line": 7,
          "column": 37
        }
      }
    },
    {
      "type": {
        "label": "name",
        "beforeExpr": false,
        "startsExpr": true,
        "rightAssociative": false,
        "isLoop": false,
        "isAssign": false,
        "prefix": false,
        "postfix": false,
        "binop": null
      },
      "value": "comps",
      "start": 284,
      "end": 289,
      "loc": {
        "start": {
          "line": 7,
          "column": 38
        },
        "end": {
          "line": 7,
          "column": 43
        }
      }
    },
    {
      "type": {
        "label": ".",
        "beforeExpr": false,
        "startsExpr": false,
        "rightAssociative": false,
        "isLoop": false,
        "isAssign": false,
        "prefix": false,
        "postfix": false,
        "binop": null,
        "updateContext": null
      },
      "start": 289,
      "end": 290,
      "loc": {
        "start": {
          "line": 7,
          "column": 43
        },
        "end": {
          "line": 7,
          "column": 44
        }
      }
    },
    {
      "type": {
        "label": "name",
        "beforeExpr": false,
        "startsExpr": true,
        "rightAssociative": false,
        "isLoop": false,
        "isAssign": false,
        "prefix": false,
        "postfix": false,
        "binop": null
      },
      "value": "comp1",
      "start": 290,
      "end": 295,
      "loc": {
        "start": {
          "line": 7,
          "column": 44
        },
        "end": {
          "line": 7,
          "column": 49
        }
      }
    },
    {
      "type": {
        "label": ")",
        "beforeExpr": false,
        "startsExpr": false,
        "rightAssociative": false,
        "isLoop": false,
        "isAssign": false,
        "prefix": false,
        "postfix": false,
        "binop": null
      },
      "start": 295,
      "end": 296,
      "loc": {
        "start": {
          "line": 7,
          "column": 49
        },
        "end": {
          "line": 7,
          "column": 50
        }
      }
    },
    {
      "type": {
        "label": ".",
        "beforeExpr": false,
        "startsExpr": false,
        "rightAssociative": false,
        "isLoop": false,
        "isAssign": false,
        "prefix": false,
        "postfix": false,
        "binop": null,
        "updateContext": null
      },
      "start": 296,
      "end": 297,
      "loc": {
        "start": {
          "line": 7,
          "column": 50
        },
        "end": {
          "line": 7,
          "column": 51
        }
      }
    },
    {
      "type": {
        "label": "name",
        "beforeExpr": false,
        "startsExpr": true,
        "rightAssociative": false,
        "isLoop": false,
        "isAssign": false,
        "prefix": false,
        "postfix": false,
        "binop": null
      },
      "value": "then",
      "start": 297,
      "end": 301,
      "loc": {
        "start": {
          "line": 7,
          "column": 51
        },
        "end": {
          "line": 7,
          "column": 55
        }
      }
    },
    {
      "type": {
        "label": "(",
        "beforeExpr": true,
        "startsExpr": true,
        "rightAssociative": false,
        "isLoop": false,
        "isAssign": false,
        "prefix": false,
        "postfix": false,
        "binop": null
      },
      "start": 301,
      "end": 302,
      "loc": {
        "start": {
          "line": 7,
          "column": 55
        },
        "end": {
          "line": 7,
          "column": 56
        }
      }
    },
    {
      "type": {
        "label": "(",
        "beforeExpr": true,
        "startsExpr": true,
        "rightAssociative": false,
        "isLoop": false,
        "isAssign": false,
        "prefix": false,
        "postfix": false,
        "binop": null
      },
      "start": 302,
      "end": 303,
      "loc": {
        "start": {
          "line": 7,
          "column": 56
        },
        "end": {
          "line": 7,
          "column": 57
        }
      }
    },
    {
      "type": {
        "label": "name",
        "beforeExpr": false,
        "startsExpr": true,
        "rightAssociative": false,
        "isLoop": false,
        "isAssign": false,
        "prefix": false,
        "postfix": false,
        "binop": null
      },
      "value": "component",
      "start": 303,
      "end": 312,
      "loc": {
        "start": {
          "line": 7,
          "column": 57
        },
        "end": {
          "line": 7,
          "column": 66
        }
      }
    },
    {
      "type": {
        "label": ")",
        "beforeExpr": false,
        "startsExpr": false,
        "rightAssociative": false,
        "isLoop": false,
        "isAssign": false,
        "prefix": false,
        "postfix": false,
        "binop": null
      },
      "start": 312,
      "end": 313,
      "loc": {
        "start": {
          "line": 7,
          "column": 66
        },
        "end": {
          "line": 7,
          "column": 67
        }
      }
    },
    {
      "type": {
        "label": "=>",
        "beforeExpr": true,
        "startsExpr": false,
        "rightAssociative": false,
        "isLoop": false,
        "isAssign": false,
        "prefix": false,
        "postfix": false,
        "binop": null,
        "updateContext": null
      },
      "start": 314,
      "end": 316,
      "loc": {
        "start": {
          "line": 7,
          "column": 68
        },
        "end": {
          "line": 7,
          "column": 70
        }
      }
    },
    {
      "type": {
        "label": "{",
        "beforeExpr": true,
        "startsExpr": true,
        "rightAssociative": false,
        "isLoop": false,
        "isAssign": false,
        "prefix": false,
        "postfix": false,
        "binop": null
      },
      "start": 317,
      "end": 318,
      "loc": {
        "start": {
          "line": 7,
          "column": 71
        },
        "end": {
          "line": 7,
          "column": 72
        }
      }
    },
    {
      "type": {
        "label": "name",
        "beforeExpr": false,
        "startsExpr": true,
        "rightAssociative": false,
        "isLoop": false,
        "isAssign": false,
        "prefix": false,
        "postfix": false,
        "binop": null
      },
      "value": "done",
      "start": 325,
      "end": 329,
      "loc": {
        "start": {
          "line": 8,
          "column": 6
        },
        "end": {
          "line": 8,
          "column": 10
        }
      }
    },
    {
      "type": {
        "label": "(",
        "beforeExpr": true,
        "startsExpr": true,
        "rightAssociative": false,
        "isLoop": false,
        "isAssign": false,
        "prefix": false,
        "postfix": false,
        "binop": null
      },
      "start": 329,
      "end": 330,
      "loc": {
        "start": {
          "line": 8,
          "column": 10
        },
        "end": {
          "line": 8,
          "column": 11
        }
      }
    },
    {
      "type": {
        "label": ")",
        "beforeExpr": false,
        "startsExpr": false,
        "rightAssociative": false,
        "isLoop": false,
        "isAssign": false,
        "prefix": false,
        "postfix": false,
        "binop": null
      },
      "start": 330,
      "end": 331,
      "loc": {
        "start": {
          "line": 8,
          "column": 11
        },
        "end": {
          "line": 8,
          "column": 12
        }
      }
    },
    {
      "type": {
        "label": ";",
        "beforeExpr": true,
        "startsExpr": false,
        "rightAssociative": false,
        "isLoop": false,
        "isAssign": false,
        "prefix": false,
        "postfix": false,
        "binop": null,
        "updateContext": null
      },
      "start": 331,
      "end": 332,
      "loc": {
        "start": {
          "line": 8,
          "column": 12
        },
        "end": {
          "line": 8,
          "column": 13
        }
      }
    },
    {
      "type": {
        "label": "}",
        "beforeExpr": false,
        "startsExpr": false,
        "rightAssociative": false,
        "isLoop": false,
        "isAssign": false,
        "prefix": false,
        "postfix": false,
        "binop": null
      },
      "start": 337,
      "end": 338,
      "loc": {
        "start": {
          "line": 9,
          "column": 4
        },
        "end": {
          "line": 9,
          "column": 5
        }
      }
    },
    {
      "type": {
        "label": ")",
        "beforeExpr": false,
        "startsExpr": false,
        "rightAssociative": false,
        "isLoop": false,
        "isAssign": false,
        "prefix": false,
        "postfix": false,
        "binop": null
      },
      "start": 338,
      "end": 339,
      "loc": {
        "start": {
          "line": 9,
          "column": 5
        },
        "end": {
          "line": 9,
          "column": 6
        }
      }
    },
    {
      "type": {
        "label": ";",
        "beforeExpr": true,
        "startsExpr": false,
        "rightAssociative": false,
        "isLoop": false,
        "isAssign": false,
        "prefix": false,
        "postfix": false,
        "binop": null,
        "updateContext": null
      },
      "start": 339,
      "end": 340,
      "loc": {
        "start": {
          "line": 9,
          "column": 6
        },
        "end": {
          "line": 9,
          "column": 7
        }
      }
    },
    {
      "type": {
        "label": "}",
        "beforeExpr": false,
        "startsExpr": false,
        "rightAssociative": false,
        "isLoop": false,
        "isAssign": false,
        "prefix": false,
        "postfix": false,
        "binop": null
      },
      "start": 343,
      "end": 344,
      "loc": {
        "start": {
          "line": 10,
          "column": 2
        },
        "end": {
          "line": 10,
          "column": 3
        }
      }
    },
    {
      "type": {
        "label": ")",
        "beforeExpr": false,
        "startsExpr": false,
        "rightAssociative": false,
        "isLoop": false,
        "isAssign": false,
        "prefix": false,
        "postfix": false,
        "binop": null
      },
      "start": 344,
      "end": 345,
      "loc": {
        "start": {
          "line": 10,
          "column": 3
        },
        "end": {
          "line": 10,
          "column": 4
        }
      }
    },
    {
      "type": {
        "label": ";",
        "beforeExpr": true,
        "startsExpr": false,
        "rightAssociative": false,
        "isLoop": false,
        "isAssign": false,
        "prefix": false,
        "postfix": false,
        "binop": null,
        "updateContext": null
      },
      "start": 345,
      "end": 346,
      "loc": {
        "start": {
          "line": 10,
          "column": 4
        },
        "end": {
          "line": 10,
          "column": 5
        }
      }
    },
    {
      "type": {
        "label": "}",
        "beforeExpr": false,
        "startsExpr": false,
        "rightAssociative": false,
        "isLoop": false,
        "isAssign": false,
        "prefix": false,
        "postfix": false,
        "binop": null
      },
      "start": 347,
      "end": 348,
      "loc": {
        "start": {
          "line": 11,
          "column": 0
        },
        "end": {
          "line": 11,
          "column": 1
        }
      }
    },
    {
      "type": {
        "label": ")",
        "beforeExpr": false,
        "startsExpr": false,
        "rightAssociative": false,
        "isLoop": false,
        "isAssign": false,
        "prefix": false,
        "postfix": false,
        "binop": null
      },
      "start": 348,
      "end": 349,
      "loc": {
        "start": {
          "line": 11,
          "column": 1
        },
        "end": {
          "line": 11,
          "column": 2
        }
      }
    },
    {
      "type": {
        "label": ";",
        "beforeExpr": true,
        "startsExpr": false,
        "rightAssociative": false,
        "isLoop": false,
        "isAssign": false,
        "prefix": false,
        "postfix": false,
        "binop": null,
        "updateContext": null
      },
      "start": 349,
      "end": 350,
      "loc": {
        "start": {
          "line": 11,
          "column": 2
        },
        "end": {
          "line": 11,
          "column": 3
        }
      }
    },
    {
      "type": {
        "label": "eof",
        "beforeExpr": false,
        "startsExpr": false,
        "rightAssociative": false,
        "isLoop": false,
        "isAssign": false,
        "prefix": false,
        "postfix": false,
        "binop": null,
        "updateContext": null
      },
      "start": 351,
      "end": 351,
      "loc": {
        "start": {
          "line": 12,
          "column": 0
        },
        "end": {
          "line": 12,
          "column": 0
        }
      }
    }
  ]
}