{
  "type": "File",
  "start": 0,
  "end": 223,
  "loc": {
    "start": {
      "line": 1,
      "column": 0
    },
    "end": {
      "line": 12,
      "column": 0
    }
  },
  "program": {
    "type": "Program",
    "start": 0,
    "end": 223,
    "loc": {
      "start": {
        "line": 1,
        "column": 0
      },
      "end": {
        "line": 12,
        "column": 0
      }
    },
    "sourceType": "module",
    "body": [
      {
        "type": "ExportDefaultDeclaration",
        "start": 0,
        "end": 222,
        "loc": {
          "start": {
            "line": 1,
            "column": 0
          },
          "end": {
            "line": 11,
            "column": 2
          }
        },
        "declaration": {
          "type": "ArrayExpression",
          "start": 15,
          "end": 221,
          "loc": {
            "start": {
              "line": 1,
              "column": 15
            },
            "end": {
              "line": 11,
              "column": 1
            }
          },
          "elements": [
            {
              "type": "ObjectExpression",
              "start": 19,
              "end": 219,
              "loc": {
                "start": {
                  "line": 2,
                  "column": 2
                },
                "end": {
                  "line": 10,
                  "column": 3
                }
              },
              "properties": [
                {
                  "type": "ObjectProperty",
                  "start": 25,
                  "end": 42,
                  "loc": {
                    "start": {
                      "line": 3,
                      "column": 4
                    },
                    "end": {
                      "line": 3,
                      "column": 21
                    }
                  },
                  "method": false,
                  "shorthand": false,
                  "computed": false,
                  "key": {
                    "type": "Identifier",
                    "start": 25,
                    "end": 29,
                    "loc": {
                      "start": {
                        "line": 3,
                        "column": 4
                      },
                      "end": {
                        "line": 3,
                        "column": 8
                      },
                      "identifierName": "type"
                    },
                    "name": "type"
                  },
                  "value": {
                    "type": "StringLiteral",
                    "start": 31,
                    "end": 42,
                    "loc": {
                      "start": {
                        "line": 3,
                        "column": 10
                      },
                      "end": {
                        "line": 3,
                        "column": 21
                      }
                    },
                    "extra": {
                      "rawValue": "textfield",
                      "raw": "'textfield'"
                    },
                    "value": "textfield"
                  }
                },
                {
                  "type": "ObjectProperty",
                  "start": 48,
                  "end": 59,
                  "loc": {
                    "start": {
                      "line": 4,
                      "column": 4
                    },
                    "end": {
                      "line": 4,
                      "column": 15
                    }
                  },
                  "method": false,
                  "shorthand": false,
                  "computed": false,
                  "key": {
                    "type": "Identifier",
                    "start": 48,
                    "end": 53,
                    "loc": {
                      "start": {
                        "line": 4,
                        "column": 4
                      },
                      "end": {
                        "line": 4,
                        "column": 9
                      },
                      "identifierName": "input"
                    },
                    "name": "input"
                  },
                  "value": {
                    "type": "BooleanLiteral",
                    "start": 55,
                    "end": 59,
                    "loc": {
                      "start": {
                        "line": 4,
                        "column": 11
                      },
                      "end": {
                        "line": 4,
                        "column": 15
                      }
                    },
                    "value": true
                  }
                },
                {
                  "type": "ObjectProperty",
                  "start": 65,
                  "end": 78,
                  "loc": {
                    "start": {
                      "line": 5,
                      "column": 4
                    },
                    "end": {
                      "line": 5,
                      "column": 17
                    }
                  },
                  "method": false,
                  "shorthand": false,
                  "computed": false,
                  "key": {
                    "type": "Identifier",
                    "start": 65,
                    "end": 68,
                    "loc": {
                      "start": {
                        "line": 5,
                        "column": 4
                      },
                      "end": {
                        "line": 5,
                        "column": 7
                      },
                      "identifierName": "key"
                    },
                    "name": "key"
                  },
                  "value": {
                    "type": "StringLiteral",
                    "start": 70,
                    "end": 78,
                    "loc": {
                      "start": {
                        "line": 5,
                        "column": 9
                      },
                      "end": {
                        "line": 5,
                        "column": 17
                      }
                    },
                    "extra": {
                      "rawValue": "format",
                      "raw": "'format'"
                    },
                    "value": "format"
                  }
                },
                {
                  "type": "ObjectProperty",
                  "start": 84,
                  "end": 99,
                  "loc": {
                    "start": {
                      "line": 6,
                      "column": 4
                    },
                    "end": {
                      "line": 6,
                      "column": 19
                    }
                  },
                  "method": false,
                  "shorthand": false,
                  "computed": false,
                  "key": {
                    "type": "Identifier",
                    "start": 84,
                    "end": 89,
                    "loc": {
                      "start": {
                        "line": 6,
                        "column": 4
                      },
                      "end": {
                        "line": 6,
                        "column": 9
                      },
                      "identifierName": "label"
                    },
                    "name": "label"
                  },
                  "value": {
                    "type": "StringLiteral",
                    "start": 91,
                    "end": 99,
                    "loc": {
                      "start": {
                        "line": 6,
                        "column": 11
                      },
                      "end": {
                        "line": 6,
                        "column": 19
                      }
                    },
                    "extra": {
                      "rawValue": "Format",
                      "raw": "'Format'"
                    },
                    "value": "Format"
                  }
                },
                {
                  "type": "ObjectProperty",
                  "start": 105,
                  "end": 126,
                  "loc": {
                    "start": {
                      "line": 7,
                      "column": 4
                    },
                    "end": {
                      "line": 7,
                      "column": 25
                    }
                  },
                  "method": false,
                  "shorthand": false,
                  "computed": false,
                  "key": {
                    "type": "Identifier",
                    "start": 105,
                    "end": 116,
                    "loc": {
                      "start": {
                        "line": 7,
                        "column": 4
                      },
                      "end": {
                        "line": 7,
                        "column": 15
                      },
                      "identifierName": "placeholder"
                    },
                    "name": "placeholder"
                  },
                  "value": {
                    "type": "StringLiteral",
                    "start": 118,
                    "end": 126,
                    "loc": {
                      "start": {
                        "line": 7,
                        "column": 17
                      },
                      "end": {
                        "line": 7,
                        "column": 25
                      }
                    },
                    "extra": {
                      "rawValue": "Format",
                      "raw": "'Format'"
                    },
                    "value": "Format"
                  }
                },
                {
                  "type": "ObjectProperty",
                  "start": 132,
                  "end": 199,
                  "loc": {
                    "start": {
                      "line": 8,
                      "column": 4
                    },
                    "end": {
                      "line": 8,
                      "column": 71
                    }
                  },
                  "method": false,
                  "shorthand": false,
                  "computed": false,
                  "key": {
                    "type": "Identifier",
                    "start": 132,
                    "end": 139,
                    "loc": {
                      "start": {
                        "line": 8,
                        "column": 4
                      },
                      "end": {
                        "line": 8,
                        "column": 11
                      },
                      "identifierName": "tooltip"
                    },
                    "name": "tooltip"
                  },
                  "value": {
                    "type": "StringLiteral",
                    "start": 141,
                    "end": 199,
                    "loc": {
                      "start": {
                        "line": 8,
                        "column": 13
                      },
                      "end": {
                        "line": 8,
                        "column": 71
                      }
                    },
                    "extra": {
                      "rawValue": "The moment.js format for saving the value of this field.",
                      "raw": "'The moment.js format for saving the value of this field.'"
                    },
                    "value": "The moment.js format for saving the value of this field."
                  }
                },
                {
                  "type": "ObjectProperty",
                  "start": 205,
                  "end": 215,
                  "loc": {
                    "start": {
                      "line": 9,
                      "column": 4
                    },
                    "end": {
                      "line": 9,
                      "column": 14
                    }
                  },
                  "method": false,
                  "shorthand": false,
                  "computed": false,
                  "key": {
                    "type": "Identifier",
                    "start": 205,
                    "end": 211,
                    "loc": {
                      "start": {
                        "line": 9,
                        "column": 4
                      },
                      "end": {
                        "line": 9,
                        "column": 10
                      },
                      "identifierName": "weight"
                    },
                    "name": "weight"
                  },
                  "value": {
                    "type": "NumericLiteral",
                    "start": 213,
                    "end": 215,
                    "loc": {
                      "start": {
                        "line": 9,
                        "column": 12
                      },
                      "end": {
                        "line": 9,
                        "column": 14
                      }
                    },
                    "extra": {
                      "rawValue": 50,
                      "raw": "50"
                    },
                    "value": 50
                  }
                }
              ]
            }
          ],
          "leadingComments": [],
          "trailingComments": []
        }
      }
    ],
    "directives": []
  },
  "comments": [],
  "tokens": [
    {
      "type": {
        "label": "export",
        "keyword": "export",
        "beforeExpr": false,
        "startsExpr": false,
        "rightAssociative": false,
        "isLoop": false,
        "isAssign": false,
        "prefix": false,
        "postfix": false,
        "binop": null,
        "updateContext": null
      },
      "value": "export",
      "start": 0,
      "end": 6,
      "loc": {
        "start": {
          "line": 1,
          "column": 0
        },
        "end": {
          "line": 1,
          "column": 6
        }
      }
    },
    {
      "type": {
        "label": "default",
        "keyword": "default",
        "beforeExpr": true,
        "startsExpr": false,
        "rightAssociative": false,
        "isLoop": false,
        "isAssign": false,
        "prefix": false,
        "postfix": false,
        "binop": null,
        "updateContext": null
      },
      "value": "default",
      "start": 7,
      "end": 14,
      "loc": {
        "start": {
          "line": 1,
          "column": 7
        },
        "end": {
          "line": 1,
          "column": 14
        }
      }
    },
    {
      "type": {
        "label": "[",
        "beforeExpr": true,
        "startsExpr": true,
        "rightAssociative": false,
        "isLoop": false,
        "isAssign": false,
        "prefix": false,
        "postfix": false,
        "binop": null,
        "updateContext": null
      },
      "start": 15,
      "end": 16,
      "loc": {
        "start": {
          "line": 1,
          "column": 15
        },
        "end": {
          "line": 1,
          "column": 16
        }
      }
    },
    {
      "type": {
        "label": "{",
        "beforeExpr": true,
        "startsExpr": true,
        "rightAssociative": false,
        "isLoop": false,
        "isAssign": false,
        "prefix": false,
        "postfix": false,
        "binop": null
      },
      "start": 19,
      "end": 20,
      "loc": {
        "start": {
          "line": 2,
          "column": 2
        },
        "end": {
          "line": 2,
          "column": 3
        }
      }
    },
    {
      "type": {
        "label": "name",
        "beforeExpr": false,
        "startsExpr": true,
        "rightAssociative": false,
        "isLoop": false,
        "isAssign": false,
        "prefix": false,
        "postfix": false,
        "binop": null
      },
      "value": "type",
      "start": 25,
      "end": 29,
      "loc": {
        "start": {
          "line": 3,
          "column": 4
        },
        "end": {
          "line": 3,
          "column": 8
        }
      }
    },
    {
      "type": {
        "label": ":",
        "beforeExpr": true,
        "startsExpr": false,
        "rightAssociative": false,
        "isLoop": false,
        "isAssign": false,
        "prefix": false,
        "postfix": false,
        "binop": null,
        "updateContext": null
      },
      "start": 29,
      "end": 30,
      "loc": {
        "start": {
          "line": 3,
          "column": 8
        },
        "end": {
          "line": 3,
          "column": 9
        }
      }
    },
    {
      "type": {
        "label": "string",
        "beforeExpr": false,
        "startsExpr": true,
        "rightAssociative": false,
        "isLoop": false,
        "isAssign": false,
        "prefix": false,
        "postfix": false,
        "binop": null,
        "updateContext": null
      },
      "value": "textfield",
      "start": 31,
      "end": 42,
      "loc": {
        "start": {
          "line": 3,
          "column": 10
        },
        "end": {
          "line": 3,
          "column": 21
        }
      }
    },
    {
      "type": {
        "label": ",",
        "beforeExpr": true,
        "startsExpr": false,
        "rightAssociative": false,
        "isLoop": false,
        "isAssign": false,
        "prefix": false,
        "postfix": false,
        "binop": null,
        "updateContext": null
      },
      "start": 42,
      "end": 43,
      "loc": {
        "start": {
          "line": 3,
          "column": 21
        },
        "end": {
          "line": 3,
          "column": 22
        }
      }
    },
    {
      "type": {
        "label": "name",
        "beforeExpr": false,
        "startsExpr": true,
        "rightAssociative": false,
        "isLoop": false,
        "isAssign": false,
        "prefix": false,
        "postfix": false,
        "binop": null
      },
      "value": "input",
      "start": 48,
      "end": 53,
      "loc": {
        "start": {
          "line": 4,
          "column": 4
        },
        "end": {
          "line": 4,
          "column": 9
        }
      }
    },
    {
      "type": {
        "label": ":",
        "beforeExpr": true,
        "startsExpr": false,
        "rightAssociative": false,
        "isLoop": false,
        "isAssign": false,
        "prefix": false,
        "postfix": false,
        "binop": null,
        "updateContext": null
      },
      "start": 53,
      "end": 54,
      "loc": {
        "start": {
          "line": 4,
          "column": 9
        },
        "end": {
          "line": 4,
          "column": 10
        }
      }
    },
    {
      "type": {
        "label": "true",
        "keyword": "true",
        "beforeExpr": false,
        "startsExpr": true,
        "rightAssociative": false,
        "isLoop": false,
        "isAssign": false,
        "prefix": false,
        "postfix": false,
        "binop": null,
        "updateContext": null
      },
      "value": "true",
      "start": 55,
      "end": 59,
      "loc": {
        "start": {
          "line": 4,
          "column": 11
        },
        "end": {
          "line": 4,
          "column": 15
        }
      }
    },
    {
      "type": {
        "label": ",",
        "beforeExpr": true,
        "startsExpr": false,
        "rightAssociative": false,
        "isLoop": false,
        "isAssign": false,
        "prefix": false,
        "postfix": false,
        "binop": null,
        "updateContext": null
      },
      "start": 59,
      "end": 60,
      "loc": {
        "start": {
          "line": 4,
          "column": 15
        },
        "end": {
          "line": 4,
          "column": 16
        }
      }
    },
    {
      "type": {
        "label": "name",
        "beforeExpr": false,
        "startsExpr": true,
        "rightAssociative": false,
        "isLoop": false,
        "isAssign": false,
        "prefix": false,
        "postfix": false,
        "binop": null
      },
      "value": "key",
      "start": 65,
      "end": 68,
      "loc": {
        "start": {
          "line": 5,
          "column": 4
        },
        "end": {
          "line": 5,
          "column": 7
        }
      }
    },
    {
      "type": {
        "label": ":",
        "beforeExpr": true,
        "startsExpr": false,
        "rightAssociative": false,
        "isLoop": false,
        "isAssign": false,
        "prefix": false,
        "postfix": false,
        "binop": null,
        "updateContext": null
      },
      "start": 68,
      "end": 69,
      "loc": {
        "start": {
          "line": 5,
          "column": 7
        },
        "end": {
          "line": 5,
          "column": 8
        }
      }
    },
    {
      "type": {
        "label": "string",
        "beforeExpr": false,
        "startsExpr": true,
        "rightAssociative": false,
        "isLoop": false,
        "isAssign": false,
        "prefix": false,
        "postfix": false,
        "binop": null,
        "updateContext": null
      },
      "value": "format",
      "start": 70,
      "end": 78,
      "loc": {
        "start": {
          "line": 5,
          "column": 9
        },
        "end": {
          "line": 5,
          "column": 17
        }
      }
    },
    {
      "type": {
        "label": ",",
        "beforeExpr": true,
        "startsExpr": false,
        "rightAssociative": false,
        "isLoop": false,
        "isAssign": false,
        "prefix": false,
        "postfix": false,
        "binop": null,
        "updateContext": null
      },
      "start": 78,
      "end": 79,
      "loc": {
        "start": {
          "line": 5,
          "column": 17
        },
        "end": {
          "line": 5,
          "column": 18
        }
      }
    },
    {
      "type": {
        "label": "name",
        "beforeExpr": false,
        "startsExpr": true,
        "rightAssociative": false,
        "isLoop": false,
        "isAssign": false,
        "prefix": false,
        "postfix": false,
        "binop": null
      },
      "value": "label",
      "start": 84,
      "end": 89,
      "loc": {
        "start": {
          "line": 6,
          "column": 4
        },
        "end": {
          "line": 6,
          "column": 9
        }
      }
    },
    {
      "type": {
        "label": ":",
        "beforeExpr": true,
        "startsExpr": false,
        "rightAssociative": false,
        "isLoop": false,
        "isAssign": false,
        "prefix": false,
        "postfix": false,
        "binop": null,
        "updateContext": null
      },
      "start": 89,
      "end": 90,
      "loc": {
        "start": {
          "line": 6,
          "column": 9
        },
        "end": {
          "line": 6,
          "column": 10
        }
      }
    },
    {
      "type": {
        "label": "string",
        "beforeExpr": false,
        "startsExpr": true,
        "rightAssociative": false,
        "isLoop": false,
        "isAssign": false,
        "prefix": false,
        "postfix": false,
        "binop": null,
        "updateContext": null
      },
      "value": "Format",
      "start": 91,
      "end": 99,
      "loc": {
        "start": {
          "line": 6,
          "column": 11
        },
        "end": {
          "line": 6,
          "column": 19
        }
      }
    },
    {
      "type": {
        "label": ",",
        "beforeExpr": true,
        "startsExpr": false,
        "rightAssociative": false,
        "isLoop": false,
        "isAssign": false,
        "prefix": false,
        "postfix": false,
        "binop": null,
        "updateContext": null
      },
      "start": 99,
      "end": 100,
      "loc": {
        "start": {
          "line": 6,
          "column": 19
        },
        "end": {
          "line": 6,
          "column": 20
        }
      }
    },
    {
      "type": {
        "label": "name",
        "beforeExpr": false,
        "startsExpr": true,
        "rightAssociative": false,
        "isLoop": false,
        "isAssign": false,
        "prefix": false,
        "postfix": false,
        "binop": null
      },
      "value": "placeholder",
      "start": 105,
      "end": 116,
      "loc": {
        "start": {
          "line": 7,
          "column": 4
        },
        "end": {
          "line": 7,
          "column": 15
        }
      }
    },
    {
      "type": {
        "label": ":",
        "beforeExpr": true,
        "startsExpr": false,
        "rightAssociative": false,
        "isLoop": false,
        "isAssign": false,
        "prefix": false,
        "postfix": false,
        "binop": null,
        "updateContext": null
      },
      "start": 116,
      "end": 117,
      "loc": {
        "start": {
          "line": 7,
          "column": 15
        },
        "end": {
          "line": 7,
          "column": 16
        }
      }
    },
    {
      "type": {
        "label": "string",
        "beforeExpr": false,
        "startsExpr": true,
        "rightAssociative": false,
        "isLoop": false,
        "isAssign": false,
        "prefix": false,
        "postfix": false,
        "binop": null,
        "updateContext": null
      },
      "value": "Format",
      "start": 118,
      "end": 126,
      "loc": {
        "start": {
          "line": 7,
          "column": 17
        },
        "end": {
          "line": 7,
          "column": 25
        }
      }
    },
    {
      "type": {
        "label": ",",
        "beforeExpr": true,
        "startsExpr": false,
        "rightAssociative": false,
        "isLoop": false,
        "isAssign": false,
        "prefix": false,
        "postfix": false,
        "binop": null,
        "updateContext": null
      },
      "start": 126,
      "end": 127,
      "loc": {
        "start": {
          "line": 7,
          "column": 25
        },
        "end": {
          "line": 7,
          "column": 26
        }
      }
    },
    {
      "type": {
        "label": "name",
        "beforeExpr": false,
        "startsExpr": true,
        "rightAssociative": false,
        "isLoop": false,
        "isAssign": false,
        "prefix": false,
        "postfix": false,
        "binop": null
      },
      "value": "tooltip",
      "start": 132,
      "end": 139,
      "loc": {
        "start": {
          "line": 8,
          "column": 4
        },
        "end": {
          "line": 8,
          "column": 11
        }
      }
    },
    {
      "type": {
        "label": ":",
        "beforeExpr": true,
        "startsExpr": false,
        "rightAssociative": false,
        "isLoop": false,
        "isAssign": false,
        "prefix": false,
        "postfix": false,
        "binop": null,
        "updateContext": null
      },
      "start": 139,
      "end": 140,
      "loc": {
        "start": {
          "line": 8,
          "column": 11
        },
        "end": {
          "line": 8,
          "column": 12
        }
      }
    },
    {
      "type": {
        "label": "string",
        "beforeExpr": false,
        "startsExpr": true,
        "rightAssociative": false,
        "isLoop": false,
        "isAssign": false,
        "prefix": false,
        "postfix": false,
        "binop": null,
        "updateContext": null
      },
      "value": "The moment.js format for saving the value of this field.",
      "start": 141,
      "end": 199,
      "loc": {
        "start": {
          "line": 8,
          "column": 13
        },
        "end": {
          "line": 8,
          "column": 71
        }
      }
    },
    {
      "type": {
        "label": ",",
        "beforeExpr": true,
        "startsExpr": false,
        "rightAssociative": false,
        "isLoop": false,
        "isAssign": false,
        "prefix": false,
        "postfix": false,
        "binop": null,
        "updateContext": null
      },
      "start": 199,
      "end": 200,
      "loc": {
        "start": {
          "line": 8,
          "column": 71
        },
        "end": {
          "line": 8,
          "column": 72
        }
      }
    },
    {
      "type": {
        "label": "name",
        "beforeExpr": false,
        "startsExpr": true,
        "rightAssociative": false,
        "isLoop": false,
        "isAssign": false,
        "prefix": false,
        "postfix": false,
        "binop": null
      },
      "value": "weight",
      "start": 205,
      "end": 211,
      "loc": {
        "start": {
          "line": 9,
          "column": 4
        },
        "end": {
          "line": 9,
          "column": 10
        }
      }
    },
    {
      "type": {
        "label": ":",
        "beforeExpr": true,
        "startsExpr": false,
        "rightAssociative": false,
        "isLoop": false,
        "isAssign": false,
        "prefix": false,
        "postfix": false,
        "binop": null,
        "updateContext": null
      },
      "start": 211,
      "end": 212,
      "loc": {
        "start": {
          "line": 9,
          "column": 10
        },
        "end": {
          "line": 9,
          "column": 11
        }
      }
    },
    {
      "type": {
        "label": "num",
        "beforeExpr": false,
        "startsExpr": true,
        "rightAssociative": false,
        "isLoop": false,
        "isAssign": false,
        "prefix": false,
        "postfix": false,
        "binop": null,
        "updateContext": null
      },
      "value": 50,
      "start": 213,
      "end": 215,
      "loc": {
        "start": {
          "line": 9,
          "column": 12
        },
        "end": {
          "line": 9,
          "column": 14
        }
      }
    },
    {
      "type": {
        "label": "}",
        "beforeExpr": false,
        "startsExpr": false,
        "rightAssociative": false,
        "isLoop": false,
        "isAssign": false,
        "prefix": false,
        "postfix": false,
        "binop": null
      },
      "start": 218,
      "end": 219,
      "loc": {
        "start": {
          "line": 10,
          "column": 2
        },
        "end": {
          "line": 10,
          "column": 3
        }
      }
    },
    {
      "type": {
        "label": "]",
        "beforeExpr": false,
        "startsExpr": false,
        "rightAssociative": false,
        "isLoop": false,
        "isAssign": false,
        "prefix": false,
        "postfix": false,
        "binop": null,
        "updateContext": null
      },
      "start": 220,
      "end": 221,
      "loc": {
        "start": {
          "line": 11,
          "column": 0
        },
        "end": {
          "line": 11,
          "column": 1
        }
      }
    },
    {
      "type": {
        "label": ";",
        "beforeExpr": true,
        "startsExpr": false,
        "rightAssociative": false,
        "isLoop": false,
        "isAssign": false,
        "prefix": false,
        "postfix": false,
        "binop": null,
        "updateContext": null
      },
      "start": 221,
      "end": 222,
      "loc": {
        "start": {
          "line": 11,
          "column": 1
        },
        "end": {
          "line": 11,
          "column": 2
        }
      }
    },
    {
      "type": {
        "label": "eof",
        "beforeExpr": false,
        "startsExpr": false,
        "rightAssociative": false,
        "isLoop": false,
        "isAssign": false,
        "prefix": false,
        "postfix": false,
        "binop": null,
        "updateContext": null
      },
      "start": 223,
      "end": 223,
      "loc": {
        "start": {
          "line": 12,
          "column": 0
        },
        "end": {
          "line": 12,
          "column": 0
        }
      }
    }
  ]
}