{
  "type": "File",
  "start": 0,
  "end": 349,
  "loc": {
    "start": {
      "line": 1,
      "column": 0
    },
    "end": {
      "line": 12,
      "column": 0
    }
  },
  "program": {
    "type": "Program",
    "start": 0,
    "end": 349,
    "loc": {
      "start": {
        "line": 1,
        "column": 0
      },
      "end": {
        "line": 12,
        "column": 0
      }
    },
    "sourceType": "module",
    "body": [
      {
        "type": "ImportDeclaration",
        "start": 14,
        "end": 53,
        "loc": {
          "start": {
            "line": 2,
            "column": 0
          },
          "end": {
            "line": 2,
            "column": 39
          }
        },
        "specifiers": [
          {
            "type": "ImportDefaultSpecifier",
            "start": 21,
            "end": 36,
            "loc": {
              "start": {
                "line": 2,
                "column": 7
              },
              "end": {
                "line": 2,
                "column": 22
              }
            },
            "local": {
              "type": "Identifier",
              "start": 21,
              "end": 36,
              "loc": {
                "start": {
                  "line": 2,
                  "column": 7
                },
                "end": {
                  "line": 2,
                  "column": 22
                },
                "identifierName": "HiddenComponent"
              },
              "name": "HiddenComponent"
            }
          }
        ],
        "source": {
          "type": "StringLiteral",
          "start": 42,
          "end": 52,
          "loc": {
            "start": {
              "line": 2,
              "column": 28
            },
            "end": {
              "line": 2,
              "column": 38
            }
          },
          "extra": {
            "rawValue": "./Hidden",
            "raw": "'./Hidden'"
          },
          "value": "./Hidden"
        }
      },
      {
        "type": "ImportDeclaration",
        "start": 54,
        "end": 107,
        "loc": {
          "start": {
            "line": 3,
            "column": 0
          },
          "end": {
            "line": 3,
            "column": 53
          }
        },
        "specifiers": [
          {
            "type": "ImportSpecifier",
            "start": 62,
            "end": 81,
            "loc": {
              "start": {
                "line": 3,
                "column": 8
              },
              "end": {
                "line": 3,
                "column": 27
              }
            },
            "imported": {
              "type": "Identifier",
              "start": 62,
              "end": 72,
              "loc": {
                "start": {
                  "line": 3,
                  "column": 8
                },
                "end": {
                  "line": 3,
                  "column": 18
                },
                "identifierName": "components"
              },
              "name": "components"
            },
            "local": {
              "type": "Identifier",
              "start": 76,
              "end": 81,
              "loc": {
                "start": {
                  "line": 3,
                  "column": 22
                },
                "end": {
                  "line": 3,
                  "column": 27
                },
                "identifierName": "comps"
              },
              "name": "comps"
            }
          }
        ],
        "source": {
          "type": "StringLiteral",
          "start": 88,
          "end": 106,
          "loc": {
            "start": {
              "line": 3,
              "column": 34
            },
            "end": {
              "line": 3,
              "column": 52
            }
          },
          "extra": {
            "rawValue": "./fixtures/index",
            "raw": "'./fixtures/index'"
          },
          "value": "./fixtures/index"
        }
      },
      {
        "type": "ImportDeclaration",
        "start": 108,
        "end": 152,
        "loc": {
          "start": {
            "line": 4,
            "column": 0
          },
          "end": {
            "line": 4,
            "column": 44
          }
        },
        "specifiers": [
          {
            "type": "ImportDefaultSpecifier",
            "start": 115,
            "end": 122,
            "loc": {
              "start": {
                "line": 4,
                "column": 7
              },
              "end": {
                "line": 4,
                "column": 14
              }
            },
            "local": {
              "type": "Identifier",
              "start": 115,
              "end": 122,
              "loc": {
                "start": {
                  "line": 4,
                  "column": 7
                },
                "end": {
                  "line": 4,
                  "column": 14
                },
                "identifierName": "Harness"
              },
              "name": "Harness"
            }
          }
        ],
        "source": {
          "type": "StringLiteral",
          "start": 128,
          "end": 151,
          "loc": {
            "start": {
              "line": 4,
              "column": 20
            },
            "end": {
              "line": 4,
              "column": 43
            }
          },
          "extra": {
            "rawValue": "../../../test/harness",
            "raw": "'../../../test/harness'"
          },
          "value": "../../../test/harness"
        }
      },
      {
        "type": "ExpressionStatement",
        "start": 153,
        "end": 348,
        "loc": {
          "start": {
            "line": 5,
            "column": 0
          },
          "end": {
            "line": 11,
            "column": 3
          }
        },
        "expression": {
          "type": "CallExpression",
          "start": 153,
          "end": 347,
          "loc": {
            "start": {
              "line": 5,
              "column": 0
            },
            "end": {
              "line": 11,
              "column": 2
            }
          },
          "callee": {
            "type": "Identifier",
            "start": 153,
            "end": 161,
            "loc": {
              "start": {
                "line": 5,
                "column": 0
              },
              "end": {
                "line": 5,
                "column": 8
              },
              "identifierName": "describe"
            },
            "name": "describe"
          },
          "arguments": [
            {
              "type": "StringLiteral",
              "start": 162,
              "end": 180,
              "loc": {
                "start": {
                  "line": 5,
                  "column": 9
                },
                "end": {
                  "line": 5,
                  "column": 27
                }
              },
              "extra": {
                "rawValue": "Hidden Component",
                "raw": "'Hidden Component'"
              },
              "value": "Hidden Component"
            },
            {
              "type": "ArrowFunctionExpression",
              "start": 182,
              "end": 346,
              "loc": {
                "start": {
                  "line": 5,
                  "column": 29
                },
                "end": {
                  "line": 11,
                  "column": 1
                }
              },
              "id": null,
              "generator": false,
              "expression": false,
              "async": false,
              "params": [],
              "body": {
                "type": "BlockStatement",
                "start": 188,
                "end": 346,
                "loc": {
                  "start": {
                    "line": 5,
                    "column": 35
                  },
                  "end": {
                    "line": 11,
                    "column": 1
                  }
                },
                "body": [
                  {
                    "type": "ExpressionStatement",
                    "start": 192,
                    "end": 344,
                    "loc": {
                      "start": {
                        "line": 6,
                        "column": 2
                      },
                      "end": {
                        "line": 10,
                        "column": 5
                      }
                    },
                    "expression": {
                      "type": "CallExpression",
                      "start": 192,
                      "end": 343,
                      "loc": {
                        "start": {
                          "line": 6,
                          "column": 2
                        },
                        "end": {
                          "line": 10,
                          "column": 4
                        }
                      },
                      "callee": {
                        "type": "Identifier",
                        "start": 192,
                        "end": 194,
                        "loc": {
                          "start": {
                            "line": 6,
                            "column": 2
                          },
                          "end": {
                            "line": 6,
                            "column": 4
                          },
                          "identifierName": "it"
                        },
                        "name": "it"
                      },
                      "arguments": [
                        {
                          "type": "StringLiteral",
                          "start": 195,
                          "end": 228,
                          "loc": {
                            "start": {
                              "line": 6,
                              "column": 5
                            },
                            "end": {
                              "line": 6,
                              "column": 38
                            }
                          },
                          "extra": {
                            "rawValue": "Should build a hidden component",
                            "raw": "'Should build a hidden component'"
                          },
                          "value": "Should build a hidden component"
                        },
                        {
                          "type": "ArrowFunctionExpression",
                          "start": 230,
                          "end": 342,
                          "loc": {
                            "start": {
                              "line": 6,
                              "column": 40
                            },
                            "end": {
                              "line": 10,
                              "column": 3
                            }
                          },
                          "id": null,
                          "generator": false,
                          "expression": false,
                          "async": false,
                          "params": [
                            {
                              "type": "Identifier",
                              "start": 231,
                              "end": 235,
                              "loc": {
                                "start": {
                                  "line": 6,
                                  "column": 41
                                },
                                "end": {
                                  "line": 6,
                                  "column": 45
                                },
                                "identifierName": "done"
                              },
                              "name": "done"
                            }
                          ],
                          "body": {
                            "type": "BlockStatement",
                            "start": 240,
                            "end": 342,
                            "loc": {
                              "start": {
                                "line": 6,
                                "column": 50
                              },
                              "end": {
                                "line": 10,
                                "column": 3
                              }
                            },
                            "body": [
                              {
                                "type": "ExpressionStatement",
                                "start": 246,
                                "end": 338,
                                "loc": {
                                  "start": {
                                    "line": 7,
                                    "column": 4
                                  },
                                  "end": {
                                    "line": 9,
                                    "column": 7
                                  }
                                },
                                "expression": {
                                  "type": "CallExpression",
                                  "start": 246,
                                  "end": 337,
                                  "loc": {
                                    "start": {
                                      "line": 7,
                                      "column": 4
                                    },
                                    "end": {
                                      "line": 9,
                                      "column": 6
                                    }
                                  },
                                  "callee": {
                                    "type": "MemberExpression",
                                    "start": 246,
                                    "end": 299,
                                    "loc": {
                                      "start": {
                                        "line": 7,
                                        "column": 4
                                      },
                                      "end": {
                                        "line": 7,
                                        "column": 57
                                      }
                                    },
                                    "object": {
                                      "type": "CallExpression",
                                      "start": 246,
                                      "end": 294,
                                      "loc": {
                                        "start": {
                                          "line": 7,
                                          "column": 4
                                        },
                                        "end": {
                                          "line": 7,
                                          "column": 52
                                        }
                                      },
                                      "callee": {
                                        "type": "MemberExpression",
                                        "start": 246,
                                        "end": 264,
                                        "loc": {
                                          "start": {
                                            "line": 7,
                                            "column": 4
                                          },
                                          "end": {
                                            "line": 7,
                                            "column": 22
                                          }
                                        },
                                        "object": {
                                          "type": "Identifier",
                                          "start": 246,
                                          "end": 253,
                                          "loc": {
                                            "start": {
                                              "line": 7,
                                              "column": 4
                                            },
                                            "end": {
                                              "line": 7,
                                              "column": 11
                                            },
                                            "identifierName": "Harness"
                                          },
                                          "name": "Harness"
                                        },
                                        "property": {
                                          "type": "Identifier",
                                          "start": 254,
                                          "end": 264,
                                          "loc": {
                                            "start": {
                                              "line": 7,
                                              "column": 12
                                            },
                                            "end": {
                                              "line": 7,
                                              "column": 22
                                            },
                                            "identifierName": "testCreate"
                                          },
                                          "name": "testCreate"
                                        },
                                        "computed": false
                                      },
                                      "arguments": [
                                        {
                                          "type": "Identifier",
                                          "start": 265,
                                          "end": 280,
                                          "loc": {
                                            "start": {
                                              "line": 7,
                                              "column": 23
                                            },
                                            "end": {
                                              "line": 7,
                                              "column": 38
                                            },
                                            "identifierName": "HiddenComponent"
                                          },
                                          "name": "HiddenComponent"
                                        },
                                        {
                                          "type": "MemberExpression",
                                          "start": 282,
                                          "end": 293,
                                          "loc": {
                                            "start": {
                                              "line": 7,
                                              "column": 40
                                            },
                                            "end": {
                                              "line": 7,
                                              "column": 51
                                            }
                                          },
                                          "object": {
                                            "type": "Identifier",
                                            "start": 282,
                                            "end": 287,
                                            "loc": {
                                              "start": {
                                                "line": 7,
                                                "column": 40
                                              },
                                              "end": {
                                                "line": 7,
                                                "column": 45
                                              },
                                              "identifierName": "comps"
                                            },
                                            "name": "comps"
                                          },
                                          "property": {
                                            "type": "Identifier",
                                            "start": 288,
                                            "end": 293,
                                            "loc": {
                                              "start": {
                                                "line": 7,
                                                "column": 46
                                              },
                                              "end": {
                                                "line": 7,
                                                "column": 51
                                              },
                                              "identifierName": "comp1"
                                            },
                                            "name": "comp1"
                                          },
                                          "computed": false
                                        }
                                      ]
                                    },
                                    "property": {
                                      "type": "Identifier",
                                      "start": 295,
                                      "end": 299,
                                      "loc": {
                                        "start": {
                                          "line": 7,
                                          "column": 53
                                        },
                                        "end": {
                                          "line": 7,
                                          "column": 57
                                        },
                                        "identifierName": "then"
                                      },
                                      "name": "then"
                                    },
                                    "computed": false
                                  },
                                  "arguments": [
                                    {
                                      "type": "ArrowFunctionExpression",
                                      "start": 300,
                                      "end": 336,
                                      "loc": {
                                        "start": {
                                          "line": 7,
                                          "column": 58
                                        },
                                        "end": {
                                          "line": 9,
                                          "column": 5
                                        }
                                      },
                                      "id": null,
                                      "generator": false,
                                      "expression": false,
                                      "async": false,
                                      "params": [
                                        {
                                          "type": "Identifier",
                                          "start": 301,
                                          "end": 310,
                                          "loc": {
                                            "start": {
                                              "line": 7,
                                              "column": 59
                                            },
                                            "end": {
                                              "line": 7,
                                              "column": 68
                                            },
                                            "identifierName": "component"
                                          },
                                          "name": "component"
                                        }
                                      ],
                                      "body": {
                                        "type": "BlockStatement",
                                        "start": 315,
                                        "end": 336,
                                        "loc": {
                                          "start": {
                                            "line": 7,
                                            "column": 73
                                          },
                                          "end": {
                                            "line": 9,
                                            "column": 5
                                          }
                                        },
                                        "body": [
                                          {
                                            "type": "ExpressionStatement",
                                            "start": 323,
                                            "end": 330,
                                            "loc": {
                                              "start": {
                                                "line": 8,
                                                "column": 6
                                              },
                                              "end": {
                                                "line": 8,
                                                "column": 13
                                              }
                                            },
                                            "expression": {
                                              "type": "CallExpression",
                                              "start": 323,
                                              "end": 329,
                                              "loc": {
                                                "start": {
                                                  "line": 8,
                                                  "column": 6
                                                },
                                                "end": {
                                                  "line": 8,
                                                  "column": 12
                                                }
                                              },
                                              "callee": {
                                                "type": "Identifier",
                                                "start": 323,
                                                "end": 327,
                                                "loc": {
                                                  "start": {
                                                    "line": 8,
                                                    "column": 6
                                                  },
                                                  "end": {
                                                    "line": 8,
                                                    "column": 10
                                                  },
                                                  "identifierName": "done"
                                                },
                                                "name": "done"
                                              },
                                              "arguments": []
                                            }
                                          }
                                        ],
                                        "directives": []
                                      }
                                    }
                                  ]
                                }
                              }
                            ],
                            "directives": []
                          }
                        }
                      ]
                    }
                  }
                ],
                "directives": []
              }
            }
          ]
        }
      }
    ],
    "directives": [
      {
        "type": "Directive",
        "start": 0,
        "end": 13,
        "loc": {
          "start": {
            "line": 1,
            "column": 0
          },
          "end": {
            "line": 1,
            "column": 13
          }
        },
        "value": {
          "type": "DirectiveLiteral",
          "start": 0,
          "end": 12,
          "loc": {
            "start": {
              "line": 1,
              "column": 0
            },
            "end": {
              "line": 1,
              "column": 12
            }
          },
          "value": "use strict",
          "extra": {
            "raw": "'use strict'",
            "rawValue": "use strict"
          }
        }
      }
    ]
  },
  "comments": [],
  "tokens": [
    {
      "type": {
        "label": "string",
        "beforeExpr": false,
        "startsExpr": true,
        "rightAssociative": false,
        "isLoop": false,
        "isAssign": false,
        "prefix": false,
        "postfix": false,
        "binop": null,
        "updateContext": null
      },
      "value": "use strict",
      "start": 0,
      "end": 12,
      "loc": {
        "start": {
          "line": 1,
          "column": 0
        },
        "end": {
          "line": 1,
          "column": 12
        }
      }
    },
    {
      "type": {
        "label": ";",
        "beforeExpr": true,
        "startsExpr": false,
        "rightAssociative": false,
        "isLoop": false,
        "isAssign": false,
        "prefix": false,
        "postfix": false,
        "binop": null,
        "updateContext": null
      },
      "start": 12,
      "end": 13,
      "loc": {
        "start": {
          "line": 1,
          "column": 12
        },
        "end": {
          "line": 1,
          "column": 13
        }
      }
    },
    {
      "type": {
        "label": "import",
        "keyword": "import",
        "beforeExpr": false,
        "startsExpr": true,
        "rightAssociative": false,
        "isLoop": false,
        "isAssign": false,
        "prefix": false,
        "postfix": false,
        "binop": null,
        "updateContext": null
      },
      "value": "import",
      "start": 14,
      "end": 20,
      "loc": {
        "start": {
          "line": 2,
          "column": 0
        },
        "end": {
          "line": 2,
          "column": 6
        }
      }
    },
    {
      "type": {
        "label": "name",
        "beforeExpr": false,
        "startsExpr": true,
        "rightAssociative": false,
        "isLoop": false,
        "isAssign": false,
        "prefix": false,
        "postfix": false,
        "binop": null
      },
      "value": "HiddenComponent",
      "start": 21,
      "end": 36,
      "loc": {
        "start": {
          "line": 2,
          "column": 7
        },
        "end": {
          "line": 2,
          "column": 22
        }
      }
    },
    {
      "type": {
        "label": "name",
        "beforeExpr": false,
        "startsExpr": true,
        "rightAssociative": false,
        "isLoop": false,
        "isAssign": false,
        "prefix": false,
        "postfix": false,
        "binop": null
      },
      "value": "from",
      "start": 37,
      "end": 41,
      "loc": {
        "start": {
          "line": 2,
          "column": 23
        },
        "end": {
          "line": 2,
          "column": 27
        }
      }
    },
    {
      "type": {
        "label": "string",
        "beforeExpr": false,
        "startsExpr": true,
        "rightAssociative": false,
        "isLoop": false,
        "isAssign": false,
        "prefix": false,
        "postfix": false,
        "binop": null,
        "updateContext": null
      },
      "value": "./Hidden",
      "start": 42,
      "end": 52,
      "loc": {
        "start": {
          "line": 2,
          "column": 28
        },
        "end": {
          "line": 2,
          "column": 38
        }
      }
    },
    {
      "type": {
        "label": ";",
        "beforeExpr": true,
        "startsExpr": false,
        "rightAssociative": false,
        "isLoop": false,
        "isAssign": false,
        "prefix": false,
        "postfix": false,
        "binop": null,
        "updateContext": null
      },
      "start": 52,
      "end": 53,
      "loc": {
        "start": {
          "line": 2,
          "column": 38
        },
        "end": {
          "line": 2,
          "column": 39
        }
      }
    },
    {
      "type": {
        "label": "import",
        "keyword": "import",
        "beforeExpr": false,
        "startsExpr": true,
        "rightAssociative": false,
        "isLoop": false,
        "isAssign": false,
        "prefix": false,
        "postfix": false,
        "binop": null,
        "updateContext": null
      },
      "value": "import",
      "start": 54,
      "end": 60,
      "loc": {
        "start": {
          "line": 3,
          "column": 0
        },
        "end": {
          "line": 3,
          "column": 6
        }
      }
    },
    {
      "type": {
        "label": "{",
        "beforeExpr": true,
        "startsExpr": true,
        "rightAssociative": false,
        "isLoop": false,
        "isAssign": false,
        "prefix": false,
        "postfix": false,
        "binop": null
      },
      "start": 61,
      "end": 62,
      "loc": {
        "start": {
          "line": 3,
          "column": 7
        },
        "end": {
          "line": 3,
          "column": 8
        }
      }
    },
    {
      "type": {
        "label": "name",
        "beforeExpr": false,
        "startsExpr": true,
        "rightAssociative": false,
        "isLoop": false,
        "isAssign": false,
        "prefix": false,
        "postfix": false,
        "binop": null
      },
      "value": "components",
      "start": 62,
      "end": 72,
      "loc": {
        "start": {
          "line": 3,
          "column": 8
        },
        "end": {
          "line": 3,
          "column": 18
        }
      }
    },
    {
      "type": {
        "label": "name",
        "beforeExpr": false,
        "startsExpr": true,
        "rightAssociative": false,
        "isLoop": false,
        "isAssign": false,
        "prefix": false,
        "postfix": false,
        "binop": null
      },
      "value": "as",
      "start": 73,
      "end": 75,
      "loc": {
        "start": {
          "line": 3,
          "column": 19
        },
        "end": {
          "line": 3,
          "column": 21
        }
      }
    },
    {
      "type": {
        "label": "name",
        "beforeExpr": false,
        "startsExpr": true,
        "rightAssociative": false,
        "isLoop": false,
        "isAssign": false,
        "prefix": false,
        "postfix": false,
        "binop": null
      },
      "value": "comps",
      "start": 76,
      "end": 81,
      "loc": {
        "start": {
          "line": 3,
          "column": 22
        },
        "end": {
          "line": 3,
          "column": 27
        }
      }
    },
    {
      "type": {
        "label": "}",
        "beforeExpr": false,
        "startsExpr": false,
        "rightAssociative": false,
        "isLoop": false,
        "isAssign": false,
        "prefix": false,
        "postfix": false,
        "binop": null
      },
      "start": 81,
      "end": 82,
      "loc": {
        "start": {
          "line": 3,
          "column": 27
        },
        "end": {
          "line": 3,
          "column": 28
        }
      }
    },
    {
      "type": {
        "label": "name",
        "beforeExpr": false,
        "startsExpr": true,
        "rightAssociative": false,
        "isLoop": false,
        "isAssign": false,
        "prefix": false,
        "postfix": false,
        "binop": null
      },
      "value": "from",
      "start": 83,
      "end": 87,
      "loc": {
        "start": {
          "line": 3,
          "column": 29
        },
        "end": {
          "line": 3,
          "column": 33
        }
      }
    },
    {
      "type": {
        "label": "string",
        "beforeExpr": false,
        "startsExpr": true,
        "rightAssociative": false,
        "isLoop": false,
        "isAssign": false,
        "prefix": false,
        "postfix": false,
        "binop": null,
        "updateContext": null
      },
      "value": "./fixtures/index",
      "start": 88,
      "end": 106,
      "loc": {
        "start": {
          "line": 3,
          "column": 34
        },
        "end": {
          "line": 3,
          "column": 52
        }
      }
    },
    {
      "type": {
        "label": ";",
        "beforeExpr": true,
        "startsExpr": false,
        "rightAssociative": false,
        "isLoop": false,
        "isAssign": false,
        "prefix": false,
        "postfix": false,
        "binop": null,
        "updateContext": null
      },
      "start": 106,
      "end": 107,
      "loc": {
        "start": {
          "line": 3,
          "column": 52
        },
        "end": {
          "line": 3,
          "column": 53
        }
      }
    },
    {
      "type": {
        "label": "import",
        "keyword": "import",
        "beforeExpr": false,
        "startsExpr": true,
        "rightAssociative": false,
        "isLoop": false,
        "isAssign": false,
        "prefix": false,
        "postfix": false,
        "binop": null,
        "updateContext": null
      },
      "value": "import",
      "start": 108,
      "end": 114,
      "loc": {
        "start": {
          "line": 4,
          "column": 0
        },
        "end": {
          "line": 4,
          "column": 6
        }
      }
    },
    {
      "type": {
        "label": "name",
        "beforeExpr": false,
        "startsExpr": true,
        "rightAssociative": false,
        "isLoop": false,
        "isAssign": false,
        "prefix": false,
        "postfix": false,
        "binop": null
      },
      "value": "Harness",
      "start": 115,
      "end": 122,
      "loc": {
        "start": {
          "line": 4,
          "column": 7
        },
        "end": {
          "line": 4,
          "column": 14
        }
      }
    },
    {
      "type": {
        "label": "name",
        "beforeExpr": false,
        "startsExpr": true,
        "rightAssociative": false,
        "isLoop": false,
        "isAssign": false,
        "prefix": false,
        "postfix": false,
        "binop": null
      },
      "value": "from",
      "start": 123,
      "end": 127,
      "loc": {
        "start": {
          "line": 4,
          "column": 15
        },
        "end": {
          "line": 4,
          "column": 19
        }
      }
    },
    {
      "type": {
        "label": "string",
        "beforeExpr": false,
        "startsExpr": true,
        "rightAssociative": false,
        "isLoop": false,
        "isAssign": false,
        "prefix": false,
        "postfix": false,
        "binop": null,
        "updateContext": null
      },
      "value": "../../../test/harness",
      "start": 128,
      "end": 151,
      "loc": {
        "start": {
          "line": 4,
          "column": 20
        },
        "end": {
          "line": 4,
          "column": 43
        }
      }
    },
    {
      "type": {
        "label": ";",
        "beforeExpr": true,
        "startsExpr": false,
        "rightAssociative": false,
        "isLoop": false,
        "isAssign": false,
        "prefix": false,
        "postfix": false,
        "binop": null,
        "updateContext": null
      },
      "start": 151,
      "end": 152,
      "loc": {
        "start": {
          "line": 4,
          "column": 43
        },
        "end": {
          "line": 4,
          "column": 44
        }
      }
    },
    {
      "type": {
        "label": "name",
        "beforeExpr": false,
        "startsExpr": true,
        "rightAssociative": false,
        "isLoop": false,
        "isAssign": false,
        "prefix": false,
        "postfix": false,
        "binop": null
      },
      "value": "describe",
      "start": 153,
      "end": 161,
      "loc": {
        "start": {
          "line": 5,
          "column": 0
        },
        "end": {
          "line": 5,
          "column": 8
        }
      }
    },
    {
      "type": {
        "label": "(",
        "beforeExpr": true,
        "startsExpr": true,
        "rightAssociative": false,
        "isLoop": false,
        "isAssign": false,
        "prefix": false,
        "postfix": false,
        "binop": null
      },
      "start": 161,
      "end": 162,
      "loc": {
        "start": {
          "line": 5,
          "column": 8
        },
        "end": {
          "line": 5,
          "column": 9
        }
      }
    },
    {
      "type": {
        "label": "string",
        "beforeExpr": false,
        "startsExpr": true,
        "rightAssociative": false,
        "isLoop": false,
        "isAssign": false,
        "prefix": false,
        "postfix": false,
        "binop": null,
        "updateContext": null
      },
      "value": "Hidden Component",
      "start": 162,
      "end": 180,
      "loc": {
        "start": {
          "line": 5,
          "column": 9
        },
        "end": {
          "line": 5,
          "column": 27
        }
      }
    },
    {
      "type": {
        "label": ",",
        "beforeExpr": true,
        "startsExpr": false,
        "rightAssociative": false,
        "isLoop": false,
        "isAssign": false,
        "prefix": false,
        "postfix": false,
        "binop": null,
        "updateContext": null
      },
      "start": 180,
      "end": 181,
      "loc": {
        "start": {
          "line": 5,
          "column": 27
        },
        "end": {
          "line": 5,
          "column": 28
        }
      }
    },
    {
      "type": {
        "label": "(",
        "beforeExpr": true,
        "startsExpr": true,
        "rightAssociative": false,
        "isLoop": false,
        "isAssign": false,
        "prefix": false,
        "postfix": false,
        "binop": null
      },
      "start": 182,
      "end": 183,
      "loc": {
        "start": {
          "line": 5,
          "column": 29
        },
        "end": {
          "line": 5,
          "column": 30
        }
      }
    },
    {
      "type": {
        "label": ")",
        "beforeExpr": false,
        "startsExpr": false,
        "rightAssociative": false,
        "isLoop": false,
        "isAssign": false,
        "prefix": false,
        "postfix": false,
        "binop": null
      },
      "start": 183,
      "end": 184,
      "loc": {
        "start": {
          "line": 5,
          "column": 30
        },
        "end": {
          "line": 5,
          "column": 31
        }
      }
    },
    {
      "type": {
        "label": "=>",
        "beforeExpr": true,
        "startsExpr": false,
        "rightAssociative": false,
        "isLoop": false,
        "isAssign": false,
        "prefix": false,
        "postfix": false,
        "binop": null,
        "updateContext": null
      },
      "start": 185,
      "end": 187,
      "loc": {
        "start": {
          "line": 5,
          "column": 32
        },
        "end": {
          "line": 5,
          "column": 34
        }
      }
    },
    {
      "type": {
        "label": "{",
        "beforeExpr": true,
        "startsExpr": true,
        "rightAssociative": false,
        "isLoop": false,
        "isAssign": false,
        "prefix": false,
        "postfix": false,
        "binop": null
      },
      "start": 188,
      "end": 189,
      "loc": {
        "start": {
          "line": 5,
          "column": 35
        },
        "end": {
          "line": 5,
          "column": 36
        }
      }
    },
    {
      "type": {
        "label": "name",
        "beforeExpr": false,
        "startsExpr": true,
        "rightAssociative": false,
        "isLoop": false,
        "isAssign": false,
        "prefix": false,
        "postfix": false,
        "binop": null
      },
      "value": "it",
      "start": 192,
      "end": 194,
      "loc": {
        "start": {
          "line": 6,
          "column": 2
        },
        "end": {
          "line": 6,
          "column": 4
        }
      }
    },
    {
      "type": {
        "label": "(",
        "beforeExpr": true,
        "startsExpr": true,
        "rightAssociative": false,
        "isLoop": false,
        "isAssign": false,
        "prefix": false,
        "postfix": false,
        "binop": null
      },
      "start": 194,
      "end": 195,
      "loc": {
        "start": {
          "line": 6,
          "column": 4
        },
        "end": {
          "line": 6,
          "column": 5
        }
      }
    },
    {
      "type": {
        "label": "string",
        "beforeExpr": false,
        "startsExpr": true,
        "rightAssociative": false,
        "isLoop": false,
        "isAssign": false,
        "prefix": false,
        "postfix": false,
        "binop": null,
        "updateContext": null
      },
      "value": "Should build a hidden component",
      "start": 195,
      "end": 228,
      "loc": {
        "start": {
          "line": 6,
          "column": 5
        },
        "end": {
          "line": 6,
          "column": 38
        }
      }
    },
    {
      "type": {
        "label": ",",
        "beforeExpr": true,
        "startsExpr": false,
        "rightAssociative": false,
        "isLoop": false,
        "isAssign": false,
        "prefix": false,
        "postfix": false,
        "binop": null,
        "updateContext": null
      },
      "start": 228,
      "end": 229,
      "loc": {
        "start": {
          "line": 6,
          "column": 38
        },
        "end": {
          "line": 6,
          "column": 39
        }
      }
    },
    {
      "type": {
        "label": "(",
        "beforeExpr": true,
        "startsExpr": true,
        "rightAssociative": false,
        "isLoop": false,
        "isAssign": false,
        "prefix": false,
        "postfix": false,
        "binop": null
      },
      "start": 230,
      "end": 231,
      "loc": {
        "start": {
          "line": 6,
          "column": 40
        },
        "end": {
          "line": 6,
          "column": 41
        }
      }
    },
    {
      "type": {
        "label": "name",
        "beforeExpr": false,
        "startsExpr": true,
        "rightAssociative": false,
        "isLoop": false,
        "isAssign": false,
        "prefix": false,
        "postfix": false,
        "binop": null
      },
      "value": "done",
      "start": 231,
      "end": 235,
      "loc": {
        "start": {
          "line": 6,
          "column": 41
        },
        "end": {
          "line": 6,
          "column": 45
        }
      }
    },
    {
      "type": {
        "label": ")",
        "beforeExpr": false,
        "startsExpr": false,
        "rightAssociative": false,
        "isLoop": false,
        "isAssign": false,
        "prefix": false,
        "postfix": false,
        "binop": null
      },
      "start": 235,
      "end": 236,
      "loc": {
        "start": {
          "line": 6,
          "column": 45
        },
        "end": {
          "line": 6,
          "column": 46
        }
      }
    },
    {
      "type": {
        "label": "=>",
        "beforeExpr": true,
        "startsExpr": false,
        "rightAssociative": false,
        "isLoop": false,
        "isAssign": false,
        "prefix": false,
        "postfix": false,
        "binop": null,
        "updateContext": null
      },
      "start": 237,
      "end": 239,
      "loc": {
        "start": {
          "line": 6,
          "column": 47
        },
        "end": {
          "line": 6,
          "column": 49
        }
      }
    },
    {
      "type": {
        "label": "{",
        "beforeExpr": true,
        "startsExpr": true,
        "rightAssociative": false,
        "isLoop": false,
        "isAssign": false,
        "prefix": false,
        "postfix": false,
        "binop": null
      },
      "start": 240,
      "end": 241,
      "loc": {
        "start": {
          "line": 6,
          "column": 50
        },
        "end": {
          "line": 6,
          "column": 51
        }
      }
    },
    {
      "type": {
        "label": "name",
        "beforeExpr": false,
        "startsExpr": true,
        "rightAssociative": false,
        "isLoop": false,
        "isAssign": false,
        "prefix": false,
        "postfix": false,
        "binop": null
      },
      "value": "Harness",
      "start": 246,
      "end": 253,
      "loc": {
        "start": {
          "line": 7,
          "column": 4
        },
        "end": {
          "line": 7,
          "column": 11
        }
      }
    },
    {
      "type": {
        "label": ".",
        "beforeExpr": false,
        "startsExpr": false,
        "rightAssociative": false,
        "isLoop": false,
        "isAssign": false,
        "prefix": false,
        "postfix": false,
        "binop": null,
        "updateContext": null
      },
      "start": 253,
      "end": 254,
      "loc": {
        "start": {
          "line": 7,
          "column": 11
        },
        "end": {
          "line": 7,
          "column": 12
        }
      }
    },
    {
      "type": {
        "label": "name",
        "beforeExpr": false,
        "startsExpr": true,
        "rightAssociative": false,
        "isLoop": false,
        "isAssign": false,
        "prefix": false,
        "postfix": false,
        "binop": null
      },
      "value": "testCreate",
      "start": 254,
      "end": 264,
      "loc": {
        "start": {
          "line": 7,
          "column": 12
        },
        "end": {
          "line": 7,
          "column": 22
        }
      }
    },
    {
      "type": {
        "label": "(",
        "beforeExpr": true,
        "startsExpr": true,
        "rightAssociative": false,
        "isLoop": false,
        "isAssign": false,
        "prefix": false,
        "postfix": false,
        "binop": null
      },
      "start": 264,
      "end": 265,
      "loc": {
        "start": {
          "line": 7,
          "column": 22
        },
        "end": {
          "line": 7,
          "column": 23
        }
      }
    },
    {
      "type": {
        "label": "name",
        "beforeExpr": false,
        "startsExpr": true,
        "rightAssociative": false,
        "isLoop": false,
        "isAssign": false,
        "prefix": false,
        "postfix": false,
        "binop": null
      },
      "value": "HiddenComponent",
      "start": 265,
      "end": 280,
      "loc": {
        "start": {
          "line": 7,
          "column": 23
        },
        "end": {
          "line": 7,
          "column": 38
        }
      }
    },
    {
      "type": {
        "label": ",",
        "beforeExpr": true,
        "startsExpr": false,
        "rightAssociative": false,
        "isLoop": false,
        "isAssign": false,
        "prefix": false,
        "postfix": false,
        "binop": null,
        "updateContext": null
      },
      "start": 280,
      "end": 281,
      "loc": {
        "start": {
          "line": 7,
          "column": 38
        },
        "end": {
          "line": 7,
          "column": 39
        }
      }
    },
    {
      "type": {
        "label": "name",
        "beforeExpr": false,
        "startsExpr": true,
        "rightAssociative": false,
        "isLoop": false,
        "isAssign": false,
        "prefix": false,
        "postfix": false,
        "binop": null
      },
      "value": "comps",
      "start": 282,
      "end": 287,
      "loc": {
        "start": {
          "line": 7,
          "column": 40
        },
        "end": {
          "line": 7,
          "column": 45
        }
      }
    },
    {
      "type": {
        "label": ".",
        "beforeExpr": false,
        "startsExpr": false,
        "rightAssociative": false,
        "isLoop": false,
        "isAssign": false,
        "prefix": false,
        "postfix": false,
        "binop": null,
        "updateContext": null
      },
      "start": 287,
      "end": 288,
      "loc": {
        "start": {
          "line": 7,
          "column": 45
        },
        "end": {
          "line": 7,
          "column": 46
        }
      }
    },
    {
      "type": {
        "label": "name",
        "beforeExpr": false,
        "startsExpr": true,
        "rightAssociative": false,
        "isLoop": false,
        "isAssign": false,
        "prefix": false,
        "postfix": false,
        "binop": null
      },
      "value": "comp1",
      "start": 288,
      "end": 293,
      "loc": {
        "start": {
          "line": 7,
          "column": 46
        },
        "end": {
          "line": 7,
          "column": 51
        }
      }
    },
    {
      "type": {
        "label": ")",
        "beforeExpr": false,
        "startsExpr": false,
        "rightAssociative": false,
        "isLoop": false,
        "isAssign": false,
        "prefix": false,
        "postfix": false,
        "binop": null
      },
      "start": 293,
      "end": 294,
      "loc": {
        "start": {
          "line": 7,
          "column": 51
        },
        "end": {
          "line": 7,
          "column": 52
        }
      }
    },
    {
      "type": {
        "label": ".",
        "beforeExpr": false,
        "startsExpr": false,
        "rightAssociative": false,
        "isLoop": false,
        "isAssign": false,
        "prefix": false,
        "postfix": false,
        "binop": null,
        "updateContext": null
      },
      "start": 294,
      "end": 295,
      "loc": {
        "start": {
          "line": 7,
          "column": 52
        },
        "end": {
          "line": 7,
          "column": 53
        }
      }
    },
    {
      "type": {
        "label": "name",
        "beforeExpr": false,
        "startsExpr": true,
        "rightAssociative": false,
        "isLoop": false,
        "isAssign": false,
        "prefix": false,
        "postfix": false,
        "binop": null
      },
      "value": "then",
      "start": 295,
      "end": 299,
      "loc": {
        "start": {
          "line": 7,
          "column": 53
        },
        "end": {
          "line": 7,
          "column": 57
        }
      }
    },
    {
      "type": {
        "label": "(",
        "beforeExpr": true,
        "startsExpr": true,
        "rightAssociative": false,
        "isLoop": false,
        "isAssign": false,
        "prefix": false,
        "postfix": false,
        "binop": null
      },
      "start": 299,
      "end": 300,
      "loc": {
        "start": {
          "line": 7,
          "column": 57
        },
        "end": {
          "line": 7,
          "column": 58
        }
      }
    },
    {
      "type": {
        "label": "(",
        "beforeExpr": true,
        "startsExpr": true,
        "rightAssociative": false,
        "isLoop": false,
        "isAssign": false,
        "prefix": false,
        "postfix": false,
        "binop": null
      },
      "start": 300,
      "end": 301,
      "loc": {
        "start": {
          "line": 7,
          "column": 58
        },
        "end": {
          "line": 7,
          "column": 59
        }
      }
    },
    {
      "type": {
        "label": "name",
        "beforeExpr": false,
        "startsExpr": true,
        "rightAssociative": false,
        "isLoop": false,
        "isAssign": false,
        "prefix": false,
        "postfix": false,
        "binop": null
      },
      "value": "component",
      "start": 301,
      "end": 310,
      "loc": {
        "start": {
          "line": 7,
          "column": 59
        },
        "end": {
          "line": 7,
          "column": 68
        }
      }
    },
    {
      "type": {
        "label": ")",
        "beforeExpr": false,
        "startsExpr": false,
        "rightAssociative": false,
        "isLoop": false,
        "isAssign": false,
        "prefix": false,
        "postfix": false,
        "binop": null
      },
      "start": 310,
      "end": 311,
      "loc": {
        "start": {
          "line": 7,
          "column": 68
        },
        "end": {
          "line": 7,
          "column": 69
        }
      }
    },
    {
      "type": {
        "label": "=>",
        "beforeExpr": true,
        "startsExpr": false,
        "rightAssociative": false,
        "isLoop": false,
        "isAssign": false,
        "prefix": false,
        "postfix": false,
        "binop": null,
        "updateContext": null
      },
      "start": 312,
      "end": 314,
      "loc": {
        "start": {
          "line": 7,
          "column": 70
        },
        "end": {
          "line": 7,
          "column": 72
        }
      }
    },
    {
      "type": {
        "label": "{",
        "beforeExpr": true,
        "startsExpr": true,
        "rightAssociative": false,
        "isLoop": false,
        "isAssign": false,
        "prefix": false,
        "postfix": false,
        "binop": null
      },
      "start": 315,
      "end": 316,
      "loc": {
        "start": {
          "line": 7,
          "column": 73
        },
        "end": {
          "line": 7,
          "column": 74
        }
      }
    },
    {
      "type": {
        "label": "name",
        "beforeExpr": false,
        "startsExpr": true,
        "rightAssociative": false,
        "isLoop": false,
        "isAssign": false,
        "prefix": false,
        "postfix": false,
        "binop": null
      },
      "value": "done",
      "start": 323,
      "end": 327,
      "loc": {
        "start": {
          "line": 8,
          "column": 6
        },
        "end": {
          "line": 8,
          "column": 10
        }
      }
    },
    {
      "type": {
        "label": "(",
        "beforeExpr": true,
        "startsExpr": true,
        "rightAssociative": false,
        "isLoop": false,
        "isAssign": false,
        "prefix": false,
        "postfix": false,
        "binop": null
      },
      "start": 327,
      "end": 328,
      "loc": {
        "start": {
          "line": 8,
          "column": 10
        },
        "end": {
          "line": 8,
          "column": 11
        }
      }
    },
    {
      "type": {
        "label": ")",
        "beforeExpr": false,
        "startsExpr": false,
        "rightAssociative": false,
        "isLoop": false,
        "isAssign": false,
        "prefix": false,
        "postfix": false,
        "binop": null
      },
      "start": 328,
      "end": 329,
      "loc": {
        "start": {
          "line": 8,
          "column": 11
        },
        "end": {
          "line": 8,
          "column": 12
        }
      }
    },
    {
      "type": {
        "label": ";",
        "beforeExpr": true,
        "startsExpr": false,
        "rightAssociative": false,
        "isLoop": false,
        "isAssign": false,
        "prefix": false,
        "postfix": false,
        "binop": null,
        "updateContext": null
      },
      "start": 329,
      "end": 330,
      "loc": {
        "start": {
          "line": 8,
          "column": 12
        },
        "end": {
          "line": 8,
          "column": 13
        }
      }
    },
    {
      "type": {
        "label": "}",
        "beforeExpr": false,
        "startsExpr": false,
        "rightAssociative": false,
        "isLoop": false,
        "isAssign": false,
        "prefix": false,
        "postfix": false,
        "binop": null
      },
      "start": 335,
      "end": 336,
      "loc": {
        "start": {
          "line": 9,
          "column": 4
        },
        "end": {
          "line": 9,
          "column": 5
        }
      }
    },
    {
      "type": {
        "label": ")",
        "beforeExpr": false,
        "startsExpr": false,
        "rightAssociative": false,
        "isLoop": false,
        "isAssign": false,
        "prefix": false,
        "postfix": false,
        "binop": null
      },
      "start": 336,
      "end": 337,
      "loc": {
        "start": {
          "line": 9,
          "column": 5
        },
        "end": {
          "line": 9,
          "column": 6
        }
      }
    },
    {
      "type": {
        "label": ";",
        "beforeExpr": true,
        "startsExpr": false,
        "rightAssociative": false,
        "isLoop": false,
        "isAssign": false,
        "prefix": false,
        "postfix": false,
        "binop": null,
        "updateContext": null
      },
      "start": 337,
      "end": 338,
      "loc": {
        "start": {
          "line": 9,
          "column": 6
        },
        "end": {
          "line": 9,
          "column": 7
        }
      }
    },
    {
      "type": {
        "label": "}",
        "beforeExpr": false,
        "startsExpr": false,
        "rightAssociative": false,
        "isLoop": false,
        "isAssign": false,
        "prefix": false,
        "postfix": false,
        "binop": null
      },
      "start": 341,
      "end": 342,
      "loc": {
        "start": {
          "line": 10,
          "column": 2
        },
        "end": {
          "line": 10,
          "column": 3
        }
      }
    },
    {
      "type": {
        "label": ")",
        "beforeExpr": false,
        "startsExpr": false,
        "rightAssociative": false,
        "isLoop": false,
        "isAssign": false,
        "prefix": false,
        "postfix": false,
        "binop": null
      },
      "start": 342,
      "end": 343,
      "loc": {
        "start": {
          "line": 10,
          "column": 3
        },
        "end": {
          "line": 10,
          "column": 4
        }
      }
    },
    {
      "type": {
        "label": ";",
        "beforeExpr": true,
        "startsExpr": false,
        "rightAssociative": false,
        "isLoop": false,
        "isAssign": false,
        "prefix": false,
        "postfix": false,
        "binop": null,
        "updateContext": null
      },
      "start": 343,
      "end": 344,
      "loc": {
        "start": {
          "line": 10,
          "column": 4
        },
        "end": {
          "line": 10,
          "column": 5
        }
      }
    },
    {
      "type": {
        "label": "}",
        "beforeExpr": false,
        "startsExpr": false,
        "rightAssociative": false,
        "isLoop": false,
        "isAssign": false,
        "prefix": false,
        "postfix": false,
        "binop": null
      },
      "start": 345,
      "end": 346,
      "loc": {
        "start": {
          "line": 11,
          "column": 0
        },
        "end": {
          "line": 11,
          "column": 1
        }
      }
    },
    {
      "type": {
        "label": ")",
        "beforeExpr": false,
        "startsExpr": false,
        "rightAssociative": false,
        "isLoop": false,
        "isAssign": false,
        "prefix": false,
        "postfix": false,
        "binop": null
      },
      "start": 346,
      "end": 347,
      "loc": {
        "start": {
          "line": 11,
          "column": 1
        },
        "end": {
          "line": 11,
          "column": 2
        }
      }
    },
    {
      "type": {
        "label": ";",
        "beforeExpr": true,
        "startsExpr": false,
        "rightAssociative": false,
        "isLoop": false,
        "isAssign": false,
        "prefix": false,
        "postfix": false,
        "binop": null,
        "updateContext": null
      },
      "start": 347,
      "end": 348,
      "loc": {
        "start": {
          "line": 11,
          "column": 2
        },
        "end": {
          "line": 11,
          "column": 3
        }
      }
    },
    {
      "type": {
        "label": "eof",
        "beforeExpr": false,
        "startsExpr": false,
        "rightAssociative": false,
        "isLoop": false,
        "isAssign": false,
        "prefix": false,
        "postfix": false,
        "binop": null,
        "updateContext": null
      },
      "start": 349,
      "end": 349,
      "loc": {
        "start": {
          "line": 12,
          "column": 0
        },
        "end": {
          "line": 12,
          "column": 0
        }
      }
    }
  ]
}