{
  "type": "File",
  "start": 0,
  "end": 391,
  "loc": {
    "start": {
      "line": 1,
      "column": 0
    },
    "end": {
      "line": 12,
      "column": 0
    }
  },
  "program": {
    "type": "Program",
    "start": 0,
    "end": 391,
    "loc": {
      "start": {
        "line": 1,
        "column": 0
      },
      "end": {
        "line": 12,
        "column": 0
      }
    },
    "sourceType": "module",
    "body": [
      {
        "type": "ImportDeclaration",
        "start": 14,
        "end": 69,
        "loc": {
          "start": {
            "line": 2,
            "column": 0
          },
          "end": {
            "line": 2,
            "column": 55
          }
        },
        "specifiers": [
          {
            "type": "ImportDefaultSpecifier",
            "start": 21,
            "end": 44,
            "loc": {
              "start": {
                "line": 2,
                "column": 7
              },
              "end": {
                "line": 2,
                "column": 30
              }
            },
            "local": {
              "type": "Identifier",
              "start": 21,
              "end": 44,
              "loc": {
                "start": {
                  "line": 2,
                  "column": 7
                },
                "end": {
                  "line": 2,
                  "column": 30
                },
                "identifierName": "StripeCheckoutComponent"
              },
              "name": "StripeCheckoutComponent"
            }
          }
        ],
        "source": {
          "type": "StringLiteral",
          "start": 50,
          "end": 68,
          "loc": {
            "start": {
              "line": 2,
              "column": 36
            },
            "end": {
              "line": 2,
              "column": 54
            }
          },
          "extra": {
            "rawValue": "./StripeCheckout",
            "raw": "'./StripeCheckout'"
          },
          "value": "./StripeCheckout"
        }
      },
      {
        "type": "ImportDeclaration",
        "start": 70,
        "end": 123,
        "loc": {
          "start": {
            "line": 3,
            "column": 0
          },
          "end": {
            "line": 3,
            "column": 53
          }
        },
        "specifiers": [
          {
            "type": "ImportSpecifier",
            "start": 78,
            "end": 97,
            "loc": {
              "start": {
                "line": 3,
                "column": 8
              },
              "end": {
                "line": 3,
                "column": 27
              }
            },
            "imported": {
              "type": "Identifier",
              "start": 78,
              "end": 88,
              "loc": {
                "start": {
                  "line": 3,
                  "column": 8
                },
                "end": {
                  "line": 3,
                  "column": 18
                },
                "identifierName": "components"
              },
              "name": "components"
            },
            "local": {
              "type": "Identifier",
              "start": 92,
              "end": 97,
              "loc": {
                "start": {
                  "line": 3,
                  "column": 22
                },
                "end": {
                  "line": 3,
                  "column": 27
                },
                "identifierName": "comps"
              },
              "name": "comps"
            }
          }
        ],
        "source": {
          "type": "StringLiteral",
          "start": 104,
          "end": 122,
          "loc": {
            "start": {
              "line": 3,
              "column": 34
            },
            "end": {
              "line": 3,
              "column": 52
            }
          },
          "extra": {
            "rawValue": "./fixtures/index",
            "raw": "'./fixtures/index'"
          },
          "value": "./fixtures/index"
        }
      },
      {
        "type": "ImportDeclaration",
        "start": 124,
        "end": 171,
        "loc": {
          "start": {
            "line": 4,
            "column": 0
          },
          "end": {
            "line": 4,
            "column": 47
          }
        },
        "specifiers": [
          {
            "type": "ImportDefaultSpecifier",
            "start": 131,
            "end": 138,
            "loc": {
              "start": {
                "line": 4,
                "column": 7
              },
              "end": {
                "line": 4,
                "column": 14
              }
            },
            "local": {
              "type": "Identifier",
              "start": 131,
              "end": 138,
              "loc": {
                "start": {
                  "line": 4,
                  "column": 7
                },
                "end": {
                  "line": 4,
                  "column": 14
                },
                "identifierName": "Harness"
              },
              "name": "Harness"
            }
          }
        ],
        "source": {
          "type": "StringLiteral",
          "start": 144,
          "end": 170,
          "loc": {
            "start": {
              "line": 4,
              "column": 20
            },
            "end": {
              "line": 4,
              "column": 46
            }
          },
          "extra": {
            "rawValue": "../../../../test/harness",
            "raw": "'../../../../test/harness'"
          },
          "value": "../../../../test/harness"
        }
      },
      {
        "type": "ExpressionStatement",
        "start": 172,
        "end": 390,
        "loc": {
          "start": {
            "line": 5,
            "column": 0
          },
          "end": {
            "line": 11,
            "column": 3
          }
        },
        "expression": {
          "type": "CallExpression",
          "start": 172,
          "end": 389,
          "loc": {
            "start": {
              "line": 5,
              "column": 0
            },
            "end": {
              "line": 11,
              "column": 2
            }
          },
          "callee": {
            "type": "Identifier",
            "start": 172,
            "end": 180,
            "loc": {
              "start": {
                "line": 5,
                "column": 0
              },
              "end": {
                "line": 5,
                "column": 8
              },
              "identifierName": "describe"
            },
            "name": "describe"
          },
          "arguments": [
            {
              "type": "StringLiteral",
              "start": 181,
              "end": 207,
              "loc": {
                "start": {
                  "line": 5,
                  "column": 9
                },
                "end": {
                  "line": 5,
                  "column": 35
                }
              },
              "extra": {
                "rawValue": "StripeCheckout Component",
                "raw": "'StripeCheckout Component'"
              },
              "value": "StripeCheckout Component"
            },
            {
              "type": "ArrowFunctionExpression",
              "start": 209,
              "end": 388,
              "loc": {
                "start": {
                  "line": 5,
                  "column": 37
                },
                "end": {
                  "line": 11,
                  "column": 1
                }
              },
              "id": null,
              "generator": false,
              "expression": false,
              "async": false,
              "params": [],
              "body": {
                "type": "BlockStatement",
                "start": 215,
                "end": 388,
                "loc": {
                  "start": {
                    "line": 5,
                    "column": 43
                  },
                  "end": {
                    "line": 11,
                    "column": 1
                  }
                },
                "body": [
                  {
                    "type": "ExpressionStatement",
                    "start": 219,
                    "end": 386,
                    "loc": {
                      "start": {
                        "line": 6,
                        "column": 2
                      },
                      "end": {
                        "line": 10,
                        "column": 5
                      }
                    },
                    "expression": {
                      "type": "CallExpression",
                      "start": 219,
                      "end": 385,
                      "loc": {
                        "start": {
                          "line": 6,
                          "column": 2
                        },
                        "end": {
                          "line": 10,
                          "column": 4
                        }
                      },
                      "callee": {
                        "type": "Identifier",
                        "start": 219,
                        "end": 221,
                        "loc": {
                          "start": {
                            "line": 6,
                            "column": 2
                          },
                          "end": {
                            "line": 6,
                            "column": 4
                          },
                          "identifierName": "it"
                        },
                        "name": "it"
                      },
                      "arguments": [
                        {
                          "type": "StringLiteral",
                          "start": 222,
                          "end": 264,
                          "loc": {
                            "start": {
                              "line": 6,
                              "column": 5
                            },
                            "end": {
                              "line": 6,
                              "column": 47
                            }
                          },
                          "extra": {
                            "rawValue": "Should build an stripeCheckout component",
                            "raw": "'Should build an stripeCheckout component'"
                          },
                          "value": "Should build an stripeCheckout component"
                        },
                        {
                          "type": "ArrowFunctionExpression",
                          "start": 266,
                          "end": 384,
                          "loc": {
                            "start": {
                              "line": 6,
                              "column": 49
                            },
                            "end": {
                              "line": 10,
                              "column": 3
                            }
                          },
                          "id": null,
                          "generator": false,
                          "expression": false,
                          "async": false,
                          "params": [
                            {
                              "type": "Identifier",
                              "start": 267,
                              "end": 271,
                              "loc": {
                                "start": {
                                  "line": 6,
                                  "column": 50
                                },
                                "end": {
                                  "line": 6,
                                  "column": 54
                                },
                                "identifierName": "done"
                              },
                              "name": "done"
                            }
                          ],
                          "body": {
                            "type": "BlockStatement",
                            "start": 276,
                            "end": 384,
                            "loc": {
                              "start": {
                                "line": 6,
                                "column": 59
                              },
                              "end": {
                                "line": 10,
                                "column": 3
                              }
                            },
                            "body": [
                              {
                                "type": "ExpressionStatement",
                                "start": 282,
                                "end": 380,
                                "loc": {
                                  "start": {
                                    "line": 7,
                                    "column": 4
                                  },
                                  "end": {
                                    "line": 9,
                                    "column": 5
                                  }
                                },
                                "expression": {
                                  "type": "CallExpression",
                                  "start": 282,
                                  "end": 379,
                                  "loc": {
                                    "start": {
                                      "line": 7,
                                      "column": 4
                                    },
                                    "end": {
                                      "line": 9,
                                      "column": 4
                                    }
                                  },
                                  "callee": {
                                    "type": "MemberExpression",
                                    "start": 282,
                                    "end": 343,
                                    "loc": {
                                      "start": {
                                        "line": 7,
                                        "column": 4
                                      },
                                      "end": {
                                        "line": 7,
                                        "column": 65
                                      }
                                    },
                                    "object": {
                                      "type": "CallExpression",
                                      "start": 282,
                                      "end": 338,
                                      "loc": {
                                        "start": {
                                          "line": 7,
                                          "column": 4
                                        },
                                        "end": {
                                          "line": 7,
                                          "column": 60
                                        }
                                      },
                                      "callee": {
                                        "type": "MemberExpression",
                                        "start": 282,
                                        "end": 300,
                                        "loc": {
                                          "start": {
                                            "line": 7,
                                            "column": 4
                                          },
                                          "end": {
                                            "line": 7,
                                            "column": 22
                                          }
                                        },
                                        "object": {
                                          "type": "Identifier",
                                          "start": 282,
                                          "end": 289,
                                          "loc": {
                                            "start": {
                                              "line": 7,
                                              "column": 4
                                            },
                                            "end": {
                                              "line": 7,
                                              "column": 11
                                            },
                                            "identifierName": "Harness"
                                          },
                                          "name": "Harness"
                                        },
                                        "property": {
                                          "type": "Identifier",
                                          "start": 290,
                                          "end": 300,
                                          "loc": {
                                            "start": {
                                              "line": 7,
                                              "column": 12
                                            },
                                            "end": {
                                              "line": 7,
                                              "column": 22
                                            },
                                            "identifierName": "testCreate"
                                          },
                                          "name": "testCreate"
                                        },
                                        "computed": false
                                      },
                                      "arguments": [
                                        {
                                          "type": "Identifier",
                                          "start": 301,
                                          "end": 324,
                                          "loc": {
                                            "start": {
                                              "line": 7,
                                              "column": 23
                                            },
                                            "end": {
                                              "line": 7,
                                              "column": 46
                                            },
                                            "identifierName": "StripeCheckoutComponent"
                                          },
                                          "name": "StripeCheckoutComponent"
                                        },
                                        {
                                          "type": "MemberExpression",
                                          "start": 326,
                                          "end": 337,
                                          "loc": {
                                            "start": {
                                              "line": 7,
                                              "column": 48
                                            },
                                            "end": {
                                              "line": 7,
                                              "column": 59
                                            }
                                          },
                                          "object": {
                                            "type": "Identifier",
                                            "start": 326,
                                            "end": 331,
                                            "loc": {
                                              "start": {
                                                "line": 7,
                                                "column": 48
                                              },
                                              "end": {
                                                "line": 7,
                                                "column": 53
                                              },
                                              "identifierName": "comps"
                                            },
                                            "name": "comps"
                                          },
                                          "property": {
                                            "type": "Identifier",
                                            "start": 332,
                                            "end": 337,
                                            "loc": {
                                              "start": {
                                                "line": 7,
                                                "column": 54
                                              },
                                              "end": {
                                                "line": 7,
                                                "column": 59
                                              },
                                              "identifierName": "comp1"
                                            },
                                            "name": "comp1"
                                          },
                                          "computed": false
                                        }
                                      ]
                                    },
                                    "property": {
                                      "type": "Identifier",
                                      "start": 339,
                                      "end": 343,
                                      "loc": {
                                        "start": {
                                          "line": 7,
                                          "column": 61
                                        },
                                        "end": {
                                          "line": 7,
                                          "column": 65
                                        },
                                        "identifierName": "then"
                                      },
                                      "name": "then"
                                    },
                                    "computed": false
                                  },
                                  "arguments": [
                                    {
                                      "type": "ArrowFunctionExpression",
                                      "start": 344,
                                      "end": 378,
                                      "loc": {
                                        "start": {
                                          "line": 7,
                                          "column": 66
                                        },
                                        "end": {
                                          "line": 9,
                                          "column": 3
                                        }
                                      },
                                      "id": null,
                                      "generator": false,
                                      "expression": false,
                                      "async": false,
                                      "params": [
                                        {
                                          "type": "Identifier",
                                          "start": 345,
                                          "end": 354,
                                          "loc": {
                                            "start": {
                                              "line": 7,
                                              "column": 67
                                            },
                                            "end": {
                                              "line": 7,
                                              "column": 76
                                            },
                                            "identifierName": "component"
                                          },
                                          "name": "component"
                                        }
                                      ],
                                      "body": {
                                        "type": "BlockStatement",
                                        "start": 359,
                                        "end": 378,
                                        "loc": {
                                          "start": {
                                            "line": 7,
                                            "column": 81
                                          },
                                          "end": {
                                            "line": 9,
                                            "column": 3
                                          }
                                        },
                                        "body": [
                                          {
                                            "type": "ExpressionStatement",
                                            "start": 367,
                                            "end": 374,
                                            "loc": {
                                              "start": {
                                                "line": 8,
                                                "column": 6
                                              },
                                              "end": {
                                                "line": 8,
                                                "column": 13
                                              }
                                            },
                                            "expression": {
                                              "type": "CallExpression",
                                              "start": 367,
                                              "end": 373,
                                              "loc": {
                                                "start": {
                                                  "line": 8,
                                                  "column": 6
                                                },
                                                "end": {
                                                  "line": 8,
                                                  "column": 12
                                                }
                                              },
                                              "callee": {
                                                "type": "Identifier",
                                                "start": 367,
                                                "end": 371,
                                                "loc": {
                                                  "start": {
                                                    "line": 8,
                                                    "column": 6
                                                  },
                                                  "end": {
                                                    "line": 8,
                                                    "column": 10
                                                  },
                                                  "identifierName": "done"
                                                },
                                                "name": "done"
                                              },
                                              "arguments": []
                                            }
                                          }
                                        ],
                                        "directives": []
                                      }
                                    }
                                  ]
                                }
                              }
                            ],
                            "directives": []
                          }
                        }
                      ]
                    }
                  }
                ],
                "directives": []
              }
            }
          ]
        }
      }
    ],
    "directives": [
      {
        "type": "Directive",
        "start": 0,
        "end": 13,
        "loc": {
          "start": {
            "line": 1,
            "column": 0
          },
          "end": {
            "line": 1,
            "column": 13
          }
        },
        "value": {
          "type": "DirectiveLiteral",
          "start": 0,
          "end": 12,
          "loc": {
            "start": {
              "line": 1,
              "column": 0
            },
            "end": {
              "line": 1,
              "column": 12
            }
          },
          "value": "use strict",
          "extra": {
            "raw": "'use strict'",
            "rawValue": "use strict"
          }
        }
      }
    ]
  },
  "comments": [],
  "tokens": [
    {
      "type": {
        "label": "string",
        "beforeExpr": false,
        "startsExpr": true,
        "rightAssociative": false,
        "isLoop": false,
        "isAssign": false,
        "prefix": false,
        "postfix": false,
        "binop": null,
        "updateContext": null
      },
      "value": "use strict",
      "start": 0,
      "end": 12,
      "loc": {
        "start": {
          "line": 1,
          "column": 0
        },
        "end": {
          "line": 1,
          "column": 12
        }
      }
    },
    {
      "type": {
        "label": ";",
        "beforeExpr": true,
        "startsExpr": false,
        "rightAssociative": false,
        "isLoop": false,
        "isAssign": false,
        "prefix": false,
        "postfix": false,
        "binop": null,
        "updateContext": null
      },
      "start": 12,
      "end": 13,
      "loc": {
        "start": {
          "line": 1,
          "column": 12
        },
        "end": {
          "line": 1,
          "column": 13
        }
      }
    },
    {
      "type": {
        "label": "import",
        "keyword": "import",
        "beforeExpr": false,
        "startsExpr": true,
        "rightAssociative": false,
        "isLoop": false,
        "isAssign": false,
        "prefix": false,
        "postfix": false,
        "binop": null,
        "updateContext": null
      },
      "value": "import",
      "start": 14,
      "end": 20,
      "loc": {
        "start": {
          "line": 2,
          "column": 0
        },
        "end": {
          "line": 2,
          "column": 6
        }
      }
    },
    {
      "type": {
        "label": "name",
        "beforeExpr": false,
        "startsExpr": true,
        "rightAssociative": false,
        "isLoop": false,
        "isAssign": false,
        "prefix": false,
        "postfix": false,
        "binop": null
      },
      "value": "StripeCheckoutComponent",
      "start": 21,
      "end": 44,
      "loc": {
        "start": {
          "line": 2,
          "column": 7
        },
        "end": {
          "line": 2,
          "column": 30
        }
      }
    },
    {
      "type": {
        "label": "name",
        "beforeExpr": false,
        "startsExpr": true,
        "rightAssociative": false,
        "isLoop": false,
        "isAssign": false,
        "prefix": false,
        "postfix": false,
        "binop": null
      },
      "value": "from",
      "start": 45,
      "end": 49,
      "loc": {
        "start": {
          "line": 2,
          "column": 31
        },
        "end": {
          "line": 2,
          "column": 35
        }
      }
    },
    {
      "type": {
        "label": "string",
        "beforeExpr": false,
        "startsExpr": true,
        "rightAssociative": false,
        "isLoop": false,
        "isAssign": false,
        "prefix": false,
        "postfix": false,
        "binop": null,
        "updateContext": null
      },
      "value": "./StripeCheckout",
      "start": 50,
      "end": 68,
      "loc": {
        "start": {
          "line": 2,
          "column": 36
        },
        "end": {
          "line": 2,
          "column": 54
        }
      }
    },
    {
      "type": {
        "label": ";",
        "beforeExpr": true,
        "startsExpr": false,
        "rightAssociative": false,
        "isLoop": false,
        "isAssign": false,
        "prefix": false,
        "postfix": false,
        "binop": null,
        "updateContext": null
      },
      "start": 68,
      "end": 69,
      "loc": {
        "start": {
          "line": 2,
          "column": 54
        },
        "end": {
          "line": 2,
          "column": 55
        }
      }
    },
    {
      "type": {
        "label": "import",
        "keyword": "import",
        "beforeExpr": false,
        "startsExpr": true,
        "rightAssociative": false,
        "isLoop": false,
        "isAssign": false,
        "prefix": false,
        "postfix": false,
        "binop": null,
        "updateContext": null
      },
      "value": "import",
      "start": 70,
      "end": 76,
      "loc": {
        "start": {
          "line": 3,
          "column": 0
        },
        "end": {
          "line": 3,
          "column": 6
        }
      }
    },
    {
      "type": {
        "label": "{",
        "beforeExpr": true,
        "startsExpr": true,
        "rightAssociative": false,
        "isLoop": false,
        "isAssign": false,
        "prefix": false,
        "postfix": false,
        "binop": null
      },
      "start": 77,
      "end": 78,
      "loc": {
        "start": {
          "line": 3,
          "column": 7
        },
        "end": {
          "line": 3,
          "column": 8
        }
      }
    },
    {
      "type": {
        "label": "name",
        "beforeExpr": false,
        "startsExpr": true,
        "rightAssociative": false,
        "isLoop": false,
        "isAssign": false,
        "prefix": false,
        "postfix": false,
        "binop": null
      },
      "value": "components",
      "start": 78,
      "end": 88,
      "loc": {
        "start": {
          "line": 3,
          "column": 8
        },
        "end": {
          "line": 3,
          "column": 18
        }
      }
    },
    {
      "type": {
        "label": "name",
        "beforeExpr": false,
        "startsExpr": true,
        "rightAssociative": false,
        "isLoop": false,
        "isAssign": false,
        "prefix": false,
        "postfix": false,
        "binop": null
      },
      "value": "as",
      "start": 89,
      "end": 91,
      "loc": {
        "start": {
          "line": 3,
          "column": 19
        },
        "end": {
          "line": 3,
          "column": 21
        }
      }
    },
    {
      "type": {
        "label": "name",
        "beforeExpr": false,
        "startsExpr": true,
        "rightAssociative": false,
        "isLoop": false,
        "isAssign": false,
        "prefix": false,
        "postfix": false,
        "binop": null
      },
      "value": "comps",
      "start": 92,
      "end": 97,
      "loc": {
        "start": {
          "line": 3,
          "column": 22
        },
        "end": {
          "line": 3,
          "column": 27
        }
      }
    },
    {
      "type": {
        "label": "}",
        "beforeExpr": false,
        "startsExpr": false,
        "rightAssociative": false,
        "isLoop": false,
        "isAssign": false,
        "prefix": false,
        "postfix": false,
        "binop": null
      },
      "start": 97,
      "end": 98,
      "loc": {
        "start": {
          "line": 3,
          "column": 27
        },
        "end": {
          "line": 3,
          "column": 28
        }
      }
    },
    {
      "type": {
        "label": "name",
        "beforeExpr": false,
        "startsExpr": true,
        "rightAssociative": false,
        "isLoop": false,
        "isAssign": false,
        "prefix": false,
        "postfix": false,
        "binop": null
      },
      "value": "from",
      "start": 99,
      "end": 103,
      "loc": {
        "start": {
          "line": 3,
          "column": 29
        },
        "end": {
          "line": 3,
          "column": 33
        }
      }
    },
    {
      "type": {
        "label": "string",
        "beforeExpr": false,
        "startsExpr": true,
        "rightAssociative": false,
        "isLoop": false,
        "isAssign": false,
        "prefix": false,
        "postfix": false,
        "binop": null,
        "updateContext": null
      },
      "value": "./fixtures/index",
      "start": 104,
      "end": 122,
      "loc": {
        "start": {
          "line": 3,
          "column": 34
        },
        "end": {
          "line": 3,
          "column": 52
        }
      }
    },
    {
      "type": {
        "label": ";",
        "beforeExpr": true,
        "startsExpr": false,
        "rightAssociative": false,
        "isLoop": false,
        "isAssign": false,
        "prefix": false,
        "postfix": false,
        "binop": null,
        "updateContext": null
      },
      "start": 122,
      "end": 123,
      "loc": {
        "start": {
          "line": 3,
          "column": 52
        },
        "end": {
          "line": 3,
          "column": 53
        }
      }
    },
    {
      "type": {
        "label": "import",
        "keyword": "import",
        "beforeExpr": false,
        "startsExpr": true,
        "rightAssociative": false,
        "isLoop": false,
        "isAssign": false,
        "prefix": false,
        "postfix": false,
        "binop": null,
        "updateContext": null
      },
      "value": "import",
      "start": 124,
      "end": 130,
      "loc": {
        "start": {
          "line": 4,
          "column": 0
        },
        "end": {
          "line": 4,
          "column": 6
        }
      }
    },
    {
      "type": {
        "label": "name",
        "beforeExpr": false,
        "startsExpr": true,
        "rightAssociative": false,
        "isLoop": false,
        "isAssign": false,
        "prefix": false,
        "postfix": false,
        "binop": null
      },
      "value": "Harness",
      "start": 131,
      "end": 138,
      "loc": {
        "start": {
          "line": 4,
          "column": 7
        },
        "end": {
          "line": 4,
          "column": 14
        }
      }
    },
    {
      "type": {
        "label": "name",
        "beforeExpr": false,
        "startsExpr": true,
        "rightAssociative": false,
        "isLoop": false,
        "isAssign": false,
        "prefix": false,
        "postfix": false,
        "binop": null
      },
      "value": "from",
      "start": 139,
      "end": 143,
      "loc": {
        "start": {
          "line": 4,
          "column": 15
        },
        "end": {
          "line": 4,
          "column": 19
        }
      }
    },
    {
      "type": {
        "label": "string",
        "beforeExpr": false,
        "startsExpr": true,
        "rightAssociative": false,
        "isLoop": false,
        "isAssign": false,
        "prefix": false,
        "postfix": false,
        "binop": null,
        "updateContext": null
      },
      "value": "../../../../test/harness",
      "start": 144,
      "end": 170,
      "loc": {
        "start": {
          "line": 4,
          "column": 20
        },
        "end": {
          "line": 4,
          "column": 46
        }
      }
    },
    {
      "type": {
        "label": ";",
        "beforeExpr": true,
        "startsExpr": false,
        "rightAssociative": false,
        "isLoop": false,
        "isAssign": false,
        "prefix": false,
        "postfix": false,
        "binop": null,
        "updateContext": null
      },
      "start": 170,
      "end": 171,
      "loc": {
        "start": {
          "line": 4,
          "column": 46
        },
        "end": {
          "line": 4,
          "column": 47
        }
      }
    },
    {
      "type": {
        "label": "name",
        "beforeExpr": false,
        "startsExpr": true,
        "rightAssociative": false,
        "isLoop": false,
        "isAssign": false,
        "prefix": false,
        "postfix": false,
        "binop": null
      },
      "value": "describe",
      "start": 172,
      "end": 180,
      "loc": {
        "start": {
          "line": 5,
          "column": 0
        },
        "end": {
          "line": 5,
          "column": 8
        }
      }
    },
    {
      "type": {
        "label": "(",
        "beforeExpr": true,
        "startsExpr": true,
        "rightAssociative": false,
        "isLoop": false,
        "isAssign": false,
        "prefix": false,
        "postfix": false,
        "binop": null
      },
      "start": 180,
      "end": 181,
      "loc": {
        "start": {
          "line": 5,
          "column": 8
        },
        "end": {
          "line": 5,
          "column": 9
        }
      }
    },
    {
      "type": {
        "label": "string",
        "beforeExpr": false,
        "startsExpr": true,
        "rightAssociative": false,
        "isLoop": false,
        "isAssign": false,
        "prefix": false,
        "postfix": false,
        "binop": null,
        "updateContext": null
      },
      "value": "StripeCheckout Component",
      "start": 181,
      "end": 207,
      "loc": {
        "start": {
          "line": 5,
          "column": 9
        },
        "end": {
          "line": 5,
          "column": 35
        }
      }
    },
    {
      "type": {
        "label": ",",
        "beforeExpr": true,
        "startsExpr": false,
        "rightAssociative": false,
        "isLoop": false,
        "isAssign": false,
        "prefix": false,
        "postfix": false,
        "binop": null,
        "updateContext": null
      },
      "start": 207,
      "end": 208,
      "loc": {
        "start": {
          "line": 5,
          "column": 35
        },
        "end": {
          "line": 5,
          "column": 36
        }
      }
    },
    {
      "type": {
        "label": "(",
        "beforeExpr": true,
        "startsExpr": true,
        "rightAssociative": false,
        "isLoop": false,
        "isAssign": false,
        "prefix": false,
        "postfix": false,
        "binop": null
      },
      "start": 209,
      "end": 210,
      "loc": {
        "start": {
          "line": 5,
          "column": 37
        },
        "end": {
          "line": 5,
          "column": 38
        }
      }
    },
    {
      "type": {
        "label": ")",
        "beforeExpr": false,
        "startsExpr": false,
        "rightAssociative": false,
        "isLoop": false,
        "isAssign": false,
        "prefix": false,
        "postfix": false,
        "binop": null
      },
      "start": 210,
      "end": 211,
      "loc": {
        "start": {
          "line": 5,
          "column": 38
        },
        "end": {
          "line": 5,
          "column": 39
        }
      }
    },
    {
      "type": {
        "label": "=>",
        "beforeExpr": true,
        "startsExpr": false,
        "rightAssociative": false,
        "isLoop": false,
        "isAssign": false,
        "prefix": false,
        "postfix": false,
        "binop": null,
        "updateContext": null
      },
      "start": 212,
      "end": 214,
      "loc": {
        "start": {
          "line": 5,
          "column": 40
        },
        "end": {
          "line": 5,
          "column": 42
        }
      }
    },
    {
      "type": {
        "label": "{",
        "beforeExpr": true,
        "startsExpr": true,
        "rightAssociative": false,
        "isLoop": false,
        "isAssign": false,
        "prefix": false,
        "postfix": false,
        "binop": null
      },
      "start": 215,
      "end": 216,
      "loc": {
        "start": {
          "line": 5,
          "column": 43
        },
        "end": {
          "line": 5,
          "column": 44
        }
      }
    },
    {
      "type": {
        "label": "name",
        "beforeExpr": false,
        "startsExpr": true,
        "rightAssociative": false,
        "isLoop": false,
        "isAssign": false,
        "prefix": false,
        "postfix": false,
        "binop": null
      },
      "value": "it",
      "start": 219,
      "end": 221,
      "loc": {
        "start": {
          "line": 6,
          "column": 2
        },
        "end": {
          "line": 6,
          "column": 4
        }
      }
    },
    {
      "type": {
        "label": "(",
        "beforeExpr": true,
        "startsExpr": true,
        "rightAssociative": false,
        "isLoop": false,
        "isAssign": false,
        "prefix": false,
        "postfix": false,
        "binop": null
      },
      "start": 221,
      "end": 222,
      "loc": {
        "start": {
          "line": 6,
          "column": 4
        },
        "end": {
          "line": 6,
          "column": 5
        }
      }
    },
    {
      "type": {
        "label": "string",
        "beforeExpr": false,
        "startsExpr": true,
        "rightAssociative": false,
        "isLoop": false,
        "isAssign": false,
        "prefix": false,
        "postfix": false,
        "binop": null,
        "updateContext": null
      },
      "value": "Should build an stripeCheckout component",
      "start": 222,
      "end": 264,
      "loc": {
        "start": {
          "line": 6,
          "column": 5
        },
        "end": {
          "line": 6,
          "column": 47
        }
      }
    },
    {
      "type": {
        "label": ",",
        "beforeExpr": true,
        "startsExpr": false,
        "rightAssociative": false,
        "isLoop": false,
        "isAssign": false,
        "prefix": false,
        "postfix": false,
        "binop": null,
        "updateContext": null
      },
      "start": 264,
      "end": 265,
      "loc": {
        "start": {
          "line": 6,
          "column": 47
        },
        "end": {
          "line": 6,
          "column": 48
        }
      }
    },
    {
      "type": {
        "label": "(",
        "beforeExpr": true,
        "startsExpr": true,
        "rightAssociative": false,
        "isLoop": false,
        "isAssign": false,
        "prefix": false,
        "postfix": false,
        "binop": null
      },
      "start": 266,
      "end": 267,
      "loc": {
        "start": {
          "line": 6,
          "column": 49
        },
        "end": {
          "line": 6,
          "column": 50
        }
      }
    },
    {
      "type": {
        "label": "name",
        "beforeExpr": false,
        "startsExpr": true,
        "rightAssociative": false,
        "isLoop": false,
        "isAssign": false,
        "prefix": false,
        "postfix": false,
        "binop": null
      },
      "value": "done",
      "start": 267,
      "end": 271,
      "loc": {
        "start": {
          "line": 6,
          "column": 50
        },
        "end": {
          "line": 6,
          "column": 54
        }
      }
    },
    {
      "type": {
        "label": ")",
        "beforeExpr": false,
        "startsExpr": false,
        "rightAssociative": false,
        "isLoop": false,
        "isAssign": false,
        "prefix": false,
        "postfix": false,
        "binop": null
      },
      "start": 271,
      "end": 272,
      "loc": {
        "start": {
          "line": 6,
          "column": 54
        },
        "end": {
          "line": 6,
          "column": 55
        }
      }
    },
    {
      "type": {
        "label": "=>",
        "beforeExpr": true,
        "startsExpr": false,
        "rightAssociative": false,
        "isLoop": false,
        "isAssign": false,
        "prefix": false,
        "postfix": false,
        "binop": null,
        "updateContext": null
      },
      "start": 273,
      "end": 275,
      "loc": {
        "start": {
          "line": 6,
          "column": 56
        },
        "end": {
          "line": 6,
          "column": 58
        }
      }
    },
    {
      "type": {
        "label": "{",
        "beforeExpr": true,
        "startsExpr": true,
        "rightAssociative": false,
        "isLoop": false,
        "isAssign": false,
        "prefix": false,
        "postfix": false,
        "binop": null
      },
      "start": 276,
      "end": 277,
      "loc": {
        "start": {
          "line": 6,
          "column": 59
        },
        "end": {
          "line": 6,
          "column": 60
        }
      }
    },
    {
      "type": {
        "label": "name",
        "beforeExpr": false,
        "startsExpr": true,
        "rightAssociative": false,
        "isLoop": false,
        "isAssign": false,
        "prefix": false,
        "postfix": false,
        "binop": null
      },
      "value": "Harness",
      "start": 282,
      "end": 289,
      "loc": {
        "start": {
          "line": 7,
          "column": 4
        },
        "end": {
          "line": 7,
          "column": 11
        }
      }
    },
    {
      "type": {
        "label": ".",
        "beforeExpr": false,
        "startsExpr": false,
        "rightAssociative": false,
        "isLoop": false,
        "isAssign": false,
        "prefix": false,
        "postfix": false,
        "binop": null,
        "updateContext": null
      },
      "start": 289,
      "end": 290,
      "loc": {
        "start": {
          "line": 7,
          "column": 11
        },
        "end": {
          "line": 7,
          "column": 12
        }
      }
    },
    {
      "type": {
        "label": "name",
        "beforeExpr": false,
        "startsExpr": true,
        "rightAssociative": false,
        "isLoop": false,
        "isAssign": false,
        "prefix": false,
        "postfix": false,
        "binop": null
      },
      "value": "testCreate",
      "start": 290,
      "end": 300,
      "loc": {
        "start": {
          "line": 7,
          "column": 12
        },
        "end": {
          "line": 7,
          "column": 22
        }
      }
    },
    {
      "type": {
        "label": "(",
        "beforeExpr": true,
        "startsExpr": true,
        "rightAssociative": false,
        "isLoop": false,
        "isAssign": false,
        "prefix": false,
        "postfix": false,
        "binop": null
      },
      "start": 300,
      "end": 301,
      "loc": {
        "start": {
          "line": 7,
          "column": 22
        },
        "end": {
          "line": 7,
          "column": 23
        }
      }
    },
    {
      "type": {
        "label": "name",
        "beforeExpr": false,
        "startsExpr": true,
        "rightAssociative": false,
        "isLoop": false,
        "isAssign": false,
        "prefix": false,
        "postfix": false,
        "binop": null
      },
      "value": "StripeCheckoutComponent",
      "start": 301,
      "end": 324,
      "loc": {
        "start": {
          "line": 7,
          "column": 23
        },
        "end": {
          "line": 7,
          "column": 46
        }
      }
    },
    {
      "type": {
        "label": ",",
        "beforeExpr": true,
        "startsExpr": false,
        "rightAssociative": false,
        "isLoop": false,
        "isAssign": false,
        "prefix": false,
        "postfix": false,
        "binop": null,
        "updateContext": null
      },
      "start": 324,
      "end": 325,
      "loc": {
        "start": {
          "line": 7,
          "column": 46
        },
        "end": {
          "line": 7,
          "column": 47
        }
      }
    },
    {
      "type": {
        "label": "name",
        "beforeExpr": false,
        "startsExpr": true,
        "rightAssociative": false,
        "isLoop": false,
        "isAssign": false,
        "prefix": false,
        "postfix": false,
        "binop": null
      },
      "value": "comps",
      "start": 326,
      "end": 331,
      "loc": {
        "start": {
          "line": 7,
          "column": 48
        },
        "end": {
          "line": 7,
          "column": 53
        }
      }
    },
    {
      "type": {
        "label": ".",
        "beforeExpr": false,
        "startsExpr": false,
        "rightAssociative": false,
        "isLoop": false,
        "isAssign": false,
        "prefix": false,
        "postfix": false,
        "binop": null,
        "updateContext": null
      },
      "start": 331,
      "end": 332,
      "loc": {
        "start": {
          "line": 7,
          "column": 53
        },
        "end": {
          "line": 7,
          "column": 54
        }
      }
    },
    {
      "type": {
        "label": "name",
        "beforeExpr": false,
        "startsExpr": true,
        "rightAssociative": false,
        "isLoop": false,
        "isAssign": false,
        "prefix": false,
        "postfix": false,
        "binop": null
      },
      "value": "comp1",
      "start": 332,
      "end": 337,
      "loc": {
        "start": {
          "line": 7,
          "column": 54
        },
        "end": {
          "line": 7,
          "column": 59
        }
      }
    },
    {
      "type": {
        "label": ")",
        "beforeExpr": false,
        "startsExpr": false,
        "rightAssociative": false,
        "isLoop": false,
        "isAssign": false,
        "prefix": false,
        "postfix": false,
        "binop": null
      },
      "start": 337,
      "end": 338,
      "loc": {
        "start": {
          "line": 7,
          "column": 59
        },
        "end": {
          "line": 7,
          "column": 60
        }
      }
    },
    {
      "type": {
        "label": ".",
        "beforeExpr": false,
        "startsExpr": false,
        "rightAssociative": false,
        "isLoop": false,
        "isAssign": false,
        "prefix": false,
        "postfix": false,
        "binop": null,
        "updateContext": null
      },
      "start": 338,
      "end": 339,
      "loc": {
        "start": {
          "line": 7,
          "column": 60
        },
        "end": {
          "line": 7,
          "column": 61
        }
      }
    },
    {
      "type": {
        "label": "name",
        "beforeExpr": false,
        "startsExpr": true,
        "rightAssociative": false,
        "isLoop": false,
        "isAssign": false,
        "prefix": false,
        "postfix": false,
        "binop": null
      },
      "value": "then",
      "start": 339,
      "end": 343,
      "loc": {
        "start": {
          "line": 7,
          "column": 61
        },
        "end": {
          "line": 7,
          "column": 65
        }
      }
    },
    {
      "type": {
        "label": "(",
        "beforeExpr": true,
        "startsExpr": true,
        "rightAssociative": false,
        "isLoop": false,
        "isAssign": false,
        "prefix": false,
        "postfix": false,
        "binop": null
      },
      "start": 343,
      "end": 344,
      "loc": {
        "start": {
          "line": 7,
          "column": 65
        },
        "end": {
          "line": 7,
          "column": 66
        }
      }
    },
    {
      "type": {
        "label": "(",
        "beforeExpr": true,
        "startsExpr": true,
        "rightAssociative": false,
        "isLoop": false,
        "isAssign": false,
        "prefix": false,
        "postfix": false,
        "binop": null
      },
      "start": 344,
      "end": 345,
      "loc": {
        "start": {
          "line": 7,
          "column": 66
        },
        "end": {
          "line": 7,
          "column": 67
        }
      }
    },
    {
      "type": {
        "label": "name",
        "beforeExpr": false,
        "startsExpr": true,
        "rightAssociative": false,
        "isLoop": false,
        "isAssign": false,
        "prefix": false,
        "postfix": false,
        "binop": null
      },
      "value": "component",
      "start": 345,
      "end": 354,
      "loc": {
        "start": {
          "line": 7,
          "column": 67
        },
        "end": {
          "line": 7,
          "column": 76
        }
      }
    },
    {
      "type": {
        "label": ")",
        "beforeExpr": false,
        "startsExpr": false,
        "rightAssociative": false,
        "isLoop": false,
        "isAssign": false,
        "prefix": false,
        "postfix": false,
        "binop": null
      },
      "start": 354,
      "end": 355,
      "loc": {
        "start": {
          "line": 7,
          "column": 76
        },
        "end": {
          "line": 7,
          "column": 77
        }
      }
    },
    {
      "type": {
        "label": "=>",
        "beforeExpr": true,
        "startsExpr": false,
        "rightAssociative": false,
        "isLoop": false,
        "isAssign": false,
        "prefix": false,
        "postfix": false,
        "binop": null,
        "updateContext": null
      },
      "start": 356,
      "end": 358,
      "loc": {
        "start": {
          "line": 7,
          "column": 78
        },
        "end": {
          "line": 7,
          "column": 80
        }
      }
    },
    {
      "type": {
        "label": "{",
        "beforeExpr": true,
        "startsExpr": true,
        "rightAssociative": false,
        "isLoop": false,
        "isAssign": false,
        "prefix": false,
        "postfix": false,
        "binop": null
      },
      "start": 359,
      "end": 360,
      "loc": {
        "start": {
          "line": 7,
          "column": 81
        },
        "end": {
          "line": 7,
          "column": 82
        }
      }
    },
    {
      "type": {
        "label": "name",
        "beforeExpr": false,
        "startsExpr": true,
        "rightAssociative": false,
        "isLoop": false,
        "isAssign": false,
        "prefix": false,
        "postfix": false,
        "binop": null
      },
      "value": "done",
      "start": 367,
      "end": 371,
      "loc": {
        "start": {
          "line": 8,
          "column": 6
        },
        "end": {
          "line": 8,
          "column": 10
        }
      }
    },
    {
      "type": {
        "label": "(",
        "beforeExpr": true,
        "startsExpr": true,
        "rightAssociative": false,
        "isLoop": false,
        "isAssign": false,
        "prefix": false,
        "postfix": false,
        "binop": null
      },
      "start": 371,
      "end": 372,
      "loc": {
        "start": {
          "line": 8,
          "column": 10
        },
        "end": {
          "line": 8,
          "column": 11
        }
      }
    },
    {
      "type": {
        "label": ")",
        "beforeExpr": false,
        "startsExpr": false,
        "rightAssociative": false,
        "isLoop": false,
        "isAssign": false,
        "prefix": false,
        "postfix": false,
        "binop": null
      },
      "start": 372,
      "end": 373,
      "loc": {
        "start": {
          "line": 8,
          "column": 11
        },
        "end": {
          "line": 8,
          "column": 12
        }
      }
    },
    {
      "type": {
        "label": ";",
        "beforeExpr": true,
        "startsExpr": false,
        "rightAssociative": false,
        "isLoop": false,
        "isAssign": false,
        "prefix": false,
        "postfix": false,
        "binop": null,
        "updateContext": null
      },
      "start": 373,
      "end": 374,
      "loc": {
        "start": {
          "line": 8,
          "column": 12
        },
        "end": {
          "line": 8,
          "column": 13
        }
      }
    },
    {
      "type": {
        "label": "}",
        "beforeExpr": false,
        "startsExpr": false,
        "rightAssociative": false,
        "isLoop": false,
        "isAssign": false,
        "prefix": false,
        "postfix": false,
        "binop": null
      },
      "start": 377,
      "end": 378,
      "loc": {
        "start": {
          "line": 9,
          "column": 2
        },
        "end": {
          "line": 9,
          "column": 3
        }
      }
    },
    {
      "type": {
        "label": ")",
        "beforeExpr": false,
        "startsExpr": false,
        "rightAssociative": false,
        "isLoop": false,
        "isAssign": false,
        "prefix": false,
        "postfix": false,
        "binop": null
      },
      "start": 378,
      "end": 379,
      "loc": {
        "start": {
          "line": 9,
          "column": 3
        },
        "end": {
          "line": 9,
          "column": 4
        }
      }
    },
    {
      "type": {
        "label": ";",
        "beforeExpr": true,
        "startsExpr": false,
        "rightAssociative": false,
        "isLoop": false,
        "isAssign": false,
        "prefix": false,
        "postfix": false,
        "binop": null,
        "updateContext": null
      },
      "start": 379,
      "end": 380,
      "loc": {
        "start": {
          "line": 9,
          "column": 4
        },
        "end": {
          "line": 9,
          "column": 5
        }
      }
    },
    {
      "type": {
        "label": "}",
        "beforeExpr": false,
        "startsExpr": false,
        "rightAssociative": false,
        "isLoop": false,
        "isAssign": false,
        "prefix": false,
        "postfix": false,
        "binop": null
      },
      "start": 383,
      "end": 384,
      "loc": {
        "start": {
          "line": 10,
          "column": 2
        },
        "end": {
          "line": 10,
          "column": 3
        }
      }
    },
    {
      "type": {
        "label": ")",
        "beforeExpr": false,
        "startsExpr": false,
        "rightAssociative": false,
        "isLoop": false,
        "isAssign": false,
        "prefix": false,
        "postfix": false,
        "binop": null
      },
      "start": 384,
      "end": 385,
      "loc": {
        "start": {
          "line": 10,
          "column": 3
        },
        "end": {
          "line": 10,
          "column": 4
        }
      }
    },
    {
      "type": {
        "label": ";",
        "beforeExpr": true,
        "startsExpr": false,
        "rightAssociative": false,
        "isLoop": false,
        "isAssign": false,
        "prefix": false,
        "postfix": false,
        "binop": null,
        "updateContext": null
      },
      "start": 385,
      "end": 386,
      "loc": {
        "start": {
          "line": 10,
          "column": 4
        },
        "end": {
          "line": 10,
          "column": 5
        }
      }
    },
    {
      "type": {
        "label": "}",
        "beforeExpr": false,
        "startsExpr": false,
        "rightAssociative": false,
        "isLoop": false,
        "isAssign": false,
        "prefix": false,
        "postfix": false,
        "binop": null
      },
      "start": 387,
      "end": 388,
      "loc": {
        "start": {
          "line": 11,
          "column": 0
        },
        "end": {
          "line": 11,
          "column": 1
        }
      }
    },
    {
      "type": {
        "label": ")",
        "beforeExpr": false,
        "startsExpr": false,
        "rightAssociative": false,
        "isLoop": false,
        "isAssign": false,
        "prefix": false,
        "postfix": false,
        "binop": null
      },
      "start": 388,
      "end": 389,
      "loc": {
        "start": {
          "line": 11,
          "column": 1
        },
        "end": {
          "line": 11,
          "column": 2
        }
      }
    },
    {
      "type": {
        "label": ";",
        "beforeExpr": true,
        "startsExpr": false,
        "rightAssociative": false,
        "isLoop": false,
        "isAssign": false,
        "prefix": false,
        "postfix": false,
        "binop": null,
        "updateContext": null
      },
      "start": 389,
      "end": 390,
      "loc": {
        "start": {
          "line": 11,
          "column": 2
        },
        "end": {
          "line": 11,
          "column": 3
        }
      }
    },
    {
      "type": {
        "label": "eof",
        "beforeExpr": false,
        "startsExpr": false,
        "rightAssociative": false,
        "isLoop": false,
        "isAssign": false,
        "prefix": false,
        "postfix": false,
        "binop": null,
        "updateContext": null
      },
      "start": 391,
      "end": 391,
      "loc": {
        "start": {
          "line": 12,
          "column": 0
        },
        "end": {
          "line": 12,
          "column": 0
        }
      }
    }
  ]
}