{
  "type": "File",
  "start": 0,
  "end": 857,
  "loc": {
    "start": {
      "line": 1,
      "column": 0
    },
    "end": {
      "line": 27,
      "column": 0
    }
  },
  "program": {
    "type": "Program",
    "start": 0,
    "end": 857,
    "loc": {
      "start": {
        "line": 1,
        "column": 0
      },
      "end": {
        "line": 27,
        "column": 0
      }
    },
    "sourceType": "module",
    "body": [
      {
        "type": "ExportDefaultDeclaration",
        "start": 0,
        "end": 856,
        "loc": {
          "start": {
            "line": 1,
            "column": 0
          },
          "end": {
            "line": 26,
            "column": 2
          }
        },
        "declaration": {
          "type": "ArrayExpression",
          "start": 15,
          "end": 855,
          "loc": {
            "start": {
              "line": 1,
              "column": 15
            },
            "end": {
              "line": 26,
              "column": 1
            }
          },
          "elements": [
            {
              "type": "ObjectExpression",
              "start": 19,
              "end": 853,
              "loc": {
                "start": {
                  "line": 2,
                  "column": 2
                },
                "end": {
                  "line": 25,
                  "column": 3
                }
              },
              "properties": [
                {
                  "type": "ObjectProperty",
                  "start": 25,
                  "end": 42,
                  "loc": {
                    "start": {
                      "line": 3,
                      "column": 4
                    },
                    "end": {
                      "line": 3,
                      "column": 21
                    }
                  },
                  "method": false,
                  "shorthand": false,
                  "computed": false,
                  "key": {
                    "type": "Identifier",
                    "start": 25,
                    "end": 29,
                    "loc": {
                      "start": {
                        "line": 3,
                        "column": 4
                      },
                      "end": {
                        "line": 3,
                        "column": 8
                      },
                      "identifierName": "type"
                    },
                    "name": "type"
                  },
                  "value": {
                    "type": "StringLiteral",
                    "start": 31,
                    "end": 42,
                    "loc": {
                      "start": {
                        "line": 3,
                        "column": 10
                      },
                      "end": {
                        "line": 3,
                        "column": 21
                      }
                    },
                    "extra": {
                      "rawValue": "container",
                      "raw": "'container'"
                    },
                    "value": "container"
                  }
                },
                {
                  "type": "ObjectProperty",
                  "start": 48,
                  "end": 58,
                  "loc": {
                    "start": {
                      "line": 4,
                      "column": 4
                    },
                    "end": {
                      "line": 4,
                      "column": 14
                    }
                  },
                  "method": false,
                  "shorthand": false,
                  "computed": false,
                  "key": {
                    "type": "Identifier",
                    "start": 48,
                    "end": 51,
                    "loc": {
                      "start": {
                        "line": 4,
                        "column": 4
                      },
                      "end": {
                        "line": 4,
                        "column": 7
                      },
                      "identifierName": "key"
                    },
                    "name": "key"
                  },
                  "value": {
                    "type": "StringLiteral",
                    "start": 53,
                    "end": 58,
                    "loc": {
                      "start": {
                        "line": 4,
                        "column": 9
                      },
                      "end": {
                        "line": 4,
                        "column": 14
                      }
                    },
                    "extra": {
                      "rawValue": "map",
                      "raw": "'map'"
                    },
                    "value": "map"
                  }
                },
                {
                  "type": "ObjectProperty",
                  "start": 64,
                  "end": 75,
                  "loc": {
                    "start": {
                      "line": 5,
                      "column": 4
                    },
                    "end": {
                      "line": 5,
                      "column": 15
                    }
                  },
                  "method": false,
                  "shorthand": false,
                  "computed": false,
                  "key": {
                    "type": "Identifier",
                    "start": 64,
                    "end": 69,
                    "loc": {
                      "start": {
                        "line": 5,
                        "column": 4
                      },
                      "end": {
                        "line": 5,
                        "column": 9
                      },
                      "identifierName": "input"
                    },
                    "name": "input"
                  },
                  "value": {
                    "type": "BooleanLiteral",
                    "start": 71,
                    "end": 75,
                    "loc": {
                      "start": {
                        "line": 5,
                        "column": 11
                      },
                      "end": {
                        "line": 5,
                        "column": 15
                      }
                    },
                    "value": true
                  }
                },
                {
                  "type": "ObjectProperty",
                  "start": 81,
                  "end": 92,
                  "loc": {
                    "start": {
                      "line": 6,
                      "column": 4
                    },
                    "end": {
                      "line": 6,
                      "column": 15
                    }
                  },
                  "method": false,
                  "shorthand": false,
                  "computed": false,
                  "key": {
                    "type": "Identifier",
                    "start": 81,
                    "end": 87,
                    "loc": {
                      "start": {
                        "line": 6,
                        "column": 4
                      },
                      "end": {
                        "line": 6,
                        "column": 10
                      },
                      "identifierName": "weight"
                    },
                    "name": "weight"
                  },
                  "value": {
                    "type": "NumericLiteral",
                    "start": 89,
                    "end": 92,
                    "loc": {
                      "start": {
                        "line": 6,
                        "column": 12
                      },
                      "end": {
                        "line": 6,
                        "column": 15
                      }
                    },
                    "extra": {
                      "rawValue": 610,
                      "raw": "610"
                    },
                    "value": 610
                  }
                },
                {
                  "type": "ObjectProperty",
                  "start": 98,
                  "end": 849,
                  "loc": {
                    "start": {
                      "line": 7,
                      "column": 4
                    },
                    "end": {
                      "line": 24,
                      "column": 5
                    }
                  },
                  "method": false,
                  "shorthand": false,
                  "computed": false,
                  "key": {
                    "type": "Identifier",
                    "start": 98,
                    "end": 108,
                    "loc": {
                      "start": {
                        "line": 7,
                        "column": 4
                      },
                      "end": {
                        "line": 7,
                        "column": 14
                      },
                      "identifierName": "components"
                    },
                    "name": "components"
                  },
                  "value": {
                    "type": "ArrayExpression",
                    "start": 110,
                    "end": 849,
                    "loc": {
                      "start": {
                        "line": 7,
                        "column": 16
                      },
                      "end": {
                        "line": 24,
                        "column": 5
                      }
                    },
                    "elements": [
                      {
                        "type": "ObjectExpression",
                        "start": 118,
                        "end": 466,
                        "loc": {
                          "start": {
                            "line": 8,
                            "column": 6
                          },
                          "end": {
                            "line": 15,
                            "column": 7
                          }
                        },
                        "properties": [
                          {
                            "type": "ObjectProperty",
                            "start": 128,
                            "end": 145,
                            "loc": {
                              "start": {
                                "line": 9,
                                "column": 8
                              },
                              "end": {
                                "line": 9,
                                "column": 25
                              }
                            },
                            "method": false,
                            "shorthand": false,
                            "computed": false,
                            "key": {
                              "type": "Identifier",
                              "start": 128,
                              "end": 132,
                              "loc": {
                                "start": {
                                  "line": 9,
                                  "column": 8
                                },
                                "end": {
                                  "line": 9,
                                  "column": 12
                                },
                                "identifierName": "type"
                              },
                              "name": "type"
                            },
                            "value": {
                              "type": "StringLiteral",
                              "start": 134,
                              "end": 145,
                              "loc": {
                                "start": {
                                  "line": 9,
                                  "column": 14
                                },
                                "end": {
                                  "line": 9,
                                  "column": 25
                                }
                              },
                              "extra": {
                                "rawValue": "textfield",
                                "raw": "'textfield'"
                              },
                              "value": "textfield"
                            }
                          },
                          {
                            "type": "ObjectProperty",
                            "start": 155,
                            "end": 166,
                            "loc": {
                              "start": {
                                "line": 10,
                                "column": 8
                              },
                              "end": {
                                "line": 10,
                                "column": 19
                              }
                            },
                            "method": false,
                            "shorthand": false,
                            "computed": false,
                            "key": {
                              "type": "Identifier",
                              "start": 155,
                              "end": 160,
                              "loc": {
                                "start": {
                                  "line": 10,
                                  "column": 8
                                },
                                "end": {
                                  "line": 10,
                                  "column": 13
                                },
                                "identifierName": "input"
                              },
                              "name": "input"
                            },
                            "value": {
                              "type": "BooleanLiteral",
                              "start": 162,
                              "end": 166,
                              "loc": {
                                "start": {
                                  "line": 10,
                                  "column": 15
                                },
                                "end": {
                                  "line": 10,
                                  "column": 19
                                }
                              },
                              "value": true
                            }
                          },
                          {
                            "type": "ObjectProperty",
                            "start": 176,
                            "end": 196,
                            "loc": {
                              "start": {
                                "line": 11,
                                "column": 8
                              },
                              "end": {
                                "line": 11,
                                "column": 28
                              }
                            },
                            "method": false,
                            "shorthand": false,
                            "computed": false,
                            "key": {
                              "type": "Identifier",
                              "start": 176,
                              "end": 181,
                              "loc": {
                                "start": {
                                  "line": 11,
                                  "column": 8
                                },
                                "end": {
                                  "line": 11,
                                  "column": 13
                                },
                                "identifierName": "label"
                              },
                              "name": "label"
                            },
                            "value": {
                              "type": "StringLiteral",
                              "start": 183,
                              "end": 196,
                              "loc": {
                                "start": {
                                  "line": 11,
                                  "column": 15
                                },
                                "end": {
                                  "line": 11,
                                  "column": 28
                                }
                              },
                              "extra": {
                                "rawValue": "Region Bias",
                                "raw": "'Region Bias'"
                              },
                              "value": "Region Bias"
                            }
                          },
                          {
                            "type": "ObjectProperty",
                            "start": 206,
                            "end": 219,
                            "loc": {
                              "start": {
                                "line": 12,
                                "column": 8
                              },
                              "end": {
                                "line": 12,
                                "column": 21
                              }
                            },
                            "method": false,
                            "shorthand": false,
                            "computed": false,
                            "key": {
                              "type": "Identifier",
                              "start": 206,
                              "end": 209,
                              "loc": {
                                "start": {
                                  "line": 12,
                                  "column": 8
                                },
                                "end": {
                                  "line": 12,
                                  "column": 11
                                },
                                "identifierName": "key"
                              },
                              "name": "key"
                            },
                            "value": {
                              "type": "StringLiteral",
                              "start": 211,
                              "end": 219,
                              "loc": {
                                "start": {
                                  "line": 12,
                                  "column": 13
                                },
                                "end": {
                                  "line": 12,
                                  "column": 21
                                }
                              },
                              "extra": {
                                "rawValue": "region",
                                "raw": "'region'"
                              },
                              "value": "region"
                            }
                          },
                          {
                            "type": "ObjectProperty",
                            "start": 229,
                            "end": 427,
                            "loc": {
                              "start": {
                                "line": 13,
                                "column": 8
                              },
                              "end": {
                                "line": 13,
                                "column": 206
                              }
                            },
                            "method": false,
                            "shorthand": false,
                            "computed": false,
                            "key": {
                              "type": "Identifier",
                              "start": 229,
                              "end": 236,
                              "loc": {
                                "start": {
                                  "line": 13,
                                  "column": 8
                                },
                                "end": {
                                  "line": 13,
                                  "column": 15
                                },
                                "identifierName": "tooltip"
                              },
                              "name": "tooltip"
                            },
                            "value": {
                              "type": "StringLiteral",
                              "start": 238,
                              "end": 427,
                              "loc": {
                                "start": {
                                  "line": 13,
                                  "column": 17
                                },
                                "end": {
                                  "line": 13,
                                  "column": 206
                                }
                              },
                              "extra": {
                                "rawValue": "The region bias to use for this search. See <a href='https://developers.google.com/maps/documentation/geocoding/intro#RegionCodes' target='_blank'>Region Biasing</a> for more information.",
                                "raw": "\"The region bias to use for this search. See <a href='https://developers.google.com/maps/documentation/geocoding/intro#RegionCodes' target='_blank'>Region Biasing</a> for more information.\""
                              },
                              "value": "The region bias to use for this search. See <a href='https://developers.google.com/maps/documentation/geocoding/intro#RegionCodes' target='_blank'>Region Biasing</a> for more information."
                            }
                          },
                          {
                            "type": "ObjectProperty",
                            "start": 437,
                            "end": 458,
                            "loc": {
                              "start": {
                                "line": 14,
                                "column": 8
                              },
                              "end": {
                                "line": 14,
                                "column": 29
                              }
                            },
                            "method": false,
                            "shorthand": false,
                            "computed": false,
                            "key": {
                              "type": "Identifier",
                              "start": 437,
                              "end": 448,
                              "loc": {
                                "start": {
                                  "line": 14,
                                  "column": 8
                                },
                                "end": {
                                  "line": 14,
                                  "column": 19
                                },
                                "identifierName": "placeholder"
                              },
                              "name": "placeholder"
                            },
                            "value": {
                              "type": "StringLiteral",
                              "start": 450,
                              "end": 458,
                              "loc": {
                                "start": {
                                  "line": 14,
                                  "column": 21
                                },
                                "end": {
                                  "line": 14,
                                  "column": 29
                                }
                              },
                              "extra": {
                                "rawValue": "Dallas",
                                "raw": "'Dallas'"
                              },
                              "value": "Dallas"
                            }
                          }
                        ]
                      },
                      {
                        "type": "ObjectExpression",
                        "start": 474,
                        "end": 843,
                        "loc": {
                          "start": {
                            "line": 16,
                            "column": 6
                          },
                          "end": {
                            "line": 23,
                            "column": 7
                          }
                        },
                        "properties": [
                          {
                            "type": "ObjectProperty",
                            "start": 484,
                            "end": 501,
                            "loc": {
                              "start": {
                                "line": 17,
                                "column": 8
                              },
                              "end": {
                                "line": 17,
                                "column": 25
                              }
                            },
                            "method": false,
                            "shorthand": false,
                            "computed": false,
                            "key": {
                              "type": "Identifier",
                              "start": 484,
                              "end": 488,
                              "loc": {
                                "start": {
                                  "line": 17,
                                  "column": 8
                                },
                                "end": {
                                  "line": 17,
                                  "column": 12
                                },
                                "identifierName": "type"
                              },
                              "name": "type"
                            },
                            "value": {
                              "type": "StringLiteral",
                              "start": 490,
                              "end": 501,
                              "loc": {
                                "start": {
                                  "line": 17,
                                  "column": 14
                                },
                                "end": {
                                  "line": 17,
                                  "column": 25
                                }
                              },
                              "extra": {
                                "rawValue": "textfield",
                                "raw": "'textfield'"
                              },
                              "value": "textfield"
                            }
                          },
                          {
                            "type": "ObjectProperty",
                            "start": 511,
                            "end": 522,
                            "loc": {
                              "start": {
                                "line": 18,
                                "column": 8
                              },
                              "end": {
                                "line": 18,
                                "column": 19
                              }
                            },
                            "method": false,
                            "shorthand": false,
                            "computed": false,
                            "key": {
                              "type": "Identifier",
                              "start": 511,
                              "end": 516,
                              "loc": {
                                "start": {
                                  "line": 18,
                                  "column": 8
                                },
                                "end": {
                                  "line": 18,
                                  "column": 13
                                },
                                "identifierName": "input"
                              },
                              "name": "input"
                            },
                            "value": {
                              "type": "BooleanLiteral",
                              "start": 518,
                              "end": 522,
                              "loc": {
                                "start": {
                                  "line": 18,
                                  "column": 15
                                },
                                "end": {
                                  "line": 18,
                                  "column": 19
                                }
                              },
                              "value": true
                            }
                          },
                          {
                            "type": "ObjectProperty",
                            "start": 532,
                            "end": 560,
                            "loc": {
                              "start": {
                                "line": 19,
                                "column": 8
                              },
                              "end": {
                                "line": 19,
                                "column": 36
                              }
                            },
                            "method": false,
                            "shorthand": false,
                            "computed": false,
                            "key": {
                              "type": "Identifier",
                              "start": 532,
                              "end": 537,
                              "loc": {
                                "start": {
                                  "line": 19,
                                  "column": 8
                                },
                                "end": {
                                  "line": 19,
                                  "column": 13
                                },
                                "identifierName": "label"
                              },
                              "name": "label"
                            },
                            "value": {
                              "type": "StringLiteral",
                              "start": 539,
                              "end": 560,
                              "loc": {
                                "start": {
                                  "line": 19,
                                  "column": 15
                                },
                                "end": {
                                  "line": 19,
                                  "column": 36
                                }
                              },
                              "extra": {
                                "rawValue": "Google Maps API Key",
                                "raw": "'Google Maps API Key'"
                              },
                              "value": "Google Maps API Key"
                            }
                          },
                          {
                            "type": "ObjectProperty",
                            "start": 570,
                            "end": 580,
                            "loc": {
                              "start": {
                                "line": 20,
                                "column": 8
                              },
                              "end": {
                                "line": 20,
                                "column": 18
                              }
                            },
                            "method": false,
                            "shorthand": false,
                            "computed": false,
                            "key": {
                              "type": "Identifier",
                              "start": 570,
                              "end": 573,
                              "loc": {
                                "start": {
                                  "line": 20,
                                  "column": 8
                                },
                                "end": {
                                  "line": 20,
                                  "column": 11
                                },
                                "identifierName": "key"
                              },
                              "name": "key"
                            },
                            "value": {
                              "type": "StringLiteral",
                              "start": 575,
                              "end": 580,
                              "loc": {
                                "start": {
                                  "line": 20,
                                  "column": 13
                                },
                                "end": {
                                  "line": 20,
                                  "column": 18
                                }
                              },
                              "extra": {
                                "rawValue": "key",
                                "raw": "'key'"
                              },
                              "value": "key"
                            }
                          },
                          {
                            "type": "ObjectProperty",
                            "start": 590,
                            "end": 771,
                            "loc": {
                              "start": {
                                "line": 21,
                                "column": 8
                              },
                              "end": {
                                "line": 21,
                                "column": 189
                              }
                            },
                            "method": false,
                            "shorthand": false,
                            "computed": false,
                            "key": {
                              "type": "Identifier",
                              "start": 590,
                              "end": 597,
                              "loc": {
                                "start": {
                                  "line": 21,
                                  "column": 8
                                },
                                "end": {
                                  "line": 21,
                                  "column": 15
                                },
                                "identifierName": "tooltip"
                              },
                              "name": "tooltip"
                            },
                            "value": {
                              "type": "StringLiteral",
                              "start": 599,
                              "end": 771,
                              "loc": {
                                "start": {
                                  "line": 21,
                                  "column": 17
                                },
                                "end": {
                                  "line": 21,
                                  "column": 189
                                }
                              },
                              "extra": {
                                "rawValue": "The API key for Google Maps. See <a href='https://developers.google.com/maps/documentation/geocoding/get-api-key' target='_blank'>Get an API Key</a> for more information.",
                                "raw": "\"The API key for Google Maps. See <a href='https://developers.google.com/maps/documentation/geocoding/get-api-key' target='_blank'>Get an API Key</a> for more information.\""
                              },
                              "value": "The API key for Google Maps. See <a href='https://developers.google.com/maps/documentation/geocoding/get-api-key' target='_blank'>Get an API Key</a> for more information."
                            }
                          },
                          {
                            "type": "ObjectProperty",
                            "start": 781,
                            "end": 835,
                            "loc": {
                              "start": {
                                "line": 22,
                                "column": 8
                              },
                              "end": {
                                "line": 22,
                                "column": 62
                              }
                            },
                            "method": false,
                            "shorthand": false,
                            "computed": false,
                            "key": {
                              "type": "Identifier",
                              "start": 781,
                              "end": 792,
                              "loc": {
                                "start": {
                                  "line": 22,
                                  "column": 8
                                },
                                "end": {
                                  "line": 22,
                                  "column": 19
                                },
                                "identifierName": "placeholder"
                              },
                              "name": "placeholder"
                            },
                            "value": {
                              "type": "StringLiteral",
                              "start": 794,
                              "end": 835,
                              "loc": {
                                "start": {
                                  "line": 22,
                                  "column": 21
                                },
                                "end": {
                                  "line": 22,
                                  "column": 62
                                }
                              },
                              "extra": {
                                "rawValue": "xxxxxxxxxxxxxxxxxxx-xxxxxxxxxxxxxxxxxxx",
                                "raw": "'xxxxxxxxxxxxxxxxxxx-xxxxxxxxxxxxxxxxxxx'"
                              },
                              "value": "xxxxxxxxxxxxxxxxxxx-xxxxxxxxxxxxxxxxxxx"
                            }
                          }
                        ]
                      }
                    ]
                  }
                }
              ]
            }
          ],
          "leadingComments": [],
          "trailingComments": []
        }
      }
    ],
    "directives": []
  },
  "comments": [],
  "tokens": [
    {
      "type": {
        "label": "export",
        "keyword": "export",
        "beforeExpr": false,
        "startsExpr": false,
        "rightAssociative": false,
        "isLoop": false,
        "isAssign": false,
        "prefix": false,
        "postfix": false,
        "binop": null,
        "updateContext": null
      },
      "value": "export",
      "start": 0,
      "end": 6,
      "loc": {
        "start": {
          "line": 1,
          "column": 0
        },
        "end": {
          "line": 1,
          "column": 6
        }
      }
    },
    {
      "type": {
        "label": "default",
        "keyword": "default",
        "beforeExpr": true,
        "startsExpr": false,
        "rightAssociative": false,
        "isLoop": false,
        "isAssign": false,
        "prefix": false,
        "postfix": false,
        "binop": null,
        "updateContext": null
      },
      "value": "default",
      "start": 7,
      "end": 14,
      "loc": {
        "start": {
          "line": 1,
          "column": 7
        },
        "end": {
          "line": 1,
          "column": 14
        }
      }
    },
    {
      "type": {
        "label": "[",
        "beforeExpr": true,
        "startsExpr": true,
        "rightAssociative": false,
        "isLoop": false,
        "isAssign": false,
        "prefix": false,
        "postfix": false,
        "binop": null,
        "updateContext": null
      },
      "start": 15,
      "end": 16,
      "loc": {
        "start": {
          "line": 1,
          "column": 15
        },
        "end": {
          "line": 1,
          "column": 16
        }
      }
    },
    {
      "type": {
        "label": "{",
        "beforeExpr": true,
        "startsExpr": true,
        "rightAssociative": false,
        "isLoop": false,
        "isAssign": false,
        "prefix": false,
        "postfix": false,
        "binop": null
      },
      "start": 19,
      "end": 20,
      "loc": {
        "start": {
          "line": 2,
          "column": 2
        },
        "end": {
          "line": 2,
          "column": 3
        }
      }
    },
    {
      "type": {
        "label": "name",
        "beforeExpr": false,
        "startsExpr": true,
        "rightAssociative": false,
        "isLoop": false,
        "isAssign": false,
        "prefix": false,
        "postfix": false,
        "binop": null
      },
      "value": "type",
      "start": 25,
      "end": 29,
      "loc": {
        "start": {
          "line": 3,
          "column": 4
        },
        "end": {
          "line": 3,
          "column": 8
        }
      }
    },
    {
      "type": {
        "label": ":",
        "beforeExpr": true,
        "startsExpr": false,
        "rightAssociative": false,
        "isLoop": false,
        "isAssign": false,
        "prefix": false,
        "postfix": false,
        "binop": null,
        "updateContext": null
      },
      "start": 29,
      "end": 30,
      "loc": {
        "start": {
          "line": 3,
          "column": 8
        },
        "end": {
          "line": 3,
          "column": 9
        }
      }
    },
    {
      "type": {
        "label": "string",
        "beforeExpr": false,
        "startsExpr": true,
        "rightAssociative": false,
        "isLoop": false,
        "isAssign": false,
        "prefix": false,
        "postfix": false,
        "binop": null,
        "updateContext": null
      },
      "value": "container",
      "start": 31,
      "end": 42,
      "loc": {
        "start": {
          "line": 3,
          "column": 10
        },
        "end": {
          "line": 3,
          "column": 21
        }
      }
    },
    {
      "type": {
        "label": ",",
        "beforeExpr": true,
        "startsExpr": false,
        "rightAssociative": false,
        "isLoop": false,
        "isAssign": false,
        "prefix": false,
        "postfix": false,
        "binop": null,
        "updateContext": null
      },
      "start": 42,
      "end": 43,
      "loc": {
        "start": {
          "line": 3,
          "column": 21
        },
        "end": {
          "line": 3,
          "column": 22
        }
      }
    },
    {
      "type": {
        "label": "name",
        "beforeExpr": false,
        "startsExpr": true,
        "rightAssociative": false,
        "isLoop": false,
        "isAssign": false,
        "prefix": false,
        "postfix": false,
        "binop": null
      },
      "value": "key",
      "start": 48,
      "end": 51,
      "loc": {
        "start": {
          "line": 4,
          "column": 4
        },
        "end": {
          "line": 4,
          "column": 7
        }
      }
    },
    {
      "type": {
        "label": ":",
        "beforeExpr": true,
        "startsExpr": false,
        "rightAssociative": false,
        "isLoop": false,
        "isAssign": false,
        "prefix": false,
        "postfix": false,
        "binop": null,
        "updateContext": null
      },
      "start": 51,
      "end": 52,
      "loc": {
        "start": {
          "line": 4,
          "column": 7
        },
        "end": {
          "line": 4,
          "column": 8
        }
      }
    },
    {
      "type": {
        "label": "string",
        "beforeExpr": false,
        "startsExpr": true,
        "rightAssociative": false,
        "isLoop": false,
        "isAssign": false,
        "prefix": false,
        "postfix": false,
        "binop": null,
        "updateContext": null
      },
      "value": "map",
      "start": 53,
      "end": 58,
      "loc": {
        "start": {
          "line": 4,
          "column": 9
        },
        "end": {
          "line": 4,
          "column": 14
        }
      }
    },
    {
      "type": {
        "label": ",",
        "beforeExpr": true,
        "startsExpr": false,
        "rightAssociative": false,
        "isLoop": false,
        "isAssign": false,
        "prefix": false,
        "postfix": false,
        "binop": null,
        "updateContext": null
      },
      "start": 58,
      "end": 59,
      "loc": {
        "start": {
          "line": 4,
          "column": 14
        },
        "end": {
          "line": 4,
          "column": 15
        }
      }
    },
    {
      "type": {
        "label": "name",
        "beforeExpr": false,
        "startsExpr": true,
        "rightAssociative": false,
        "isLoop": false,
        "isAssign": false,
        "prefix": false,
        "postfix": false,
        "binop": null
      },
      "value": "input",
      "start": 64,
      "end": 69,
      "loc": {
        "start": {
          "line": 5,
          "column": 4
        },
        "end": {
          "line": 5,
          "column": 9
        }
      }
    },
    {
      "type": {
        "label": ":",
        "beforeExpr": true,
        "startsExpr": false,
        "rightAssociative": false,
        "isLoop": false,
        "isAssign": false,
        "prefix": false,
        "postfix": false,
        "binop": null,
        "updateContext": null
      },
      "start": 69,
      "end": 70,
      "loc": {
        "start": {
          "line": 5,
          "column": 9
        },
        "end": {
          "line": 5,
          "column": 10
        }
      }
    },
    {
      "type": {
        "label": "true",
        "keyword": "true",
        "beforeExpr": false,
        "startsExpr": true,
        "rightAssociative": false,
        "isLoop": false,
        "isAssign": false,
        "prefix": false,
        "postfix": false,
        "binop": null,
        "updateContext": null
      },
      "value": "true",
      "start": 71,
      "end": 75,
      "loc": {
        "start": {
          "line": 5,
          "column": 11
        },
        "end": {
          "line": 5,
          "column": 15
        }
      }
    },
    {
      "type": {
        "label": ",",
        "beforeExpr": true,
        "startsExpr": false,
        "rightAssociative": false,
        "isLoop": false,
        "isAssign": false,
        "prefix": false,
        "postfix": false,
        "binop": null,
        "updateContext": null
      },
      "start": 75,
      "end": 76,
      "loc": {
        "start": {
          "line": 5,
          "column": 15
        },
        "end": {
          "line": 5,
          "column": 16
        }
      }
    },
    {
      "type": {
        "label": "name",
        "beforeExpr": false,
        "startsExpr": true,
        "rightAssociative": false,
        "isLoop": false,
        "isAssign": false,
        "prefix": false,
        "postfix": false,
        "binop": null
      },
      "value": "weight",
      "start": 81,
      "end": 87,
      "loc": {
        "start": {
          "line": 6,
          "column": 4
        },
        "end": {
          "line": 6,
          "column": 10
        }
      }
    },
    {
      "type": {
        "label": ":",
        "beforeExpr": true,
        "startsExpr": false,
        "rightAssociative": false,
        "isLoop": false,
        "isAssign": false,
        "prefix": false,
        "postfix": false,
        "binop": null,
        "updateContext": null
      },
      "start": 87,
      "end": 88,
      "loc": {
        "start": {
          "line": 6,
          "column": 10
        },
        "end": {
          "line": 6,
          "column": 11
        }
      }
    },
    {
      "type": {
        "label": "num",
        "beforeExpr": false,
        "startsExpr": true,
        "rightAssociative": false,
        "isLoop": false,
        "isAssign": false,
        "prefix": false,
        "postfix": false,
        "binop": null,
        "updateContext": null
      },
      "value": 610,
      "start": 89,
      "end": 92,
      "loc": {
        "start": {
          "line": 6,
          "column": 12
        },
        "end": {
          "line": 6,
          "column": 15
        }
      }
    },
    {
      "type": {
        "label": ",",
        "beforeExpr": true,
        "startsExpr": false,
        "rightAssociative": false,
        "isLoop": false,
        "isAssign": false,
        "prefix": false,
        "postfix": false,
        "binop": null,
        "updateContext": null
      },
      "start": 92,
      "end": 93,
      "loc": {
        "start": {
          "line": 6,
          "column": 15
        },
        "end": {
          "line": 6,
          "column": 16
        }
      }
    },
    {
      "type": {
        "label": "name",
        "beforeExpr": false,
        "startsExpr": true,
        "rightAssociative": false,
        "isLoop": false,
        "isAssign": false,
        "prefix": false,
        "postfix": false,
        "binop": null
      },
      "value": "components",
      "start": 98,
      "end": 108,
      "loc": {
        "start": {
          "line": 7,
          "column": 4
        },
        "end": {
          "line": 7,
          "column": 14
        }
      }
    },
    {
      "type": {
        "label": ":",
        "beforeExpr": true,
        "startsExpr": false,
        "rightAssociative": false,
        "isLoop": false,
        "isAssign": false,
        "prefix": false,
        "postfix": false,
        "binop": null,
        "updateContext": null
      },
      "start": 108,
      "end": 109,
      "loc": {
        "start": {
          "line": 7,
          "column": 14
        },
        "end": {
          "line": 7,
          "column": 15
        }
      }
    },
    {
      "type": {
        "label": "[",
        "beforeExpr": true,
        "startsExpr": true,
        "rightAssociative": false,
        "isLoop": false,
        "isAssign": false,
        "prefix": false,
        "postfix": false,
        "binop": null,
        "updateContext": null
      },
      "start": 110,
      "end": 111,
      "loc": {
        "start": {
          "line": 7,
          "column": 16
        },
        "end": {
          "line": 7,
          "column": 17
        }
      }
    },
    {
      "type": {
        "label": "{",
        "beforeExpr": true,
        "startsExpr": true,
        "rightAssociative": false,
        "isLoop": false,
        "isAssign": false,
        "prefix": false,
        "postfix": false,
        "binop": null
      },
      "start": 118,
      "end": 119,
      "loc": {
        "start": {
          "line": 8,
          "column": 6
        },
        "end": {
          "line": 8,
          "column": 7
        }
      }
    },
    {
      "type": {
        "label": "name",
        "beforeExpr": false,
        "startsExpr": true,
        "rightAssociative": false,
        "isLoop": false,
        "isAssign": false,
        "prefix": false,
        "postfix": false,
        "binop": null
      },
      "value": "type",
      "start": 128,
      "end": 132,
      "loc": {
        "start": {
          "line": 9,
          "column": 8
        },
        "end": {
          "line": 9,
          "column": 12
        }
      }
    },
    {
      "type": {
        "label": ":",
        "beforeExpr": true,
        "startsExpr": false,
        "rightAssociative": false,
        "isLoop": false,
        "isAssign": false,
        "prefix": false,
        "postfix": false,
        "binop": null,
        "updateContext": null
      },
      "start": 132,
      "end": 133,
      "loc": {
        "start": {
          "line": 9,
          "column": 12
        },
        "end": {
          "line": 9,
          "column": 13
        }
      }
    },
    {
      "type": {
        "label": "string",
        "beforeExpr": false,
        "startsExpr": true,
        "rightAssociative": false,
        "isLoop": false,
        "isAssign": false,
        "prefix": false,
        "postfix": false,
        "binop": null,
        "updateContext": null
      },
      "value": "textfield",
      "start": 134,
      "end": 145,
      "loc": {
        "start": {
          "line": 9,
          "column": 14
        },
        "end": {
          "line": 9,
          "column": 25
        }
      }
    },
    {
      "type": {
        "label": ",",
        "beforeExpr": true,
        "startsExpr": false,
        "rightAssociative": false,
        "isLoop": false,
        "isAssign": false,
        "prefix": false,
        "postfix": false,
        "binop": null,
        "updateContext": null
      },
      "start": 145,
      "end": 146,
      "loc": {
        "start": {
          "line": 9,
          "column": 25
        },
        "end": {
          "line": 9,
          "column": 26
        }
      }
    },
    {
      "type": {
        "label": "name",
        "beforeExpr": false,
        "startsExpr": true,
        "rightAssociative": false,
        "isLoop": false,
        "isAssign": false,
        "prefix": false,
        "postfix": false,
        "binop": null
      },
      "value": "input",
      "start": 155,
      "end": 160,
      "loc": {
        "start": {
          "line": 10,
          "column": 8
        },
        "end": {
          "line": 10,
          "column": 13
        }
      }
    },
    {
      "type": {
        "label": ":",
        "beforeExpr": true,
        "startsExpr": false,
        "rightAssociative": false,
        "isLoop": false,
        "isAssign": false,
        "prefix": false,
        "postfix": false,
        "binop": null,
        "updateContext": null
      },
      "start": 160,
      "end": 161,
      "loc": {
        "start": {
          "line": 10,
          "column": 13
        },
        "end": {
          "line": 10,
          "column": 14
        }
      }
    },
    {
      "type": {
        "label": "true",
        "keyword": "true",
        "beforeExpr": false,
        "startsExpr": true,
        "rightAssociative": false,
        "isLoop": false,
        "isAssign": false,
        "prefix": false,
        "postfix": false,
        "binop": null,
        "updateContext": null
      },
      "value": "true",
      "start": 162,
      "end": 166,
      "loc": {
        "start": {
          "line": 10,
          "column": 15
        },
        "end": {
          "line": 10,
          "column": 19
        }
      }
    },
    {
      "type": {
        "label": ",",
        "beforeExpr": true,
        "startsExpr": false,
        "rightAssociative": false,
        "isLoop": false,
        "isAssign": false,
        "prefix": false,
        "postfix": false,
        "binop": null,
        "updateContext": null
      },
      "start": 166,
      "end": 167,
      "loc": {
        "start": {
          "line": 10,
          "column": 19
        },
        "end": {
          "line": 10,
          "column": 20
        }
      }
    },
    {
      "type": {
        "label": "name",
        "beforeExpr": false,
        "startsExpr": true,
        "rightAssociative": false,
        "isLoop": false,
        "isAssign": false,
        "prefix": false,
        "postfix": false,
        "binop": null
      },
      "value": "label",
      "start": 176,
      "end": 181,
      "loc": {
        "start": {
          "line": 11,
          "column": 8
        },
        "end": {
          "line": 11,
          "column": 13
        }
      }
    },
    {
      "type": {
        "label": ":",
        "beforeExpr": true,
        "startsExpr": false,
        "rightAssociative": false,
        "isLoop": false,
        "isAssign": false,
        "prefix": false,
        "postfix": false,
        "binop": null,
        "updateContext": null
      },
      "start": 181,
      "end": 182,
      "loc": {
        "start": {
          "line": 11,
          "column": 13
        },
        "end": {
          "line": 11,
          "column": 14
        }
      }
    },
    {
      "type": {
        "label": "string",
        "beforeExpr": false,
        "startsExpr": true,
        "rightAssociative": false,
        "isLoop": false,
        "isAssign": false,
        "prefix": false,
        "postfix": false,
        "binop": null,
        "updateContext": null
      },
      "value": "Region Bias",
      "start": 183,
      "end": 196,
      "loc": {
        "start": {
          "line": 11,
          "column": 15
        },
        "end": {
          "line": 11,
          "column": 28
        }
      }
    },
    {
      "type": {
        "label": ",",
        "beforeExpr": true,
        "startsExpr": false,
        "rightAssociative": false,
        "isLoop": false,
        "isAssign": false,
        "prefix": false,
        "postfix": false,
        "binop": null,
        "updateContext": null
      },
      "start": 196,
      "end": 197,
      "loc": {
        "start": {
          "line": 11,
          "column": 28
        },
        "end": {
          "line": 11,
          "column": 29
        }
      }
    },
    {
      "type": {
        "label": "name",
        "beforeExpr": false,
        "startsExpr": true,
        "rightAssociative": false,
        "isLoop": false,
        "isAssign": false,
        "prefix": false,
        "postfix": false,
        "binop": null
      },
      "value": "key",
      "start": 206,
      "end": 209,
      "loc": {
        "start": {
          "line": 12,
          "column": 8
        },
        "end": {
          "line": 12,
          "column": 11
        }
      }
    },
    {
      "type": {
        "label": ":",
        "beforeExpr": true,
        "startsExpr": false,
        "rightAssociative": false,
        "isLoop": false,
        "isAssign": false,
        "prefix": false,
        "postfix": false,
        "binop": null,
        "updateContext": null
      },
      "start": 209,
      "end": 210,
      "loc": {
        "start": {
          "line": 12,
          "column": 11
        },
        "end": {
          "line": 12,
          "column": 12
        }
      }
    },
    {
      "type": {
        "label": "string",
        "beforeExpr": false,
        "startsExpr": true,
        "rightAssociative": false,
        "isLoop": false,
        "isAssign": false,
        "prefix": false,
        "postfix": false,
        "binop": null,
        "updateContext": null
      },
      "value": "region",
      "start": 211,
      "end": 219,
      "loc": {
        "start": {
          "line": 12,
          "column": 13
        },
        "end": {
          "line": 12,
          "column": 21
        }
      }
    },
    {
      "type": {
        "label": ",",
        "beforeExpr": true,
        "startsExpr": false,
        "rightAssociative": false,
        "isLoop": false,
        "isAssign": false,
        "prefix": false,
        "postfix": false,
        "binop": null,
        "updateContext": null
      },
      "start": 219,
      "end": 220,
      "loc": {
        "start": {
          "line": 12,
          "column": 21
        },
        "end": {
          "line": 12,
          "column": 22
        }
      }
    },
    {
      "type": {
        "label": "name",
        "beforeExpr": false,
        "startsExpr": true,
        "rightAssociative": false,
        "isLoop": false,
        "isAssign": false,
        "prefix": false,
        "postfix": false,
        "binop": null
      },
      "value": "tooltip",
      "start": 229,
      "end": 236,
      "loc": {
        "start": {
          "line": 13,
          "column": 8
        },
        "end": {
          "line": 13,
          "column": 15
        }
      }
    },
    {
      "type": {
        "label": ":",
        "beforeExpr": true,
        "startsExpr": false,
        "rightAssociative": false,
        "isLoop": false,
        "isAssign": false,
        "prefix": false,
        "postfix": false,
        "binop": null,
        "updateContext": null
      },
      "start": 236,
      "end": 237,
      "loc": {
        "start": {
          "line": 13,
          "column": 15
        },
        "end": {
          "line": 13,
          "column": 16
        }
      }
    },
    {
      "type": {
        "label": "string",
        "beforeExpr": false,
        "startsExpr": true,
        "rightAssociative": false,
        "isLoop": false,
        "isAssign": false,
        "prefix": false,
        "postfix": false,
        "binop": null,
        "updateContext": null
      },
      "value": "The region bias to use for this search. See <a href='https://developers.google.com/maps/documentation/geocoding/intro#RegionCodes' target='_blank'>Region Biasing</a> for more information.",
      "start": 238,
      "end": 427,
      "loc": {
        "start": {
          "line": 13,
          "column": 17
        },
        "end": {
          "line": 13,
          "column": 206
        }
      }
    },
    {
      "type": {
        "label": ",",
        "beforeExpr": true,
        "startsExpr": false,
        "rightAssociative": false,
        "isLoop": false,
        "isAssign": false,
        "prefix": false,
        "postfix": false,
        "binop": null,
        "updateContext": null
      },
      "start": 427,
      "end": 428,
      "loc": {
        "start": {
          "line": 13,
          "column": 206
        },
        "end": {
          "line": 13,
          "column": 207
        }
      }
    },
    {
      "type": {
        "label": "name",
        "beforeExpr": false,
        "startsExpr": true,
        "rightAssociative": false,
        "isLoop": false,
        "isAssign": false,
        "prefix": false,
        "postfix": false,
        "binop": null
      },
      "value": "placeholder",
      "start": 437,
      "end": 448,
      "loc": {
        "start": {
          "line": 14,
          "column": 8
        },
        "end": {
          "line": 14,
          "column": 19
        }
      }
    },
    {
      "type": {
        "label": ":",
        "beforeExpr": true,
        "startsExpr": false,
        "rightAssociative": false,
        "isLoop": false,
        "isAssign": false,
        "prefix": false,
        "postfix": false,
        "binop": null,
        "updateContext": null
      },
      "start": 448,
      "end": 449,
      "loc": {
        "start": {
          "line": 14,
          "column": 19
        },
        "end": {
          "line": 14,
          "column": 20
        }
      }
    },
    {
      "type": {
        "label": "string",
        "beforeExpr": false,
        "startsExpr": true,
        "rightAssociative": false,
        "isLoop": false,
        "isAssign": false,
        "prefix": false,
        "postfix": false,
        "binop": null,
        "updateContext": null
      },
      "value": "Dallas",
      "start": 450,
      "end": 458,
      "loc": {
        "start": {
          "line": 14,
          "column": 21
        },
        "end": {
          "line": 14,
          "column": 29
        }
      }
    },
    {
      "type": {
        "label": "}",
        "beforeExpr": false,
        "startsExpr": false,
        "rightAssociative": false,
        "isLoop": false,
        "isAssign": false,
        "prefix": false,
        "postfix": false,
        "binop": null
      },
      "start": 465,
      "end": 466,
      "loc": {
        "start": {
          "line": 15,
          "column": 6
        },
        "end": {
          "line": 15,
          "column": 7
        }
      }
    },
    {
      "type": {
        "label": ",",
        "beforeExpr": true,
        "startsExpr": false,
        "rightAssociative": false,
        "isLoop": false,
        "isAssign": false,
        "prefix": false,
        "postfix": false,
        "binop": null,
        "updateContext": null
      },
      "start": 466,
      "end": 467,
      "loc": {
        "start": {
          "line": 15,
          "column": 7
        },
        "end": {
          "line": 15,
          "column": 8
        }
      }
    },
    {
      "type": {
        "label": "{",
        "beforeExpr": true,
        "startsExpr": true,
        "rightAssociative": false,
        "isLoop": false,
        "isAssign": false,
        "prefix": false,
        "postfix": false,
        "binop": null
      },
      "start": 474,
      "end": 475,
      "loc": {
        "start": {
          "line": 16,
          "column": 6
        },
        "end": {
          "line": 16,
          "column": 7
        }
      }
    },
    {
      "type": {
        "label": "name",
        "beforeExpr": false,
        "startsExpr": true,
        "rightAssociative": false,
        "isLoop": false,
        "isAssign": false,
        "prefix": false,
        "postfix": false,
        "binop": null
      },
      "value": "type",
      "start": 484,
      "end": 488,
      "loc": {
        "start": {
          "line": 17,
          "column": 8
        },
        "end": {
          "line": 17,
          "column": 12
        }
      }
    },
    {
      "type": {
        "label": ":",
        "beforeExpr": true,
        "startsExpr": false,
        "rightAssociative": false,
        "isLoop": false,
        "isAssign": false,
        "prefix": false,
        "postfix": false,
        "binop": null,
        "updateContext": null
      },
      "start": 488,
      "end": 489,
      "loc": {
        "start": {
          "line": 17,
          "column": 12
        },
        "end": {
          "line": 17,
          "column": 13
        }
      }
    },
    {
      "type": {
        "label": "string",
        "beforeExpr": false,
        "startsExpr": true,
        "rightAssociative": false,
        "isLoop": false,
        "isAssign": false,
        "prefix": false,
        "postfix": false,
        "binop": null,
        "updateContext": null
      },
      "value": "textfield",
      "start": 490,
      "end": 501,
      "loc": {
        "start": {
          "line": 17,
          "column": 14
        },
        "end": {
          "line": 17,
          "column": 25
        }
      }
    },
    {
      "type": {
        "label": ",",
        "beforeExpr": true,
        "startsExpr": false,
        "rightAssociative": false,
        "isLoop": false,
        "isAssign": false,
        "prefix": false,
        "postfix": false,
        "binop": null,
        "updateContext": null
      },
      "start": 501,
      "end": 502,
      "loc": {
        "start": {
          "line": 17,
          "column": 25
        },
        "end": {
          "line": 17,
          "column": 26
        }
      }
    },
    {
      "type": {
        "label": "name",
        "beforeExpr": false,
        "startsExpr": true,
        "rightAssociative": false,
        "isLoop": false,
        "isAssign": false,
        "prefix": false,
        "postfix": false,
        "binop": null
      },
      "value": "input",
      "start": 511,
      "end": 516,
      "loc": {
        "start": {
          "line": 18,
          "column": 8
        },
        "end": {
          "line": 18,
          "column": 13
        }
      }
    },
    {
      "type": {
        "label": ":",
        "beforeExpr": true,
        "startsExpr": false,
        "rightAssociative": false,
        "isLoop": false,
        "isAssign": false,
        "prefix": false,
        "postfix": false,
        "binop": null,
        "updateContext": null
      },
      "start": 516,
      "end": 517,
      "loc": {
        "start": {
          "line": 18,
          "column": 13
        },
        "end": {
          "line": 18,
          "column": 14
        }
      }
    },
    {
      "type": {
        "label": "true",
        "keyword": "true",
        "beforeExpr": false,
        "startsExpr": true,
        "rightAssociative": false,
        "isLoop": false,
        "isAssign": false,
        "prefix": false,
        "postfix": false,
        "binop": null,
        "updateContext": null
      },
      "value": "true",
      "start": 518,
      "end": 522,
      "loc": {
        "start": {
          "line": 18,
          "column": 15
        },
        "end": {
          "line": 18,
          "column": 19
        }
      }
    },
    {
      "type": {
        "label": ",",
        "beforeExpr": true,
        "startsExpr": false,
        "rightAssociative": false,
        "isLoop": false,
        "isAssign": false,
        "prefix": false,
        "postfix": false,
        "binop": null,
        "updateContext": null
      },
      "start": 522,
      "end": 523,
      "loc": {
        "start": {
          "line": 18,
          "column": 19
        },
        "end": {
          "line": 18,
          "column": 20
        }
      }
    },
    {
      "type": {
        "label": "name",
        "beforeExpr": false,
        "startsExpr": true,
        "rightAssociative": false,
        "isLoop": false,
        "isAssign": false,
        "prefix": false,
        "postfix": false,
        "binop": null
      },
      "value": "label",
      "start": 532,
      "end": 537,
      "loc": {
        "start": {
          "line": 19,
          "column": 8
        },
        "end": {
          "line": 19,
          "column": 13
        }
      }
    },
    {
      "type": {
        "label": ":",
        "beforeExpr": true,
        "startsExpr": false,
        "rightAssociative": false,
        "isLoop": false,
        "isAssign": false,
        "prefix": false,
        "postfix": false,
        "binop": null,
        "updateContext": null
      },
      "start": 537,
      "end": 538,
      "loc": {
        "start": {
          "line": 19,
          "column": 13
        },
        "end": {
          "line": 19,
          "column": 14
        }
      }
    },
    {
      "type": {
        "label": "string",
        "beforeExpr": false,
        "startsExpr": true,
        "rightAssociative": false,
        "isLoop": false,
        "isAssign": false,
        "prefix": false,
        "postfix": false,
        "binop": null,
        "updateContext": null
      },
      "value": "Google Maps API Key",
      "start": 539,
      "end": 560,
      "loc": {
        "start": {
          "line": 19,
          "column": 15
        },
        "end": {
          "line": 19,
          "column": 36
        }
      }
    },
    {
      "type": {
        "label": ",",
        "beforeExpr": true,
        "startsExpr": false,
        "rightAssociative": false,
        "isLoop": false,
        "isAssign": false,
        "prefix": false,
        "postfix": false,
        "binop": null,
        "updateContext": null
      },
      "start": 560,
      "end": 561,
      "loc": {
        "start": {
          "line": 19,
          "column": 36
        },
        "end": {
          "line": 19,
          "column": 37
        }
      }
    },
    {
      "type": {
        "label": "name",
        "beforeExpr": false,
        "startsExpr": true,
        "rightAssociative": false,
        "isLoop": false,
        "isAssign": false,
        "prefix": false,
        "postfix": false,
        "binop": null
      },
      "value": "key",
      "start": 570,
      "end": 573,
      "loc": {
        "start": {
          "line": 20,
          "column": 8
        },
        "end": {
          "line": 20,
          "column": 11
        }
      }
    },
    {
      "type": {
        "label": ":",
        "beforeExpr": true,
        "startsExpr": false,
        "rightAssociative": false,
        "isLoop": false,
        "isAssign": false,
        "prefix": false,
        "postfix": false,
        "binop": null,
        "updateContext": null
      },
      "start": 573,
      "end": 574,
      "loc": {
        "start": {
          "line": 20,
          "column": 11
        },
        "end": {
          "line": 20,
          "column": 12
        }
      }
    },
    {
      "type": {
        "label": "string",
        "beforeExpr": false,
        "startsExpr": true,
        "rightAssociative": false,
        "isLoop": false,
        "isAssign": false,
        "prefix": false,
        "postfix": false,
        "binop": null,
        "updateContext": null
      },
      "value": "key",
      "start": 575,
      "end": 580,
      "loc": {
        "start": {
          "line": 20,
          "column": 13
        },
        "end": {
          "line": 20,
          "column": 18
        }
      }
    },
    {
      "type": {
        "label": ",",
        "beforeExpr": true,
        "startsExpr": false,
        "rightAssociative": false,
        "isLoop": false,
        "isAssign": false,
        "prefix": false,
        "postfix": false,
        "binop": null,
        "updateContext": null
      },
      "start": 580,
      "end": 581,
      "loc": {
        "start": {
          "line": 20,
          "column": 18
        },
        "end": {
          "line": 20,
          "column": 19
        }
      }
    },
    {
      "type": {
        "label": "name",
        "beforeExpr": false,
        "startsExpr": true,
        "rightAssociative": false,
        "isLoop": false,
        "isAssign": false,
        "prefix": false,
        "postfix": false,
        "binop": null
      },
      "value": "tooltip",
      "start": 590,
      "end": 597,
      "loc": {
        "start": {
          "line": 21,
          "column": 8
        },
        "end": {
          "line": 21,
          "column": 15
        }
      }
    },
    {
      "type": {
        "label": ":",
        "beforeExpr": true,
        "startsExpr": false,
        "rightAssociative": false,
        "isLoop": false,
        "isAssign": false,
        "prefix": false,
        "postfix": false,
        "binop": null,
        "updateContext": null
      },
      "start": 597,
      "end": 598,
      "loc": {
        "start": {
          "line": 21,
          "column": 15
        },
        "end": {
          "line": 21,
          "column": 16
        }
      }
    },
    {
      "type": {
        "label": "string",
        "beforeExpr": false,
        "startsExpr": true,
        "rightAssociative": false,
        "isLoop": false,
        "isAssign": false,
        "prefix": false,
        "postfix": false,
        "binop": null,
        "updateContext": null
      },
      "value": "The API key for Google Maps. See <a href='https://developers.google.com/maps/documentation/geocoding/get-api-key' target='_blank'>Get an API Key</a> for more information.",
      "start": 599,
      "end": 771,
      "loc": {
        "start": {
          "line": 21,
          "column": 17
        },
        "end": {
          "line": 21,
          "column": 189
        }
      }
    },
    {
      "type": {
        "label": ",",
        "beforeExpr": true,
        "startsExpr": false,
        "rightAssociative": false,
        "isLoop": false,
        "isAssign": false,
        "prefix": false,
        "postfix": false,
        "binop": null,
        "updateContext": null
      },
      "start": 771,
      "end": 772,
      "loc": {
        "start": {
          "line": 21,
          "column": 189
        },
        "end": {
          "line": 21,
          "column": 190
        }
      }
    },
    {
      "type": {
        "label": "name",
        "beforeExpr": false,
        "startsExpr": true,
        "rightAssociative": false,
        "isLoop": false,
        "isAssign": false,
        "prefix": false,
        "postfix": false,
        "binop": null
      },
      "value": "placeholder",
      "start": 781,
      "end": 792,
      "loc": {
        "start": {
          "line": 22,
          "column": 8
        },
        "end": {
          "line": 22,
          "column": 19
        }
      }
    },
    {
      "type": {
        "label": ":",
        "beforeExpr": true,
        "startsExpr": false,
        "rightAssociative": false,
        "isLoop": false,
        "isAssign": false,
        "prefix": false,
        "postfix": false,
        "binop": null,
        "updateContext": null
      },
      "start": 792,
      "end": 793,
      "loc": {
        "start": {
          "line": 22,
          "column": 19
        },
        "end": {
          "line": 22,
          "column": 20
        }
      }
    },
    {
      "type": {
        "label": "string",
        "beforeExpr": false,
        "startsExpr": true,
        "rightAssociative": false,
        "isLoop": false,
        "isAssign": false,
        "prefix": false,
        "postfix": false,
        "binop": null,
        "updateContext": null
      },
      "value": "xxxxxxxxxxxxxxxxxxx-xxxxxxxxxxxxxxxxxxx",
      "start": 794,
      "end": 835,
      "loc": {
        "start": {
          "line": 22,
          "column": 21
        },
        "end": {
          "line": 22,
          "column": 62
        }
      }
    },
    {
      "type": {
        "label": "}",
        "beforeExpr": false,
        "startsExpr": false,
        "rightAssociative": false,
        "isLoop": false,
        "isAssign": false,
        "prefix": false,
        "postfix": false,
        "binop": null
      },
      "start": 842,
      "end": 843,
      "loc": {
        "start": {
          "line": 23,
          "column": 6
        },
        "end": {
          "line": 23,
          "column": 7
        }
      }
    },
    {
      "type": {
        "label": "]",
        "beforeExpr": false,
        "startsExpr": false,
        "rightAssociative": false,
        "isLoop": false,
        "isAssign": false,
        "prefix": false,
        "postfix": false,
        "binop": null,
        "updateContext": null
      },
      "start": 848,
      "end": 849,
      "loc": {
        "start": {
          "line": 24,
          "column": 4
        },
        "end": {
          "line": 24,
          "column": 5
        }
      }
    },
    {
      "type": {
        "label": "}",
        "beforeExpr": false,
        "startsExpr": false,
        "rightAssociative": false,
        "isLoop": false,
        "isAssign": false,
        "prefix": false,
        "postfix": false,
        "binop": null
      },
      "start": 852,
      "end": 853,
      "loc": {
        "start": {
          "line": 25,
          "column": 2
        },
        "end": {
          "line": 25,
          "column": 3
        }
      }
    },
    {
      "type": {
        "label": "]",
        "beforeExpr": false,
        "startsExpr": false,
        "rightAssociative": false,
        "isLoop": false,
        "isAssign": false,
        "prefix": false,
        "postfix": false,
        "binop": null,
        "updateContext": null
      },
      "start": 854,
      "end": 855,
      "loc": {
        "start": {
          "line": 26,
          "column": 0
        },
        "end": {
          "line": 26,
          "column": 1
        }
      }
    },
    {
      "type": {
        "label": ";",
        "beforeExpr": true,
        "startsExpr": false,
        "rightAssociative": false,
        "isLoop": false,
        "isAssign": false,
        "prefix": false,
        "postfix": false,
        "binop": null,
        "updateContext": null
      },
      "start": 855,
      "end": 856,
      "loc": {
        "start": {
          "line": 26,
          "column": 1
        },
        "end": {
          "line": 26,
          "column": 2
        }
      }
    },
    {
      "type": {
        "label": "eof",
        "beforeExpr": false,
        "startsExpr": false,
        "rightAssociative": false,
        "isLoop": false,
        "isAssign": false,
        "prefix": false,
        "postfix": false,
        "binop": null,
        "updateContext": null
      },
      "start": 857,
      "end": 857,
      "loc": {
        "start": {
          "line": 27,
          "column": 0
        },
        "end": {
          "line": 27,
          "column": 0
        }
      }
    }
  ]
}