{
  "type": "File",
  "start": 0,
  "end": 140,
  "loc": {
    "start": {
      "line": 1,
      "column": 0
    },
    "end": {
      "line": 6,
      "column": 0
    }
  },
  "program": {
    "type": "Program",
    "start": 0,
    "end": 140,
    "loc": {
      "start": {
        "line": 1,
        "column": 0
      },
      "end": {
        "line": 6,
        "column": 0
      }
    },
    "sourceType": "module",
    "body": [
      {
        "type": "ImportDeclaration",
        "start": 0,
        "end": 39,
        "loc": {
          "start": {
            "line": 1,
            "column": 0
          },
          "end": {
            "line": 1,
            "column": 39
          }
        },
        "specifiers": [
          {
            "type": "ImportNamespaceSpecifier",
            "start": 7,
            "end": 23,
            "loc": {
              "start": {
                "line": 1,
                "column": 7
              },
              "end": {
                "line": 1,
                "column": 23
              }
            },
            "local": {
              "type": "Identifier",
              "start": 12,
              "end": 23,
              "loc": {
                "start": {
                  "line": 1,
                  "column": 12
                },
                "end": {
                  "line": 1,
                  "column": 23
                },
                "identifierName": "FormioUtils"
              },
              "name": "FormioUtils"
            }
          }
        ],
        "source": {
          "type": "StringLiteral",
          "start": 29,
          "end": 38,
          "loc": {
            "start": {
              "line": 1,
              "column": 29
            },
            "end": {
              "line": 1,
              "column": 38
            }
          },
          "extra": {
            "rawValue": "./utils",
            "raw": "'./utils'"
          },
          "value": "./utils"
        }
      },
      {
        "type": "IfStatement",
        "start": 40,
        "end": 111,
        "loc": {
          "start": {
            "line": 2,
            "column": 0
          },
          "end": {
            "line": 4,
            "column": 1
          }
        },
        "test": {
          "type": "BinaryExpression",
          "start": 44,
          "end": 70,
          "loc": {
            "start": {
              "line": 2,
              "column": 4
            },
            "end": {
              "line": 2,
              "column": 30
            }
          },
          "left": {
            "type": "UnaryExpression",
            "start": 44,
            "end": 57,
            "loc": {
              "start": {
                "line": 2,
                "column": 4
              },
              "end": {
                "line": 2,
                "column": 17
              }
            },
            "operator": "typeof",
            "prefix": true,
            "argument": {
              "type": "Identifier",
              "start": 51,
              "end": 57,
              "loc": {
                "start": {
                  "line": 2,
                  "column": 11
                },
                "end": {
                  "line": 2,
                  "column": 17
                },
                "identifierName": "global"
              },
              "name": "global"
            },
            "extra": {
              "parenthesizedArgument": false
            }
          },
          "operator": "===",
          "right": {
            "type": "StringLiteral",
            "start": 62,
            "end": 70,
            "loc": {
              "start": {
                "line": 2,
                "column": 22
              },
              "end": {
                "line": 2,
                "column": 30
              }
            },
            "extra": {
              "rawValue": "object",
              "raw": "'object'"
            },
            "value": "object"
          }
        },
        "consequent": {
          "type": "BlockStatement",
          "start": 72,
          "end": 111,
          "loc": {
            "start": {
              "line": 2,
              "column": 32
            },
            "end": {
              "line": 4,
              "column": 1
            }
          },
          "body": [
            {
              "type": "ExpressionStatement",
              "start": 76,
              "end": 109,
              "loc": {
                "start": {
                  "line": 3,
                  "column": 2
                },
                "end": {
                  "line": 3,
                  "column": 35
                }
              },
              "expression": {
                "type": "AssignmentExpression",
                "start": 76,
                "end": 108,
                "loc": {
                  "start": {
                    "line": 3,
                    "column": 2
                  },
                  "end": {
                    "line": 3,
                    "column": 34
                  }
                },
                "operator": "=",
                "left": {
                  "type": "MemberExpression",
                  "start": 76,
                  "end": 94,
                  "loc": {
                    "start": {
                      "line": 3,
                      "column": 2
                    },
                    "end": {
                      "line": 3,
                      "column": 20
                    }
                  },
                  "object": {
                    "type": "Identifier",
                    "start": 76,
                    "end": 82,
                    "loc": {
                      "start": {
                        "line": 3,
                        "column": 2
                      },
                      "end": {
                        "line": 3,
                        "column": 8
                      },
                      "identifierName": "global"
                    },
                    "name": "global"
                  },
                  "property": {
                    "type": "Identifier",
                    "start": 83,
                    "end": 94,
                    "loc": {
                      "start": {
                        "line": 3,
                        "column": 9
                      },
                      "end": {
                        "line": 3,
                        "column": 20
                      },
                      "identifierName": "FormioUtils"
                    },
                    "name": "FormioUtils"
                  },
                  "computed": false
                },
                "right": {
                  "type": "Identifier",
                  "start": 97,
                  "end": 108,
                  "loc": {
                    "start": {
                      "line": 3,
                      "column": 23
                    },
                    "end": {
                      "line": 3,
                      "column": 34
                    },
                    "identifierName": "FormioUtils"
                  },
                  "name": "FormioUtils"
                }
              }
            }
          ],
          "directives": []
        },
        "alternate": null
      },
      {
        "type": "ExportDefaultDeclaration",
        "start": 112,
        "end": 139,
        "loc": {
          "start": {
            "line": 5,
            "column": 0
          },
          "end": {
            "line": 5,
            "column": 27
          }
        },
        "declaration": {
          "type": "Identifier",
          "start": 127,
          "end": 138,
          "loc": {
            "start": {
              "line": 5,
              "column": 15
            },
            "end": {
              "line": 5,
              "column": 26
            },
            "identifierName": "FormioUtils"
          },
          "name": "FormioUtils",
          "leadingComments": [],
          "trailingComments": []
        }
      }
    ],
    "directives": []
  },
  "comments": [],
  "tokens": [
    {
      "type": {
        "label": "import",
        "keyword": "import",
        "beforeExpr": false,
        "startsExpr": true,
        "rightAssociative": false,
        "isLoop": false,
        "isAssign": false,
        "prefix": false,
        "postfix": false,
        "binop": null,
        "updateContext": null
      },
      "value": "import",
      "start": 0,
      "end": 6,
      "loc": {
        "start": {
          "line": 1,
          "column": 0
        },
        "end": {
          "line": 1,
          "column": 6
        }
      }
    },
    {
      "type": {
        "label": "*",
        "beforeExpr": true,
        "startsExpr": false,
        "rightAssociative": false,
        "isLoop": false,
        "isAssign": false,
        "prefix": false,
        "postfix": false,
        "binop": 10,
        "updateContext": null
      },
      "value": "*",
      "start": 7,
      "end": 8,
      "loc": {
        "start": {
          "line": 1,
          "column": 7
        },
        "end": {
          "line": 1,
          "column": 8
        }
      }
    },
    {
      "type": {
        "label": "name",
        "beforeExpr": false,
        "startsExpr": true,
        "rightAssociative": false,
        "isLoop": false,
        "isAssign": false,
        "prefix": false,
        "postfix": false,
        "binop": null
      },
      "value": "as",
      "start": 9,
      "end": 11,
      "loc": {
        "start": {
          "line": 1,
          "column": 9
        },
        "end": {
          "line": 1,
          "column": 11
        }
      }
    },
    {
      "type": {
        "label": "name",
        "beforeExpr": false,
        "startsExpr": true,
        "rightAssociative": false,
        "isLoop": false,
        "isAssign": false,
        "prefix": false,
        "postfix": false,
        "binop": null
      },
      "value": "FormioUtils",
      "start": 12,
      "end": 23,
      "loc": {
        "start": {
          "line": 1,
          "column": 12
        },
        "end": {
          "line": 1,
          "column": 23
        }
      }
    },
    {
      "type": {
        "label": "name",
        "beforeExpr": false,
        "startsExpr": true,
        "rightAssociative": false,
        "isLoop": false,
        "isAssign": false,
        "prefix": false,
        "postfix": false,
        "binop": null
      },
      "value": "from",
      "start": 24,
      "end": 28,
      "loc": {
        "start": {
          "line": 1,
          "column": 24
        },
        "end": {
          "line": 1,
          "column": 28
        }
      }
    },
    {
      "type": {
        "label": "string",
        "beforeExpr": false,
        "startsExpr": true,
        "rightAssociative": false,
        "isLoop": false,
        "isAssign": false,
        "prefix": false,
        "postfix": false,
        "binop": null,
        "updateContext": null
      },
      "value": "./utils",
      "start": 29,
      "end": 38,
      "loc": {
        "start": {
          "line": 1,
          "column": 29
        },
        "end": {
          "line": 1,
          "column": 38
        }
      }
    },
    {
      "type": {
        "label": ";",
        "beforeExpr": true,
        "startsExpr": false,
        "rightAssociative": false,
        "isLoop": false,
        "isAssign": false,
        "prefix": false,
        "postfix": false,
        "binop": null,
        "updateContext": null
      },
      "start": 38,
      "end": 39,
      "loc": {
        "start": {
          "line": 1,
          "column": 38
        },
        "end": {
          "line": 1,
          "column": 39
        }
      }
    },
    {
      "type": {
        "label": "if",
        "keyword": "if",
        "beforeExpr": false,
        "startsExpr": false,
        "rightAssociative": false,
        "isLoop": false,
        "isAssign": false,
        "prefix": false,
        "postfix": false,
        "binop": null,
        "updateContext": null
      },
      "value": "if",
      "start": 40,
      "end": 42,
      "loc": {
        "start": {
          "line": 2,
          "column": 0
        },
        "end": {
          "line": 2,
          "column": 2
        }
      }
    },
    {
      "type": {
        "label": "(",
        "beforeExpr": true,
        "startsExpr": true,
        "rightAssociative": false,
        "isLoop": false,
        "isAssign": false,
        "prefix": false,
        "postfix": false,
        "binop": null
      },
      "start": 43,
      "end": 44,
      "loc": {
        "start": {
          "line": 2,
          "column": 3
        },
        "end": {
          "line": 2,
          "column": 4
        }
      }
    },
    {
      "type": {
        "label": "typeof",
        "keyword": "typeof",
        "beforeExpr": true,
        "startsExpr": true,
        "rightAssociative": false,
        "isLoop": false,
        "isAssign": false,
        "prefix": true,
        "postfix": false,
        "binop": null,
        "updateContext": null
      },
      "value": "typeof",
      "start": 44,
      "end": 50,
      "loc": {
        "start": {
          "line": 2,
          "column": 4
        },
        "end": {
          "line": 2,
          "column": 10
        }
      }
    },
    {
      "type": {
        "label": "name",
        "beforeExpr": false,
        "startsExpr": true,
        "rightAssociative": false,
        "isLoop": false,
        "isAssign": false,
        "prefix": false,
        "postfix": false,
        "binop": null
      },
      "value": "global",
      "start": 51,
      "end": 57,
      "loc": {
        "start": {
          "line": 2,
          "column": 11
        },
        "end": {
          "line": 2,
          "column": 17
        }
      }
    },
    {
      "type": {
        "label": "==/!=",
        "beforeExpr": true,
        "startsExpr": false,
        "rightAssociative": false,
        "isLoop": false,
        "isAssign": false,
        "prefix": false,
        "postfix": false,
        "binop": 6,
        "updateContext": null
      },
      "value": "===",
      "start": 58,
      "end": 61,
      "loc": {
        "start": {
          "line": 2,
          "column": 18
        },
        "end": {
          "line": 2,
          "column": 21
        }
      }
    },
    {
      "type": {
        "label": "string",
        "beforeExpr": false,
        "startsExpr": true,
        "rightAssociative": false,
        "isLoop": false,
        "isAssign": false,
        "prefix": false,
        "postfix": false,
        "binop": null,
        "updateContext": null
      },
      "value": "object",
      "start": 62,
      "end": 70,
      "loc": {
        "start": {
          "line": 2,
          "column": 22
        },
        "end": {
          "line": 2,
          "column": 30
        }
      }
    },
    {
      "type": {
        "label": ")",
        "beforeExpr": false,
        "startsExpr": false,
        "rightAssociative": false,
        "isLoop": false,
        "isAssign": false,
        "prefix": false,
        "postfix": false,
        "binop": null
      },
      "start": 70,
      "end": 71,
      "loc": {
        "start": {
          "line": 2,
          "column": 30
        },
        "end": {
          "line": 2,
          "column": 31
        }
      }
    },
    {
      "type": {
        "label": "{",
        "beforeExpr": true,
        "startsExpr": true,
        "rightAssociative": false,
        "isLoop": false,
        "isAssign": false,
        "prefix": false,
        "postfix": false,
        "binop": null
      },
      "start": 72,
      "end": 73,
      "loc": {
        "start": {
          "line": 2,
          "column": 32
        },
        "end": {
          "line": 2,
          "column": 33
        }
      }
    },
    {
      "type": {
        "label": "name",
        "beforeExpr": false,
        "startsExpr": true,
        "rightAssociative": false,
        "isLoop": false,
        "isAssign": false,
        "prefix": false,
        "postfix": false,
        "binop": null
      },
      "value": "global",
      "start": 76,
      "end": 82,
      "loc": {
        "start": {
          "line": 3,
          "column": 2
        },
        "end": {
          "line": 3,
          "column": 8
        }
      }
    },
    {
      "type": {
        "label": ".",
        "beforeExpr": false,
        "startsExpr": false,
        "rightAssociative": false,
        "isLoop": false,
        "isAssign": false,
        "prefix": false,
        "postfix": false,
        "binop": null,
        "updateContext": null
      },
      "start": 82,
      "end": 83,
      "loc": {
        "start": {
          "line": 3,
          "column": 8
        },
        "end": {
          "line": 3,
          "column": 9
        }
      }
    },
    {
      "type": {
        "label": "name",
        "beforeExpr": false,
        "startsExpr": true,
        "rightAssociative": false,
        "isLoop": false,
        "isAssign": false,
        "prefix": false,
        "postfix": false,
        "binop": null
      },
      "value": "FormioUtils",
      "start": 83,
      "end": 94,
      "loc": {
        "start": {
          "line": 3,
          "column": 9
        },
        "end": {
          "line": 3,
          "column": 20
        }
      }
    },
    {
      "type": {
        "label": "=",
        "beforeExpr": true,
        "startsExpr": false,
        "rightAssociative": false,
        "isLoop": false,
        "isAssign": true,
        "prefix": false,
        "postfix": false,
        "binop": null,
        "updateContext": null
      },
      "value": "=",
      "start": 95,
      "end": 96,
      "loc": {
        "start": {
          "line": 3,
          "column": 21
        },
        "end": {
          "line": 3,
          "column": 22
        }
      }
    },
    {
      "type": {
        "label": "name",
        "beforeExpr": false,
        "startsExpr": true,
        "rightAssociative": false,
        "isLoop": false,
        "isAssign": false,
        "prefix": false,
        "postfix": false,
        "binop": null
      },
      "value": "FormioUtils",
      "start": 97,
      "end": 108,
      "loc": {
        "start": {
          "line": 3,
          "column": 23
        },
        "end": {
          "line": 3,
          "column": 34
        }
      }
    },
    {
      "type": {
        "label": ";",
        "beforeExpr": true,
        "startsExpr": false,
        "rightAssociative": false,
        "isLoop": false,
        "isAssign": false,
        "prefix": false,
        "postfix": false,
        "binop": null,
        "updateContext": null
      },
      "start": 108,
      "end": 109,
      "loc": {
        "start": {
          "line": 3,
          "column": 34
        },
        "end": {
          "line": 3,
          "column": 35
        }
      }
    },
    {
      "type": {
        "label": "}",
        "beforeExpr": false,
        "startsExpr": false,
        "rightAssociative": false,
        "isLoop": false,
        "isAssign": false,
        "prefix": false,
        "postfix": false,
        "binop": null
      },
      "start": 110,
      "end": 111,
      "loc": {
        "start": {
          "line": 4,
          "column": 0
        },
        "end": {
          "line": 4,
          "column": 1
        }
      }
    },
    {
      "type": {
        "label": "export",
        "keyword": "export",
        "beforeExpr": false,
        "startsExpr": false,
        "rightAssociative": false,
        "isLoop": false,
        "isAssign": false,
        "prefix": false,
        "postfix": false,
        "binop": null,
        "updateContext": null
      },
      "value": "export",
      "start": 112,
      "end": 118,
      "loc": {
        "start": {
          "line": 5,
          "column": 0
        },
        "end": {
          "line": 5,
          "column": 6
        }
      }
    },
    {
      "type": {
        "label": "default",
        "keyword": "default",
        "beforeExpr": true,
        "startsExpr": false,
        "rightAssociative": false,
        "isLoop": false,
        "isAssign": false,
        "prefix": false,
        "postfix": false,
        "binop": null,
        "updateContext": null
      },
      "value": "default",
      "start": 119,
      "end": 126,
      "loc": {
        "start": {
          "line": 5,
          "column": 7
        },
        "end": {
          "line": 5,
          "column": 14
        }
      }
    },
    {
      "type": {
        "label": "name",
        "beforeExpr": false,
        "startsExpr": true,
        "rightAssociative": false,
        "isLoop": false,
        "isAssign": false,
        "prefix": false,
        "postfix": false,
        "binop": null
      },
      "value": "FormioUtils",
      "start": 127,
      "end": 138,
      "loc": {
        "start": {
          "line": 5,
          "column": 15
        },
        "end": {
          "line": 5,
          "column": 26
        }
      }
    },
    {
      "type": {
        "label": ";",
        "beforeExpr": true,
        "startsExpr": false,
        "rightAssociative": false,
        "isLoop": false,
        "isAssign": false,
        "prefix": false,
        "postfix": false,
        "binop": null,
        "updateContext": null
      },
      "start": 138,
      "end": 139,
      "loc": {
        "start": {
          "line": 5,
          "column": 26
        },
        "end": {
          "line": 5,
          "column": 27
        }
      }
    },
    {
      "type": {
        "label": "eof",
        "beforeExpr": false,
        "startsExpr": false,
        "rightAssociative": false,
        "isLoop": false,
        "isAssign": false,
        "prefix": false,
        "postfix": false,
        "binop": null,
        "updateContext": null
      },
      "start": 140,
      "end": 140,
      "loc": {
        "start": {
          "line": 6,
          "column": 0
        },
        "end": {
          "line": 6,
          "column": 0
        }
      }
    }
  ]
}