{
  "type": "File",
  "start": 0,
  "end": 510,
  "loc": {
    "start": {
      "line": 1,
      "column": 0
    },
    "end": {
      "line": 29,
      "column": 0
    }
  },
  "program": {
    "type": "Program",
    "start": 0,
    "end": 510,
    "loc": {
      "start": {
        "line": 1,
        "column": 0
      },
      "end": {
        "line": 29,
        "column": 0
      }
    },
    "sourceType": "module",
    "body": [
      {
        "type": "ExportDefaultDeclaration",
        "start": 0,
        "end": 509,
        "loc": {
          "start": {
            "line": 1,
            "column": 0
          },
          "end": {
            "line": 28,
            "column": 2
          }
        },
        "declaration": {
          "type": "ArrayExpression",
          "start": 15,
          "end": 508,
          "loc": {
            "start": {
              "line": 1,
              "column": 15
            },
            "end": {
              "line": 28,
              "column": 1
            }
          },
          "elements": [
            {
              "type": "ObjectExpression",
              "start": 19,
              "end": 506,
              "loc": {
                "start": {
                  "line": 2,
                  "column": 2
                },
                "end": {
                  "line": 27,
                  "column": 3
                }
              },
              "properties": [
                {
                  "type": "ObjectProperty",
                  "start": 25,
                  "end": 39,
                  "loc": {
                    "start": {
                      "line": 3,
                      "column": 4
                    },
                    "end": {
                      "line": 3,
                      "column": 18
                    }
                  },
                  "method": false,
                  "shorthand": false,
                  "computed": false,
                  "key": {
                    "type": "Identifier",
                    "start": 25,
                    "end": 29,
                    "loc": {
                      "start": {
                        "line": 3,
                        "column": 4
                      },
                      "end": {
                        "line": 3,
                        "column": 8
                      },
                      "identifierName": "type"
                    },
                    "name": "type"
                  },
                  "value": {
                    "type": "StringLiteral",
                    "start": 31,
                    "end": 39,
                    "loc": {
                      "start": {
                        "line": 3,
                        "column": 10
                      },
                      "end": {
                        "line": 3,
                        "column": 18
                      }
                    },
                    "extra": {
                      "rawValue": "select",
                      "raw": "'select'"
                    },
                    "value": "select"
                  }
                },
                {
                  "type": "ObjectProperty",
                  "start": 45,
                  "end": 66,
                  "loc": {
                    "start": {
                      "line": 4,
                      "column": 4
                    },
                    "end": {
                      "line": 4,
                      "column": 25
                    }
                  },
                  "method": false,
                  "shorthand": false,
                  "computed": false,
                  "key": {
                    "type": "Identifier",
                    "start": 45,
                    "end": 50,
                    "loc": {
                      "start": {
                        "line": 4,
                        "column": 4
                      },
                      "end": {
                        "line": 4,
                        "column": 9
                      },
                      "identifierName": "label"
                    },
                    "name": "label"
                  },
                  "value": {
                    "type": "StringLiteral",
                    "start": 52,
                    "end": 66,
                    "loc": {
                      "start": {
                        "line": 4,
                        "column": 11
                      },
                      "end": {
                        "line": 4,
                        "column": 25
                      }
                    },
                    "extra": {
                      "rawValue": "Input Format",
                      "raw": "'Input Format'"
                    },
                    "value": "Input Format"
                  }
                },
                {
                  "type": "ObjectProperty",
                  "start": 72,
                  "end": 90,
                  "loc": {
                    "start": {
                      "line": 5,
                      "column": 4
                    },
                    "end": {
                      "line": 5,
                      "column": 22
                    }
                  },
                  "method": false,
                  "shorthand": false,
                  "computed": false,
                  "key": {
                    "type": "Identifier",
                    "start": 72,
                    "end": 75,
                    "loc": {
                      "start": {
                        "line": 5,
                        "column": 4
                      },
                      "end": {
                        "line": 5,
                        "column": 7
                      },
                      "identifierName": "key"
                    },
                    "name": "key"
                  },
                  "value": {
                    "type": "StringLiteral",
                    "start": 77,
                    "end": 90,
                    "loc": {
                      "start": {
                        "line": 5,
                        "column": 9
                      },
                      "end": {
                        "line": 5,
                        "column": 22
                      }
                    },
                    "extra": {
                      "rawValue": "inputFormat",
                      "raw": "'inputFormat'"
                    },
                    "value": "inputFormat"
                  }
                },
                {
                  "type": "ObjectProperty",
                  "start": 96,
                  "end": 107,
                  "loc": {
                    "start": {
                      "line": 6,
                      "column": 4
                    },
                    "end": {
                      "line": 6,
                      "column": 15
                    }
                  },
                  "method": false,
                  "shorthand": false,
                  "computed": false,
                  "key": {
                    "type": "Identifier",
                    "start": 96,
                    "end": 102,
                    "loc": {
                      "start": {
                        "line": 6,
                        "column": 4
                      },
                      "end": {
                        "line": 6,
                        "column": 10
                      },
                      "identifierName": "weight"
                    },
                    "name": "weight"
                  },
                  "value": {
                    "type": "NumericLiteral",
                    "start": 104,
                    "end": 107,
                    "loc": {
                      "start": {
                        "line": 6,
                        "column": 12
                      },
                      "end": {
                        "line": 6,
                        "column": 15
                      }
                    },
                    "extra": {
                      "rawValue": 105,
                      "raw": "105"
                    },
                    "value": 105
                  }
                },
                {
                  "type": "ObjectProperty",
                  "start": 113,
                  "end": 140,
                  "loc": {
                    "start": {
                      "line": 7,
                      "column": 4
                    },
                    "end": {
                      "line": 7,
                      "column": 31
                    }
                  },
                  "method": false,
                  "shorthand": false,
                  "computed": false,
                  "key": {
                    "type": "Identifier",
                    "start": 113,
                    "end": 124,
                    "loc": {
                      "start": {
                        "line": 7,
                        "column": 4
                      },
                      "end": {
                        "line": 7,
                        "column": 15
                      },
                      "identifierName": "placeholder"
                    },
                    "name": "placeholder"
                  },
                  "value": {
                    "type": "StringLiteral",
                    "start": 126,
                    "end": 140,
                    "loc": {
                      "start": {
                        "line": 7,
                        "column": 17
                      },
                      "end": {
                        "line": 7,
                        "column": 31
                      }
                    },
                    "extra": {
                      "rawValue": "Input Format",
                      "raw": "'Input Format'"
                    },
                    "value": "Input Format"
                  }
                },
                {
                  "type": "ObjectProperty",
                  "start": 146,
                  "end": 157,
                  "loc": {
                    "start": {
                      "line": 8,
                      "column": 4
                    },
                    "end": {
                      "line": 8,
                      "column": 15
                    }
                  },
                  "method": false,
                  "shorthand": false,
                  "computed": false,
                  "key": {
                    "type": "Identifier",
                    "start": 146,
                    "end": 153,
                    "loc": {
                      "start": {
                        "line": 8,
                        "column": 4
                      },
                      "end": {
                        "line": 8,
                        "column": 11
                      },
                      "identifierName": "tooltip"
                    },
                    "name": "tooltip"
                  },
                  "value": {
                    "type": "StringLiteral",
                    "start": 155,
                    "end": 157,
                    "loc": {
                      "start": {
                        "line": 8,
                        "column": 13
                      },
                      "end": {
                        "line": 8,
                        "column": 15
                      }
                    },
                    "extra": {
                      "rawValue": "",
                      "raw": "''"
                    },
                    "value": ""
                  }
                },
                {
                  "type": "ObjectProperty",
                  "start": 163,
                  "end": 204,
                  "loc": {
                    "start": {
                      "line": 9,
                      "column": 4
                    },
                    "end": {
                      "line": 9,
                      "column": 45
                    }
                  },
                  "method": false,
                  "shorthand": false,
                  "computed": false,
                  "key": {
                    "type": "Identifier",
                    "start": 163,
                    "end": 171,
                    "loc": {
                      "start": {
                        "line": 9,
                        "column": 4
                      },
                      "end": {
                        "line": 9,
                        "column": 12
                      },
                      "identifierName": "template"
                    },
                    "name": "template"
                  },
                  "value": {
                    "type": "StringLiteral",
                    "start": 173,
                    "end": 204,
                    "loc": {
                      "start": {
                        "line": 9,
                        "column": 14
                      },
                      "end": {
                        "line": 9,
                        "column": 45
                      }
                    },
                    "extra": {
                      "rawValue": "<span>{{ item.label }}</span>",
                      "raw": "'<span>{{ item.label }}</span>'"
                    },
                    "value": "<span>{{ item.label }}</span>"
                  }
                },
                {
                  "type": "ObjectProperty",
                  "start": 210,
                  "end": 458,
                  "loc": {
                    "start": {
                      "line": 10,
                      "column": 4
                    },
                    "end": {
                      "line": 24,
                      "column": 5
                    }
                  },
                  "method": false,
                  "shorthand": false,
                  "computed": false,
                  "key": {
                    "type": "Identifier",
                    "start": 210,
                    "end": 214,
                    "loc": {
                      "start": {
                        "line": 10,
                        "column": 4
                      },
                      "end": {
                        "line": 10,
                        "column": 8
                      },
                      "identifierName": "data"
                    },
                    "name": "data"
                  },
                  "value": {
                    "type": "ObjectExpression",
                    "start": 216,
                    "end": 458,
                    "loc": {
                      "start": {
                        "line": 10,
                        "column": 10
                      },
                      "end": {
                        "line": 24,
                        "column": 5
                      }
                    },
                    "properties": [
                      {
                        "type": "ObjectProperty",
                        "start": 224,
                        "end": 452,
                        "loc": {
                          "start": {
                            "line": 11,
                            "column": 6
                          },
                          "end": {
                            "line": 23,
                            "column": 7
                          }
                        },
                        "method": false,
                        "shorthand": false,
                        "computed": false,
                        "key": {
                          "type": "Identifier",
                          "start": 224,
                          "end": 230,
                          "loc": {
                            "start": {
                              "line": 11,
                              "column": 6
                            },
                            "end": {
                              "line": 11,
                              "column": 12
                            },
                            "identifierName": "values"
                          },
                          "name": "values"
                        },
                        "value": {
                          "type": "ArrayExpression",
                          "start": 232,
                          "end": 452,
                          "loc": {
                            "start": {
                              "line": 11,
                              "column": 14
                            },
                            "end": {
                              "line": 23,
                              "column": 7
                            }
                          },
                          "elements": [
                            {
                              "type": "ObjectExpression",
                              "start": 242,
                              "end": 304,
                              "loc": {
                                "start": {
                                  "line": 12,
                                  "column": 8
                                },
                                "end": {
                                  "line": 15,
                                  "column": 9
                                }
                              },
                              "properties": [
                                {
                                  "type": "ObjectProperty",
                                  "start": 254,
                                  "end": 268,
                                  "loc": {
                                    "start": {
                                      "line": 13,
                                      "column": 10
                                    },
                                    "end": {
                                      "line": 13,
                                      "column": 24
                                    }
                                  },
                                  "method": false,
                                  "shorthand": false,
                                  "computed": false,
                                  "key": {
                                    "type": "Identifier",
                                    "start": 254,
                                    "end": 259,
                                    "loc": {
                                      "start": {
                                        "line": 13,
                                        "column": 10
                                      },
                                      "end": {
                                        "line": 13,
                                        "column": 15
                                      },
                                      "identifierName": "value"
                                    },
                                    "name": "value"
                                  },
                                  "value": {
                                    "type": "StringLiteral",
                                    "start": 261,
                                    "end": 268,
                                    "loc": {
                                      "start": {
                                        "line": 13,
                                        "column": 17
                                      },
                                      "end": {
                                        "line": 13,
                                        "column": 24
                                      }
                                    },
                                    "extra": {
                                      "rawValue": "plain",
                                      "raw": "'plain'"
                                    },
                                    "value": "plain"
                                  }
                                },
                                {
                                  "type": "ObjectProperty",
                                  "start": 280,
                                  "end": 294,
                                  "loc": {
                                    "start": {
                                      "line": 14,
                                      "column": 10
                                    },
                                    "end": {
                                      "line": 14,
                                      "column": 24
                                    }
                                  },
                                  "method": false,
                                  "shorthand": false,
                                  "computed": false,
                                  "key": {
                                    "type": "Identifier",
                                    "start": 280,
                                    "end": 285,
                                    "loc": {
                                      "start": {
                                        "line": 14,
                                        "column": 10
                                      },
                                      "end": {
                                        "line": 14,
                                        "column": 15
                                      },
                                      "identifierName": "label"
                                    },
                                    "name": "label"
                                  },
                                  "value": {
                                    "type": "StringLiteral",
                                    "start": 287,
                                    "end": 294,
                                    "loc": {
                                      "start": {
                                        "line": 14,
                                        "column": 17
                                      },
                                      "end": {
                                        "line": 14,
                                        "column": 24
                                      }
                                    },
                                    "extra": {
                                      "rawValue": "Plain",
                                      "raw": "'Plain'"
                                    },
                                    "value": "Plain"
                                  }
                                }
                              ]
                            },
                            {
                              "type": "ObjectExpression",
                              "start": 314,
                              "end": 374,
                              "loc": {
                                "start": {
                                  "line": 16,
                                  "column": 8
                                },
                                "end": {
                                  "line": 19,
                                  "column": 9
                                }
                              },
                              "properties": [
                                {
                                  "type": "ObjectProperty",
                                  "start": 326,
                                  "end": 339,
                                  "loc": {
                                    "start": {
                                      "line": 17,
                                      "column": 10
                                    },
                                    "end": {
                                      "line": 17,
                                      "column": 23
                                    }
                                  },
                                  "method": false,
                                  "shorthand": false,
                                  "computed": false,
                                  "key": {
                                    "type": "Identifier",
                                    "start": 326,
                                    "end": 331,
                                    "loc": {
                                      "start": {
                                        "line": 17,
                                        "column": 10
                                      },
                                      "end": {
                                        "line": 17,
                                        "column": 15
                                      },
                                      "identifierName": "value"
                                    },
                                    "name": "value"
                                  },
                                  "value": {
                                    "type": "StringLiteral",
                                    "start": 333,
                                    "end": 339,
                                    "loc": {
                                      "start": {
                                        "line": 17,
                                        "column": 17
                                      },
                                      "end": {
                                        "line": 17,
                                        "column": 23
                                      }
                                    },
                                    "extra": {
                                      "rawValue": "html",
                                      "raw": "'html'"
                                    },
                                    "value": "html"
                                  }
                                },
                                {
                                  "type": "ObjectProperty",
                                  "start": 351,
                                  "end": 364,
                                  "loc": {
                                    "start": {
                                      "line": 18,
                                      "column": 10
                                    },
                                    "end": {
                                      "line": 18,
                                      "column": 23
                                    }
                                  },
                                  "method": false,
                                  "shorthand": false,
                                  "computed": false,
                                  "key": {
                                    "type": "Identifier",
                                    "start": 351,
                                    "end": 356,
                                    "loc": {
                                      "start": {
                                        "line": 18,
                                        "column": 10
                                      },
                                      "end": {
                                        "line": 18,
                                        "column": 15
                                      },
                                      "identifierName": "label"
                                    },
                                    "name": "label"
                                  },
                                  "value": {
                                    "type": "StringLiteral",
                                    "start": 358,
                                    "end": 364,
                                    "loc": {
                                      "start": {
                                        "line": 18,
                                        "column": 17
                                      },
                                      "end": {
                                        "line": 18,
                                        "column": 23
                                      }
                                    },
                                    "extra": {
                                      "rawValue": "HTML",
                                      "raw": "'HTML'"
                                    },
                                    "value": "HTML"
                                  }
                                }
                              ]
                            },
                            {
                              "type": "ObjectExpression",
                              "start": 375,
                              "end": 444,
                              "loc": {
                                "start": {
                                  "line": 19,
                                  "column": 10
                                },
                                "end": {
                                  "line": 22,
                                  "column": 9
                                }
                              },
                              "properties": [
                                {
                                  "type": "ObjectProperty",
                                  "start": 387,
                                  "end": 399,
                                  "loc": {
                                    "start": {
                                      "line": 20,
                                      "column": 10
                                    },
                                    "end": {
                                      "line": 20,
                                      "column": 22
                                    }
                                  },
                                  "method": false,
                                  "shorthand": false,
                                  "computed": false,
                                  "key": {
                                    "type": "Identifier",
                                    "start": 387,
                                    "end": 392,
                                    "loc": {
                                      "start": {
                                        "line": 20,
                                        "column": 10
                                      },
                                      "end": {
                                        "line": 20,
                                        "column": 15
                                      },
                                      "identifierName": "value"
                                    },
                                    "name": "value"
                                  },
                                  "value": {
                                    "type": "StringLiteral",
                                    "start": 394,
                                    "end": 399,
                                    "loc": {
                                      "start": {
                                        "line": 20,
                                        "column": 17
                                      },
                                      "end": {
                                        "line": 20,
                                        "column": 22
                                      }
                                    },
                                    "extra": {
                                      "rawValue": "raw",
                                      "raw": "'raw'"
                                    },
                                    "value": "raw"
                                  }
                                },
                                {
                                  "type": "ObjectProperty",
                                  "start": 411,
                                  "end": 434,
                                  "loc": {
                                    "start": {
                                      "line": 21,
                                      "column": 10
                                    },
                                    "end": {
                                      "line": 21,
                                      "column": 33
                                    }
                                  },
                                  "method": false,
                                  "shorthand": false,
                                  "computed": false,
                                  "key": {
                                    "type": "Identifier",
                                    "start": 411,
                                    "end": 416,
                                    "loc": {
                                      "start": {
                                        "line": 21,
                                        "column": 10
                                      },
                                      "end": {
                                        "line": 21,
                                        "column": 15
                                      },
                                      "identifierName": "label"
                                    },
                                    "name": "label"
                                  },
                                  "value": {
                                    "type": "StringLiteral",
                                    "start": 418,
                                    "end": 434,
                                    "loc": {
                                      "start": {
                                        "line": 21,
                                        "column": 17
                                      },
                                      "end": {
                                        "line": 21,
                                        "column": 33
                                      }
                                    },
                                    "extra": {
                                      "rawValue": "Raw (Insecure)",
                                      "raw": "'Raw (Insecure)'"
                                    },
                                    "value": "Raw (Insecure)"
                                  }
                                }
                              ]
                            }
                          ]
                        }
                      }
                    ]
                  }
                },
                {
                  "type": "ObjectProperty",
                  "start": 464,
                  "end": 485,
                  "loc": {
                    "start": {
                      "line": 25,
                      "column": 4
                    },
                    "end": {
                      "line": 25,
                      "column": 25
                    }
                  },
                  "method": false,
                  "shorthand": false,
                  "computed": false,
                  "key": {
                    "type": "Identifier",
                    "start": 464,
                    "end": 476,
                    "loc": {
                      "start": {
                        "line": 25,
                        "column": 4
                      },
                      "end": {
                        "line": 25,
                        "column": 16
                      },
                      "identifierName": "defaultValue"
                    },
                    "name": "defaultValue"
                  },
                  "value": {
                    "type": "StringLiteral",
                    "start": 478,
                    "end": 485,
                    "loc": {
                      "start": {
                        "line": 25,
                        "column": 18
                      },
                      "end": {
                        "line": 25,
                        "column": 25
                      }
                    },
                    "extra": {
                      "rawValue": "plain",
                      "raw": "'plain'"
                    },
                    "value": "plain"
                  }
                },
                {
                  "type": "ObjectProperty",
                  "start": 491,
                  "end": 502,
                  "loc": {
                    "start": {
                      "line": 26,
                      "column": 4
                    },
                    "end": {
                      "line": 26,
                      "column": 15
                    }
                  },
                  "method": false,
                  "shorthand": false,
                  "computed": false,
                  "key": {
                    "type": "Identifier",
                    "start": 491,
                    "end": 496,
                    "loc": {
                      "start": {
                        "line": 26,
                        "column": 4
                      },
                      "end": {
                        "line": 26,
                        "column": 9
                      },
                      "identifierName": "input"
                    },
                    "name": "input"
                  },
                  "value": {
                    "type": "BooleanLiteral",
                    "start": 498,
                    "end": 502,
                    "loc": {
                      "start": {
                        "line": 26,
                        "column": 11
                      },
                      "end": {
                        "line": 26,
                        "column": 15
                      }
                    },
                    "value": true
                  }
                }
              ]
            }
          ],
          "leadingComments": [],
          "trailingComments": []
        }
      }
    ],
    "directives": []
  },
  "comments": [],
  "tokens": [
    {
      "type": {
        "label": "export",
        "keyword": "export",
        "beforeExpr": false,
        "startsExpr": false,
        "rightAssociative": false,
        "isLoop": false,
        "isAssign": false,
        "prefix": false,
        "postfix": false,
        "binop": null,
        "updateContext": null
      },
      "value": "export",
      "start": 0,
      "end": 6,
      "loc": {
        "start": {
          "line": 1,
          "column": 0
        },
        "end": {
          "line": 1,
          "column": 6
        }
      }
    },
    {
      "type": {
        "label": "default",
        "keyword": "default",
        "beforeExpr": true,
        "startsExpr": false,
        "rightAssociative": false,
        "isLoop": false,
        "isAssign": false,
        "prefix": false,
        "postfix": false,
        "binop": null,
        "updateContext": null
      },
      "value": "default",
      "start": 7,
      "end": 14,
      "loc": {
        "start": {
          "line": 1,
          "column": 7
        },
        "end": {
          "line": 1,
          "column": 14
        }
      }
    },
    {
      "type": {
        "label": "[",
        "beforeExpr": true,
        "startsExpr": true,
        "rightAssociative": false,
        "isLoop": false,
        "isAssign": false,
        "prefix": false,
        "postfix": false,
        "binop": null,
        "updateContext": null
      },
      "start": 15,
      "end": 16,
      "loc": {
        "start": {
          "line": 1,
          "column": 15
        },
        "end": {
          "line": 1,
          "column": 16
        }
      }
    },
    {
      "type": {
        "label": "{",
        "beforeExpr": true,
        "startsExpr": true,
        "rightAssociative": false,
        "isLoop": false,
        "isAssign": false,
        "prefix": false,
        "postfix": false,
        "binop": null
      },
      "start": 19,
      "end": 20,
      "loc": {
        "start": {
          "line": 2,
          "column": 2
        },
        "end": {
          "line": 2,
          "column": 3
        }
      }
    },
    {
      "type": {
        "label": "name",
        "beforeExpr": false,
        "startsExpr": true,
        "rightAssociative": false,
        "isLoop": false,
        "isAssign": false,
        "prefix": false,
        "postfix": false,
        "binop": null
      },
      "value": "type",
      "start": 25,
      "end": 29,
      "loc": {
        "start": {
          "line": 3,
          "column": 4
        },
        "end": {
          "line": 3,
          "column": 8
        }
      }
    },
    {
      "type": {
        "label": ":",
        "beforeExpr": true,
        "startsExpr": false,
        "rightAssociative": false,
        "isLoop": false,
        "isAssign": false,
        "prefix": false,
        "postfix": false,
        "binop": null,
        "updateContext": null
      },
      "start": 29,
      "end": 30,
      "loc": {
        "start": {
          "line": 3,
          "column": 8
        },
        "end": {
          "line": 3,
          "column": 9
        }
      }
    },
    {
      "type": {
        "label": "string",
        "beforeExpr": false,
        "startsExpr": true,
        "rightAssociative": false,
        "isLoop": false,
        "isAssign": false,
        "prefix": false,
        "postfix": false,
        "binop": null,
        "updateContext": null
      },
      "value": "select",
      "start": 31,
      "end": 39,
      "loc": {
        "start": {
          "line": 3,
          "column": 10
        },
        "end": {
          "line": 3,
          "column": 18
        }
      }
    },
    {
      "type": {
        "label": ",",
        "beforeExpr": true,
        "startsExpr": false,
        "rightAssociative": false,
        "isLoop": false,
        "isAssign": false,
        "prefix": false,
        "postfix": false,
        "binop": null,
        "updateContext": null
      },
      "start": 39,
      "end": 40,
      "loc": {
        "start": {
          "line": 3,
          "column": 18
        },
        "end": {
          "line": 3,
          "column": 19
        }
      }
    },
    {
      "type": {
        "label": "name",
        "beforeExpr": false,
        "startsExpr": true,
        "rightAssociative": false,
        "isLoop": false,
        "isAssign": false,
        "prefix": false,
        "postfix": false,
        "binop": null
      },
      "value": "label",
      "start": 45,
      "end": 50,
      "loc": {
        "start": {
          "line": 4,
          "column": 4
        },
        "end": {
          "line": 4,
          "column": 9
        }
      }
    },
    {
      "type": {
        "label": ":",
        "beforeExpr": true,
        "startsExpr": false,
        "rightAssociative": false,
        "isLoop": false,
        "isAssign": false,
        "prefix": false,
        "postfix": false,
        "binop": null,
        "updateContext": null
      },
      "start": 50,
      "end": 51,
      "loc": {
        "start": {
          "line": 4,
          "column": 9
        },
        "end": {
          "line": 4,
          "column": 10
        }
      }
    },
    {
      "type": {
        "label": "string",
        "beforeExpr": false,
        "startsExpr": true,
        "rightAssociative": false,
        "isLoop": false,
        "isAssign": false,
        "prefix": false,
        "postfix": false,
        "binop": null,
        "updateContext": null
      },
      "value": "Input Format",
      "start": 52,
      "end": 66,
      "loc": {
        "start": {
          "line": 4,
          "column": 11
        },
        "end": {
          "line": 4,
          "column": 25
        }
      }
    },
    {
      "type": {
        "label": ",",
        "beforeExpr": true,
        "startsExpr": false,
        "rightAssociative": false,
        "isLoop": false,
        "isAssign": false,
        "prefix": false,
        "postfix": false,
        "binop": null,
        "updateContext": null
      },
      "start": 66,
      "end": 67,
      "loc": {
        "start": {
          "line": 4,
          "column": 25
        },
        "end": {
          "line": 4,
          "column": 26
        }
      }
    },
    {
      "type": {
        "label": "name",
        "beforeExpr": false,
        "startsExpr": true,
        "rightAssociative": false,
        "isLoop": false,
        "isAssign": false,
        "prefix": false,
        "postfix": false,
        "binop": null
      },
      "value": "key",
      "start": 72,
      "end": 75,
      "loc": {
        "start": {
          "line": 5,
          "column": 4
        },
        "end": {
          "line": 5,
          "column": 7
        }
      }
    },
    {
      "type": {
        "label": ":",
        "beforeExpr": true,
        "startsExpr": false,
        "rightAssociative": false,
        "isLoop": false,
        "isAssign": false,
        "prefix": false,
        "postfix": false,
        "binop": null,
        "updateContext": null
      },
      "start": 75,
      "end": 76,
      "loc": {
        "start": {
          "line": 5,
          "column": 7
        },
        "end": {
          "line": 5,
          "column": 8
        }
      }
    },
    {
      "type": {
        "label": "string",
        "beforeExpr": false,
        "startsExpr": true,
        "rightAssociative": false,
        "isLoop": false,
        "isAssign": false,
        "prefix": false,
        "postfix": false,
        "binop": null,
        "updateContext": null
      },
      "value": "inputFormat",
      "start": 77,
      "end": 90,
      "loc": {
        "start": {
          "line": 5,
          "column": 9
        },
        "end": {
          "line": 5,
          "column": 22
        }
      }
    },
    {
      "type": {
        "label": ",",
        "beforeExpr": true,
        "startsExpr": false,
        "rightAssociative": false,
        "isLoop": false,
        "isAssign": false,
        "prefix": false,
        "postfix": false,
        "binop": null,
        "updateContext": null
      },
      "start": 90,
      "end": 91,
      "loc": {
        "start": {
          "line": 5,
          "column": 22
        },
        "end": {
          "line": 5,
          "column": 23
        }
      }
    },
    {
      "type": {
        "label": "name",
        "beforeExpr": false,
        "startsExpr": true,
        "rightAssociative": false,
        "isLoop": false,
        "isAssign": false,
        "prefix": false,
        "postfix": false,
        "binop": null
      },
      "value": "weight",
      "start": 96,
      "end": 102,
      "loc": {
        "start": {
          "line": 6,
          "column": 4
        },
        "end": {
          "line": 6,
          "column": 10
        }
      }
    },
    {
      "type": {
        "label": ":",
        "beforeExpr": true,
        "startsExpr": false,
        "rightAssociative": false,
        "isLoop": false,
        "isAssign": false,
        "prefix": false,
        "postfix": false,
        "binop": null,
        "updateContext": null
      },
      "start": 102,
      "end": 103,
      "loc": {
        "start": {
          "line": 6,
          "column": 10
        },
        "end": {
          "line": 6,
          "column": 11
        }
      }
    },
    {
      "type": {
        "label": "num",
        "beforeExpr": false,
        "startsExpr": true,
        "rightAssociative": false,
        "isLoop": false,
        "isAssign": false,
        "prefix": false,
        "postfix": false,
        "binop": null,
        "updateContext": null
      },
      "value": 105,
      "start": 104,
      "end": 107,
      "loc": {
        "start": {
          "line": 6,
          "column": 12
        },
        "end": {
          "line": 6,
          "column": 15
        }
      }
    },
    {
      "type": {
        "label": ",",
        "beforeExpr": true,
        "startsExpr": false,
        "rightAssociative": false,
        "isLoop": false,
        "isAssign": false,
        "prefix": false,
        "postfix": false,
        "binop": null,
        "updateContext": null
      },
      "start": 107,
      "end": 108,
      "loc": {
        "start": {
          "line": 6,
          "column": 15
        },
        "end": {
          "line": 6,
          "column": 16
        }
      }
    },
    {
      "type": {
        "label": "name",
        "beforeExpr": false,
        "startsExpr": true,
        "rightAssociative": false,
        "isLoop": false,
        "isAssign": false,
        "prefix": false,
        "postfix": false,
        "binop": null
      },
      "value": "placeholder",
      "start": 113,
      "end": 124,
      "loc": {
        "start": {
          "line": 7,
          "column": 4
        },
        "end": {
          "line": 7,
          "column": 15
        }
      }
    },
    {
      "type": {
        "label": ":",
        "beforeExpr": true,
        "startsExpr": false,
        "rightAssociative": false,
        "isLoop": false,
        "isAssign": false,
        "prefix": false,
        "postfix": false,
        "binop": null,
        "updateContext": null
      },
      "start": 124,
      "end": 125,
      "loc": {
        "start": {
          "line": 7,
          "column": 15
        },
        "end": {
          "line": 7,
          "column": 16
        }
      }
    },
    {
      "type": {
        "label": "string",
        "beforeExpr": false,
        "startsExpr": true,
        "rightAssociative": false,
        "isLoop": false,
        "isAssign": false,
        "prefix": false,
        "postfix": false,
        "binop": null,
        "updateContext": null
      },
      "value": "Input Format",
      "start": 126,
      "end": 140,
      "loc": {
        "start": {
          "line": 7,
          "column": 17
        },
        "end": {
          "line": 7,
          "column": 31
        }
      }
    },
    {
      "type": {
        "label": ",",
        "beforeExpr": true,
        "startsExpr": false,
        "rightAssociative": false,
        "isLoop": false,
        "isAssign": false,
        "prefix": false,
        "postfix": false,
        "binop": null,
        "updateContext": null
      },
      "start": 140,
      "end": 141,
      "loc": {
        "start": {
          "line": 7,
          "column": 31
        },
        "end": {
          "line": 7,
          "column": 32
        }
      }
    },
    {
      "type": {
        "label": "name",
        "beforeExpr": false,
        "startsExpr": true,
        "rightAssociative": false,
        "isLoop": false,
        "isAssign": false,
        "prefix": false,
        "postfix": false,
        "binop": null
      },
      "value": "tooltip",
      "start": 146,
      "end": 153,
      "loc": {
        "start": {
          "line": 8,
          "column": 4
        },
        "end": {
          "line": 8,
          "column": 11
        }
      }
    },
    {
      "type": {
        "label": ":",
        "beforeExpr": true,
        "startsExpr": false,
        "rightAssociative": false,
        "isLoop": false,
        "isAssign": false,
        "prefix": false,
        "postfix": false,
        "binop": null,
        "updateContext": null
      },
      "start": 153,
      "end": 154,
      "loc": {
        "start": {
          "line": 8,
          "column": 11
        },
        "end": {
          "line": 8,
          "column": 12
        }
      }
    },
    {
      "type": {
        "label": "string",
        "beforeExpr": false,
        "startsExpr": true,
        "rightAssociative": false,
        "isLoop": false,
        "isAssign": false,
        "prefix": false,
        "postfix": false,
        "binop": null,
        "updateContext": null
      },
      "value": "",
      "start": 155,
      "end": 157,
      "loc": {
        "start": {
          "line": 8,
          "column": 13
        },
        "end": {
          "line": 8,
          "column": 15
        }
      }
    },
    {
      "type": {
        "label": ",",
        "beforeExpr": true,
        "startsExpr": false,
        "rightAssociative": false,
        "isLoop": false,
        "isAssign": false,
        "prefix": false,
        "postfix": false,
        "binop": null,
        "updateContext": null
      },
      "start": 157,
      "end": 158,
      "loc": {
        "start": {
          "line": 8,
          "column": 15
        },
        "end": {
          "line": 8,
          "column": 16
        }
      }
    },
    {
      "type": {
        "label": "name",
        "beforeExpr": false,
        "startsExpr": true,
        "rightAssociative": false,
        "isLoop": false,
        "isAssign": false,
        "prefix": false,
        "postfix": false,
        "binop": null
      },
      "value": "template",
      "start": 163,
      "end": 171,
      "loc": {
        "start": {
          "line": 9,
          "column": 4
        },
        "end": {
          "line": 9,
          "column": 12
        }
      }
    },
    {
      "type": {
        "label": ":",
        "beforeExpr": true,
        "startsExpr": false,
        "rightAssociative": false,
        "isLoop": false,
        "isAssign": false,
        "prefix": false,
        "postfix": false,
        "binop": null,
        "updateContext": null
      },
      "start": 171,
      "end": 172,
      "loc": {
        "start": {
          "line": 9,
          "column": 12
        },
        "end": {
          "line": 9,
          "column": 13
        }
      }
    },
    {
      "type": {
        "label": "string",
        "beforeExpr": false,
        "startsExpr": true,
        "rightAssociative": false,
        "isLoop": false,
        "isAssign": false,
        "prefix": false,
        "postfix": false,
        "binop": null,
        "updateContext": null
      },
      "value": "<span>{{ item.label }}</span>",
      "start": 173,
      "end": 204,
      "loc": {
        "start": {
          "line": 9,
          "column": 14
        },
        "end": {
          "line": 9,
          "column": 45
        }
      }
    },
    {
      "type": {
        "label": ",",
        "beforeExpr": true,
        "startsExpr": false,
        "rightAssociative": false,
        "isLoop": false,
        "isAssign": false,
        "prefix": false,
        "postfix": false,
        "binop": null,
        "updateContext": null
      },
      "start": 204,
      "end": 205,
      "loc": {
        "start": {
          "line": 9,
          "column": 45
        },
        "end": {
          "line": 9,
          "column": 46
        }
      }
    },
    {
      "type": {
        "label": "name",
        "beforeExpr": false,
        "startsExpr": true,
        "rightAssociative": false,
        "isLoop": false,
        "isAssign": false,
        "prefix": false,
        "postfix": false,
        "binop": null
      },
      "value": "data",
      "start": 210,
      "end": 214,
      "loc": {
        "start": {
          "line": 10,
          "column": 4
        },
        "end": {
          "line": 10,
          "column": 8
        }
      }
    },
    {
      "type": {
        "label": ":",
        "beforeExpr": true,
        "startsExpr": false,
        "rightAssociative": false,
        "isLoop": false,
        "isAssign": false,
        "prefix": false,
        "postfix": false,
        "binop": null,
        "updateContext": null
      },
      "start": 214,
      "end": 215,
      "loc": {
        "start": {
          "line": 10,
          "column": 8
        },
        "end": {
          "line": 10,
          "column": 9
        }
      }
    },
    {
      "type": {
        "label": "{",
        "beforeExpr": true,
        "startsExpr": true,
        "rightAssociative": false,
        "isLoop": false,
        "isAssign": false,
        "prefix": false,
        "postfix": false,
        "binop": null
      },
      "start": 216,
      "end": 217,
      "loc": {
        "start": {
          "line": 10,
          "column": 10
        },
        "end": {
          "line": 10,
          "column": 11
        }
      }
    },
    {
      "type": {
        "label": "name",
        "beforeExpr": false,
        "startsExpr": true,
        "rightAssociative": false,
        "isLoop": false,
        "isAssign": false,
        "prefix": false,
        "postfix": false,
        "binop": null
      },
      "value": "values",
      "start": 224,
      "end": 230,
      "loc": {
        "start": {
          "line": 11,
          "column": 6
        },
        "end": {
          "line": 11,
          "column": 12
        }
      }
    },
    {
      "type": {
        "label": ":",
        "beforeExpr": true,
        "startsExpr": false,
        "rightAssociative": false,
        "isLoop": false,
        "isAssign": false,
        "prefix": false,
        "postfix": false,
        "binop": null,
        "updateContext": null
      },
      "start": 230,
      "end": 231,
      "loc": {
        "start": {
          "line": 11,
          "column": 12
        },
        "end": {
          "line": 11,
          "column": 13
        }
      }
    },
    {
      "type": {
        "label": "[",
        "beforeExpr": true,
        "startsExpr": true,
        "rightAssociative": false,
        "isLoop": false,
        "isAssign": false,
        "prefix": false,
        "postfix": false,
        "binop": null,
        "updateContext": null
      },
      "start": 232,
      "end": 233,
      "loc": {
        "start": {
          "line": 11,
          "column": 14
        },
        "end": {
          "line": 11,
          "column": 15
        }
      }
    },
    {
      "type": {
        "label": "{",
        "beforeExpr": true,
        "startsExpr": true,
        "rightAssociative": false,
        "isLoop": false,
        "isAssign": false,
        "prefix": false,
        "postfix": false,
        "binop": null
      },
      "start": 242,
      "end": 243,
      "loc": {
        "start": {
          "line": 12,
          "column": 8
        },
        "end": {
          "line": 12,
          "column": 9
        }
      }
    },
    {
      "type": {
        "label": "name",
        "beforeExpr": false,
        "startsExpr": true,
        "rightAssociative": false,
        "isLoop": false,
        "isAssign": false,
        "prefix": false,
        "postfix": false,
        "binop": null
      },
      "value": "value",
      "start": 254,
      "end": 259,
      "loc": {
        "start": {
          "line": 13,
          "column": 10
        },
        "end": {
          "line": 13,
          "column": 15
        }
      }
    },
    {
      "type": {
        "label": ":",
        "beforeExpr": true,
        "startsExpr": false,
        "rightAssociative": false,
        "isLoop": false,
        "isAssign": false,
        "prefix": false,
        "postfix": false,
        "binop": null,
        "updateContext": null
      },
      "start": 259,
      "end": 260,
      "loc": {
        "start": {
          "line": 13,
          "column": 15
        },
        "end": {
          "line": 13,
          "column": 16
        }
      }
    },
    {
      "type": {
        "label": "string",
        "beforeExpr": false,
        "startsExpr": true,
        "rightAssociative": false,
        "isLoop": false,
        "isAssign": false,
        "prefix": false,
        "postfix": false,
        "binop": null,
        "updateContext": null
      },
      "value": "plain",
      "start": 261,
      "end": 268,
      "loc": {
        "start": {
          "line": 13,
          "column": 17
        },
        "end": {
          "line": 13,
          "column": 24
        }
      }
    },
    {
      "type": {
        "label": ",",
        "beforeExpr": true,
        "startsExpr": false,
        "rightAssociative": false,
        "isLoop": false,
        "isAssign": false,
        "prefix": false,
        "postfix": false,
        "binop": null,
        "updateContext": null
      },
      "start": 268,
      "end": 269,
      "loc": {
        "start": {
          "line": 13,
          "column": 24
        },
        "end": {
          "line": 13,
          "column": 25
        }
      }
    },
    {
      "type": {
        "label": "name",
        "beforeExpr": false,
        "startsExpr": true,
        "rightAssociative": false,
        "isLoop": false,
        "isAssign": false,
        "prefix": false,
        "postfix": false,
        "binop": null
      },
      "value": "label",
      "start": 280,
      "end": 285,
      "loc": {
        "start": {
          "line": 14,
          "column": 10
        },
        "end": {
          "line": 14,
          "column": 15
        }
      }
    },
    {
      "type": {
        "label": ":",
        "beforeExpr": true,
        "startsExpr": false,
        "rightAssociative": false,
        "isLoop": false,
        "isAssign": false,
        "prefix": false,
        "postfix": false,
        "binop": null,
        "updateContext": null
      },
      "start": 285,
      "end": 286,
      "loc": {
        "start": {
          "line": 14,
          "column": 15
        },
        "end": {
          "line": 14,
          "column": 16
        }
      }
    },
    {
      "type": {
        "label": "string",
        "beforeExpr": false,
        "startsExpr": true,
        "rightAssociative": false,
        "isLoop": false,
        "isAssign": false,
        "prefix": false,
        "postfix": false,
        "binop": null,
        "updateContext": null
      },
      "value": "Plain",
      "start": 287,
      "end": 294,
      "loc": {
        "start": {
          "line": 14,
          "column": 17
        },
        "end": {
          "line": 14,
          "column": 24
        }
      }
    },
    {
      "type": {
        "label": "}",
        "beforeExpr": false,
        "startsExpr": false,
        "rightAssociative": false,
        "isLoop": false,
        "isAssign": false,
        "prefix": false,
        "postfix": false,
        "binop": null
      },
      "start": 303,
      "end": 304,
      "loc": {
        "start": {
          "line": 15,
          "column": 8
        },
        "end": {
          "line": 15,
          "column": 9
        }
      }
    },
    {
      "type": {
        "label": ",",
        "beforeExpr": true,
        "startsExpr": false,
        "rightAssociative": false,
        "isLoop": false,
        "isAssign": false,
        "prefix": false,
        "postfix": false,
        "binop": null,
        "updateContext": null
      },
      "start": 304,
      "end": 305,
      "loc": {
        "start": {
          "line": 15,
          "column": 9
        },
        "end": {
          "line": 15,
          "column": 10
        }
      }
    },
    {
      "type": {
        "label": "{",
        "beforeExpr": true,
        "startsExpr": true,
        "rightAssociative": false,
        "isLoop": false,
        "isAssign": false,
        "prefix": false,
        "postfix": false,
        "binop": null
      },
      "start": 314,
      "end": 315,
      "loc": {
        "start": {
          "line": 16,
          "column": 8
        },
        "end": {
          "line": 16,
          "column": 9
        }
      }
    },
    {
      "type": {
        "label": "name",
        "beforeExpr": false,
        "startsExpr": true,
        "rightAssociative": false,
        "isLoop": false,
        "isAssign": false,
        "prefix": false,
        "postfix": false,
        "binop": null
      },
      "value": "value",
      "start": 326,
      "end": 331,
      "loc": {
        "start": {
          "line": 17,
          "column": 10
        },
        "end": {
          "line": 17,
          "column": 15
        }
      }
    },
    {
      "type": {
        "label": ":",
        "beforeExpr": true,
        "startsExpr": false,
        "rightAssociative": false,
        "isLoop": false,
        "isAssign": false,
        "prefix": false,
        "postfix": false,
        "binop": null,
        "updateContext": null
      },
      "start": 331,
      "end": 332,
      "loc": {
        "start": {
          "line": 17,
          "column": 15
        },
        "end": {
          "line": 17,
          "column": 16
        }
      }
    },
    {
      "type": {
        "label": "string",
        "beforeExpr": false,
        "startsExpr": true,
        "rightAssociative": false,
        "isLoop": false,
        "isAssign": false,
        "prefix": false,
        "postfix": false,
        "binop": null,
        "updateContext": null
      },
      "value": "html",
      "start": 333,
      "end": 339,
      "loc": {
        "start": {
          "line": 17,
          "column": 17
        },
        "end": {
          "line": 17,
          "column": 23
        }
      }
    },
    {
      "type": {
        "label": ",",
        "beforeExpr": true,
        "startsExpr": false,
        "rightAssociative": false,
        "isLoop": false,
        "isAssign": false,
        "prefix": false,
        "postfix": false,
        "binop": null,
        "updateContext": null
      },
      "start": 339,
      "end": 340,
      "loc": {
        "start": {
          "line": 17,
          "column": 23
        },
        "end": {
          "line": 17,
          "column": 24
        }
      }
    },
    {
      "type": {
        "label": "name",
        "beforeExpr": false,
        "startsExpr": true,
        "rightAssociative": false,
        "isLoop": false,
        "isAssign": false,
        "prefix": false,
        "postfix": false,
        "binop": null
      },
      "value": "label",
      "start": 351,
      "end": 356,
      "loc": {
        "start": {
          "line": 18,
          "column": 10
        },
        "end": {
          "line": 18,
          "column": 15
        }
      }
    },
    {
      "type": {
        "label": ":",
        "beforeExpr": true,
        "startsExpr": false,
        "rightAssociative": false,
        "isLoop": false,
        "isAssign": false,
        "prefix": false,
        "postfix": false,
        "binop": null,
        "updateContext": null
      },
      "start": 356,
      "end": 357,
      "loc": {
        "start": {
          "line": 18,
          "column": 15
        },
        "end": {
          "line": 18,
          "column": 16
        }
      }
    },
    {
      "type": {
        "label": "string",
        "beforeExpr": false,
        "startsExpr": true,
        "rightAssociative": false,
        "isLoop": false,
        "isAssign": false,
        "prefix": false,
        "postfix": false,
        "binop": null,
        "updateContext": null
      },
      "value": "HTML",
      "start": 358,
      "end": 364,
      "loc": {
        "start": {
          "line": 18,
          "column": 17
        },
        "end": {
          "line": 18,
          "column": 23
        }
      }
    },
    {
      "type": {
        "label": "}",
        "beforeExpr": false,
        "startsExpr": false,
        "rightAssociative": false,
        "isLoop": false,
        "isAssign": false,
        "prefix": false,
        "postfix": false,
        "binop": null
      },
      "start": 373,
      "end": 374,
      "loc": {
        "start": {
          "line": 19,
          "column": 8
        },
        "end": {
          "line": 19,
          "column": 9
        }
      }
    },
    {
      "type": {
        "label": ",",
        "beforeExpr": true,
        "startsExpr": false,
        "rightAssociative": false,
        "isLoop": false,
        "isAssign": false,
        "prefix": false,
        "postfix": false,
        "binop": null,
        "updateContext": null
      },
      "start": 374,
      "end": 375,
      "loc": {
        "start": {
          "line": 19,
          "column": 9
        },
        "end": {
          "line": 19,
          "column": 10
        }
      }
    },
    {
      "type": {
        "label": "{",
        "beforeExpr": true,
        "startsExpr": true,
        "rightAssociative": false,
        "isLoop": false,
        "isAssign": false,
        "prefix": false,
        "postfix": false,
        "binop": null
      },
      "start": 375,
      "end": 376,
      "loc": {
        "start": {
          "line": 19,
          "column": 10
        },
        "end": {
          "line": 19,
          "column": 11
        }
      }
    },
    {
      "type": {
        "label": "name",
        "beforeExpr": false,
        "startsExpr": true,
        "rightAssociative": false,
        "isLoop": false,
        "isAssign": false,
        "prefix": false,
        "postfix": false,
        "binop": null
      },
      "value": "value",
      "start": 387,
      "end": 392,
      "loc": {
        "start": {
          "line": 20,
          "column": 10
        },
        "end": {
          "line": 20,
          "column": 15
        }
      }
    },
    {
      "type": {
        "label": ":",
        "beforeExpr": true,
        "startsExpr": false,
        "rightAssociative": false,
        "isLoop": false,
        "isAssign": false,
        "prefix": false,
        "postfix": false,
        "binop": null,
        "updateContext": null
      },
      "start": 392,
      "end": 393,
      "loc": {
        "start": {
          "line": 20,
          "column": 15
        },
        "end": {
          "line": 20,
          "column": 16
        }
      }
    },
    {
      "type": {
        "label": "string",
        "beforeExpr": false,
        "startsExpr": true,
        "rightAssociative": false,
        "isLoop": false,
        "isAssign": false,
        "prefix": false,
        "postfix": false,
        "binop": null,
        "updateContext": null
      },
      "value": "raw",
      "start": 394,
      "end": 399,
      "loc": {
        "start": {
          "line": 20,
          "column": 17
        },
        "end": {
          "line": 20,
          "column": 22
        }
      }
    },
    {
      "type": {
        "label": ",",
        "beforeExpr": true,
        "startsExpr": false,
        "rightAssociative": false,
        "isLoop": false,
        "isAssign": false,
        "prefix": false,
        "postfix": false,
        "binop": null,
        "updateContext": null
      },
      "start": 399,
      "end": 400,
      "loc": {
        "start": {
          "line": 20,
          "column": 22
        },
        "end": {
          "line": 20,
          "column": 23
        }
      }
    },
    {
      "type": {
        "label": "name",
        "beforeExpr": false,
        "startsExpr": true,
        "rightAssociative": false,
        "isLoop": false,
        "isAssign": false,
        "prefix": false,
        "postfix": false,
        "binop": null
      },
      "value": "label",
      "start": 411,
      "end": 416,
      "loc": {
        "start": {
          "line": 21,
          "column": 10
        },
        "end": {
          "line": 21,
          "column": 15
        }
      }
    },
    {
      "type": {
        "label": ":",
        "beforeExpr": true,
        "startsExpr": false,
        "rightAssociative": false,
        "isLoop": false,
        "isAssign": false,
        "prefix": false,
        "postfix": false,
        "binop": null,
        "updateContext": null
      },
      "start": 416,
      "end": 417,
      "loc": {
        "start": {
          "line": 21,
          "column": 15
        },
        "end": {
          "line": 21,
          "column": 16
        }
      }
    },
    {
      "type": {
        "label": "string",
        "beforeExpr": false,
        "startsExpr": true,
        "rightAssociative": false,
        "isLoop": false,
        "isAssign": false,
        "prefix": false,
        "postfix": false,
        "binop": null,
        "updateContext": null
      },
      "value": "Raw (Insecure)",
      "start": 418,
      "end": 434,
      "loc": {
        "start": {
          "line": 21,
          "column": 17
        },
        "end": {
          "line": 21,
          "column": 33
        }
      }
    },
    {
      "type": {
        "label": "}",
        "beforeExpr": false,
        "startsExpr": false,
        "rightAssociative": false,
        "isLoop": false,
        "isAssign": false,
        "prefix": false,
        "postfix": false,
        "binop": null
      },
      "start": 443,
      "end": 444,
      "loc": {
        "start": {
          "line": 22,
          "column": 8
        },
        "end": {
          "line": 22,
          "column": 9
        }
      }
    },
    {
      "type": {
        "label": "]",
        "beforeExpr": false,
        "startsExpr": false,
        "rightAssociative": false,
        "isLoop": false,
        "isAssign": false,
        "prefix": false,
        "postfix": false,
        "binop": null,
        "updateContext": null
      },
      "start": 451,
      "end": 452,
      "loc": {
        "start": {
          "line": 23,
          "column": 6
        },
        "end": {
          "line": 23,
          "column": 7
        }
      }
    },
    {
      "type": {
        "label": "}",
        "beforeExpr": false,
        "startsExpr": false,
        "rightAssociative": false,
        "isLoop": false,
        "isAssign": false,
        "prefix": false,
        "postfix": false,
        "binop": null
      },
      "start": 457,
      "end": 458,
      "loc": {
        "start": {
          "line": 24,
          "column": 4
        },
        "end": {
          "line": 24,
          "column": 5
        }
      }
    },
    {
      "type": {
        "label": ",",
        "beforeExpr": true,
        "startsExpr": false,
        "rightAssociative": false,
        "isLoop": false,
        "isAssign": false,
        "prefix": false,
        "postfix": false,
        "binop": null,
        "updateContext": null
      },
      "start": 458,
      "end": 459,
      "loc": {
        "start": {
          "line": 24,
          "column": 5
        },
        "end": {
          "line": 24,
          "column": 6
        }
      }
    },
    {
      "type": {
        "label": "name",
        "beforeExpr": false,
        "startsExpr": true,
        "rightAssociative": false,
        "isLoop": false,
        "isAssign": false,
        "prefix": false,
        "postfix": false,
        "binop": null
      },
      "value": "defaultValue",
      "start": 464,
      "end": 476,
      "loc": {
        "start": {
          "line": 25,
          "column": 4
        },
        "end": {
          "line": 25,
          "column": 16
        }
      }
    },
    {
      "type": {
        "label": ":",
        "beforeExpr": true,
        "startsExpr": false,
        "rightAssociative": false,
        "isLoop": false,
        "isAssign": false,
        "prefix": false,
        "postfix": false,
        "binop": null,
        "updateContext": null
      },
      "start": 476,
      "end": 477,
      "loc": {
        "start": {
          "line": 25,
          "column": 16
        },
        "end": {
          "line": 25,
          "column": 17
        }
      }
    },
    {
      "type": {
        "label": "string",
        "beforeExpr": false,
        "startsExpr": true,
        "rightAssociative": false,
        "isLoop": false,
        "isAssign": false,
        "prefix": false,
        "postfix": false,
        "binop": null,
        "updateContext": null
      },
      "value": "plain",
      "start": 478,
      "end": 485,
      "loc": {
        "start": {
          "line": 25,
          "column": 18
        },
        "end": {
          "line": 25,
          "column": 25
        }
      }
    },
    {
      "type": {
        "label": ",",
        "beforeExpr": true,
        "startsExpr": false,
        "rightAssociative": false,
        "isLoop": false,
        "isAssign": false,
        "prefix": false,
        "postfix": false,
        "binop": null,
        "updateContext": null
      },
      "start": 485,
      "end": 486,
      "loc": {
        "start": {
          "line": 25,
          "column": 25
        },
        "end": {
          "line": 25,
          "column": 26
        }
      }
    },
    {
      "type": {
        "label": "name",
        "beforeExpr": false,
        "startsExpr": true,
        "rightAssociative": false,
        "isLoop": false,
        "isAssign": false,
        "prefix": false,
        "postfix": false,
        "binop": null
      },
      "value": "input",
      "start": 491,
      "end": 496,
      "loc": {
        "start": {
          "line": 26,
          "column": 4
        },
        "end": {
          "line": 26,
          "column": 9
        }
      }
    },
    {
      "type": {
        "label": ":",
        "beforeExpr": true,
        "startsExpr": false,
        "rightAssociative": false,
        "isLoop": false,
        "isAssign": false,
        "prefix": false,
        "postfix": false,
        "binop": null,
        "updateContext": null
      },
      "start": 496,
      "end": 497,
      "loc": {
        "start": {
          "line": 26,
          "column": 9
        },
        "end": {
          "line": 26,
          "column": 10
        }
      }
    },
    {
      "type": {
        "label": "true",
        "keyword": "true",
        "beforeExpr": false,
        "startsExpr": true,
        "rightAssociative": false,
        "isLoop": false,
        "isAssign": false,
        "prefix": false,
        "postfix": false,
        "binop": null,
        "updateContext": null
      },
      "value": "true",
      "start": 498,
      "end": 502,
      "loc": {
        "start": {
          "line": 26,
          "column": 11
        },
        "end": {
          "line": 26,
          "column": 15
        }
      }
    },
    {
      "type": {
        "label": "}",
        "beforeExpr": false,
        "startsExpr": false,
        "rightAssociative": false,
        "isLoop": false,
        "isAssign": false,
        "prefix": false,
        "postfix": false,
        "binop": null
      },
      "start": 505,
      "end": 506,
      "loc": {
        "start": {
          "line": 27,
          "column": 2
        },
        "end": {
          "line": 27,
          "column": 3
        }
      }
    },
    {
      "type": {
        "label": "]",
        "beforeExpr": false,
        "startsExpr": false,
        "rightAssociative": false,
        "isLoop": false,
        "isAssign": false,
        "prefix": false,
        "postfix": false,
        "binop": null,
        "updateContext": null
      },
      "start": 507,
      "end": 508,
      "loc": {
        "start": {
          "line": 28,
          "column": 0
        },
        "end": {
          "line": 28,
          "column": 1
        }
      }
    },
    {
      "type": {
        "label": ";",
        "beforeExpr": true,
        "startsExpr": false,
        "rightAssociative": false,
        "isLoop": false,
        "isAssign": false,
        "prefix": false,
        "postfix": false,
        "binop": null,
        "updateContext": null
      },
      "start": 508,
      "end": 509,
      "loc": {
        "start": {
          "line": 28,
          "column": 1
        },
        "end": {
          "line": 28,
          "column": 2
        }
      }
    },
    {
      "type": {
        "label": "eof",
        "beforeExpr": false,
        "startsExpr": false,
        "rightAssociative": false,
        "isLoop": false,
        "isAssign": false,
        "prefix": false,
        "postfix": false,
        "binop": null,
        "updateContext": null
      },
      "start": 510,
      "end": 510,
      "loc": {
        "start": {
          "line": 29,
          "column": 0
        },
        "end": {
          "line": 29,
          "column": 0
        }
      }
    }
  ]
}