{
  "type": "File",
  "start": 0,
  "end": 418,
  "loc": {
    "start": {
      "line": 1,
      "column": 0
    },
    "end": {
      "line": 13,
      "column": 0
    }
  },
  "program": {
    "type": "Program",
    "start": 0,
    "end": 418,
    "loc": {
      "start": {
        "line": 1,
        "column": 0
      },
      "end": {
        "line": 13,
        "column": 0
      }
    },
    "sourceType": "module",
    "body": [
      {
        "type": "ImportDeclaration",
        "start": 14,
        "end": 55,
        "loc": {
          "start": {
            "line": 2,
            "column": 0
          },
          "end": {
            "line": 2,
            "column": 41
          }
        },
        "specifiers": [
          {
            "type": "ImportDefaultSpecifier",
            "start": 21,
            "end": 37,
            "loc": {
              "start": {
                "line": 2,
                "column": 7
              },
              "end": {
                "line": 2,
                "column": 23
              }
            },
            "local": {
              "type": "Identifier",
              "start": 21,
              "end": 37,
              "loc": {
                "start": {
                  "line": 2,
                  "column": 7
                },
                "end": {
                  "line": 2,
                  "column": 23
                },
                "identifierName": "ColumnsComponent"
              },
              "name": "ColumnsComponent"
            }
          }
        ],
        "source": {
          "type": "StringLiteral",
          "start": 43,
          "end": 54,
          "loc": {
            "start": {
              "line": 2,
              "column": 29
            },
            "end": {
              "line": 2,
              "column": 40
            }
          },
          "extra": {
            "rawValue": "./Columns",
            "raw": "'./Columns'"
          },
          "value": "./Columns"
        }
      },
      {
        "type": "ImportDeclaration",
        "start": 56,
        "end": 109,
        "loc": {
          "start": {
            "line": 3,
            "column": 0
          },
          "end": {
            "line": 3,
            "column": 53
          }
        },
        "specifiers": [
          {
            "type": "ImportSpecifier",
            "start": 64,
            "end": 83,
            "loc": {
              "start": {
                "line": 3,
                "column": 8
              },
              "end": {
                "line": 3,
                "column": 27
              }
            },
            "imported": {
              "type": "Identifier",
              "start": 64,
              "end": 74,
              "loc": {
                "start": {
                  "line": 3,
                  "column": 8
                },
                "end": {
                  "line": 3,
                  "column": 18
                },
                "identifierName": "components"
              },
              "name": "components"
            },
            "local": {
              "type": "Identifier",
              "start": 78,
              "end": 83,
              "loc": {
                "start": {
                  "line": 3,
                  "column": 22
                },
                "end": {
                  "line": 3,
                  "column": 27
                },
                "identifierName": "comps"
              },
              "name": "comps"
            }
          }
        ],
        "source": {
          "type": "StringLiteral",
          "start": 90,
          "end": 108,
          "loc": {
            "start": {
              "line": 3,
              "column": 34
            },
            "end": {
              "line": 3,
              "column": 52
            }
          },
          "extra": {
            "rawValue": "./fixtures/index",
            "raw": "'./fixtures/index'"
          },
          "value": "./fixtures/index"
        }
      },
      {
        "type": "ImportDeclaration",
        "start": 110,
        "end": 154,
        "loc": {
          "start": {
            "line": 4,
            "column": 0
          },
          "end": {
            "line": 4,
            "column": 44
          }
        },
        "specifiers": [
          {
            "type": "ImportDefaultSpecifier",
            "start": 117,
            "end": 124,
            "loc": {
              "start": {
                "line": 4,
                "column": 7
              },
              "end": {
                "line": 4,
                "column": 14
              }
            },
            "local": {
              "type": "Identifier",
              "start": 117,
              "end": 124,
              "loc": {
                "start": {
                  "line": 4,
                  "column": 7
                },
                "end": {
                  "line": 4,
                  "column": 14
                },
                "identifierName": "Harness"
              },
              "name": "Harness"
            }
          }
        ],
        "source": {
          "type": "StringLiteral",
          "start": 130,
          "end": 153,
          "loc": {
            "start": {
              "line": 4,
              "column": 20
            },
            "end": {
              "line": 4,
              "column": 43
            }
          },
          "extra": {
            "rawValue": "../../../test/harness",
            "raw": "'../../../test/harness'"
          },
          "value": "../../../test/harness"
        }
      },
      {
        "type": "ExpressionStatement",
        "start": 155,
        "end": 417,
        "loc": {
          "start": {
            "line": 5,
            "column": 0
          },
          "end": {
            "line": 12,
            "column": 3
          }
        },
        "expression": {
          "type": "CallExpression",
          "start": 155,
          "end": 416,
          "loc": {
            "start": {
              "line": 5,
              "column": 0
            },
            "end": {
              "line": 12,
              "column": 2
            }
          },
          "callee": {
            "type": "Identifier",
            "start": 155,
            "end": 163,
            "loc": {
              "start": {
                "line": 5,
                "column": 0
              },
              "end": {
                "line": 5,
                "column": 8
              },
              "identifierName": "describe"
            },
            "name": "describe"
          },
          "arguments": [
            {
              "type": "StringLiteral",
              "start": 164,
              "end": 183,
              "loc": {
                "start": {
                  "line": 5,
                  "column": 9
                },
                "end": {
                  "line": 5,
                  "column": 28
                }
              },
              "extra": {
                "rawValue": "Columns Component",
                "raw": "'Columns Component'"
              },
              "value": "Columns Component"
            },
            {
              "type": "ArrowFunctionExpression",
              "start": 185,
              "end": 415,
              "loc": {
                "start": {
                  "line": 5,
                  "column": 30
                },
                "end": {
                  "line": 12,
                  "column": 1
                }
              },
              "id": null,
              "generator": false,
              "expression": false,
              "async": false,
              "params": [],
              "body": {
                "type": "BlockStatement",
                "start": 191,
                "end": 415,
                "loc": {
                  "start": {
                    "line": 5,
                    "column": 36
                  },
                  "end": {
                    "line": 12,
                    "column": 1
                  }
                },
                "body": [
                  {
                    "type": "ExpressionStatement",
                    "start": 195,
                    "end": 413,
                    "loc": {
                      "start": {
                        "line": 6,
                        "column": 2
                      },
                      "end": {
                        "line": 11,
                        "column": 5
                      }
                    },
                    "expression": {
                      "type": "CallExpression",
                      "start": 195,
                      "end": 412,
                      "loc": {
                        "start": {
                          "line": 6,
                          "column": 2
                        },
                        "end": {
                          "line": 11,
                          "column": 4
                        }
                      },
                      "callee": {
                        "type": "Identifier",
                        "start": 195,
                        "end": 197,
                        "loc": {
                          "start": {
                            "line": 6,
                            "column": 2
                          },
                          "end": {
                            "line": 6,
                            "column": 4
                          },
                          "identifierName": "it"
                        },
                        "name": "it"
                      },
                      "arguments": [
                        {
                          "type": "StringLiteral",
                          "start": 198,
                          "end": 232,
                          "loc": {
                            "start": {
                              "line": 6,
                              "column": 5
                            },
                            "end": {
                              "line": 6,
                              "column": 39
                            }
                          },
                          "extra": {
                            "rawValue": "Should build a columns component",
                            "raw": "'Should build a columns component'"
                          },
                          "value": "Should build a columns component"
                        },
                        {
                          "type": "ArrowFunctionExpression",
                          "start": 234,
                          "end": 411,
                          "loc": {
                            "start": {
                              "line": 6,
                              "column": 41
                            },
                            "end": {
                              "line": 11,
                              "column": 3
                            }
                          },
                          "id": null,
                          "generator": false,
                          "expression": false,
                          "async": false,
                          "params": [
                            {
                              "type": "Identifier",
                              "start": 235,
                              "end": 239,
                              "loc": {
                                "start": {
                                  "line": 6,
                                  "column": 42
                                },
                                "end": {
                                  "line": 6,
                                  "column": 46
                                },
                                "identifierName": "done"
                              },
                              "name": "done"
                            }
                          ],
                          "body": {
                            "type": "BlockStatement",
                            "start": 244,
                            "end": 411,
                            "loc": {
                              "start": {
                                "line": 6,
                                "column": 51
                              },
                              "end": {
                                "line": 11,
                                "column": 3
                              }
                            },
                            "body": [
                              {
                                "type": "ExpressionStatement",
                                "start": 250,
                                "end": 407,
                                "loc": {
                                  "start": {
                                    "line": 7,
                                    "column": 4
                                  },
                                  "end": {
                                    "line": 10,
                                    "column": 7
                                  }
                                },
                                "expression": {
                                  "type": "CallExpression",
                                  "start": 250,
                                  "end": 406,
                                  "loc": {
                                    "start": {
                                      "line": 7,
                                      "column": 4
                                    },
                                    "end": {
                                      "line": 10,
                                      "column": 6
                                    }
                                  },
                                  "callee": {
                                    "type": "MemberExpression",
                                    "start": 250,
                                    "end": 304,
                                    "loc": {
                                      "start": {
                                        "line": 7,
                                        "column": 4
                                      },
                                      "end": {
                                        "line": 7,
                                        "column": 58
                                      }
                                    },
                                    "object": {
                                      "type": "CallExpression",
                                      "start": 250,
                                      "end": 299,
                                      "loc": {
                                        "start": {
                                          "line": 7,
                                          "column": 4
                                        },
                                        "end": {
                                          "line": 7,
                                          "column": 53
                                        }
                                      },
                                      "callee": {
                                        "type": "MemberExpression",
                                        "start": 250,
                                        "end": 268,
                                        "loc": {
                                          "start": {
                                            "line": 7,
                                            "column": 4
                                          },
                                          "end": {
                                            "line": 7,
                                            "column": 22
                                          }
                                        },
                                        "object": {
                                          "type": "Identifier",
                                          "start": 250,
                                          "end": 257,
                                          "loc": {
                                            "start": {
                                              "line": 7,
                                              "column": 4
                                            },
                                            "end": {
                                              "line": 7,
                                              "column": 11
                                            },
                                            "identifierName": "Harness"
                                          },
                                          "name": "Harness"
                                        },
                                        "property": {
                                          "type": "Identifier",
                                          "start": 258,
                                          "end": 268,
                                          "loc": {
                                            "start": {
                                              "line": 7,
                                              "column": 12
                                            },
                                            "end": {
                                              "line": 7,
                                              "column": 22
                                            },
                                            "identifierName": "testCreate"
                                          },
                                          "name": "testCreate"
                                        },
                                        "computed": false
                                      },
                                      "arguments": [
                                        {
                                          "type": "Identifier",
                                          "start": 269,
                                          "end": 285,
                                          "loc": {
                                            "start": {
                                              "line": 7,
                                              "column": 23
                                            },
                                            "end": {
                                              "line": 7,
                                              "column": 39
                                            },
                                            "identifierName": "ColumnsComponent"
                                          },
                                          "name": "ColumnsComponent"
                                        },
                                        {
                                          "type": "MemberExpression",
                                          "start": 287,
                                          "end": 298,
                                          "loc": {
                                            "start": {
                                              "line": 7,
                                              "column": 41
                                            },
                                            "end": {
                                              "line": 7,
                                              "column": 52
                                            }
                                          },
                                          "object": {
                                            "type": "Identifier",
                                            "start": 287,
                                            "end": 292,
                                            "loc": {
                                              "start": {
                                                "line": 7,
                                                "column": 41
                                              },
                                              "end": {
                                                "line": 7,
                                                "column": 46
                                              },
                                              "identifierName": "comps"
                                            },
                                            "name": "comps"
                                          },
                                          "property": {
                                            "type": "Identifier",
                                            "start": 293,
                                            "end": 298,
                                            "loc": {
                                              "start": {
                                                "line": 7,
                                                "column": 47
                                              },
                                              "end": {
                                                "line": 7,
                                                "column": 52
                                              },
                                              "identifierName": "comp1"
                                            },
                                            "name": "comp1"
                                          },
                                          "computed": false
                                        }
                                      ]
                                    },
                                    "property": {
                                      "type": "Identifier",
                                      "start": 300,
                                      "end": 304,
                                      "loc": {
                                        "start": {
                                          "line": 7,
                                          "column": 54
                                        },
                                        "end": {
                                          "line": 7,
                                          "column": 58
                                        },
                                        "identifierName": "then"
                                      },
                                      "name": "then"
                                    },
                                    "computed": false
                                  },
                                  "arguments": [
                                    {
                                      "type": "ArrowFunctionExpression",
                                      "start": 305,
                                      "end": 405,
                                      "loc": {
                                        "start": {
                                          "line": 7,
                                          "column": 59
                                        },
                                        "end": {
                                          "line": 10,
                                          "column": 5
                                        }
                                      },
                                      "id": null,
                                      "generator": false,
                                      "expression": false,
                                      "async": false,
                                      "params": [
                                        {
                                          "type": "Identifier",
                                          "start": 306,
                                          "end": 315,
                                          "loc": {
                                            "start": {
                                              "line": 7,
                                              "column": 60
                                            },
                                            "end": {
                                              "line": 7,
                                              "column": 69
                                            },
                                            "identifierName": "component"
                                          },
                                          "name": "component"
                                        }
                                      ],
                                      "body": {
                                        "type": "BlockStatement",
                                        "start": 320,
                                        "end": 405,
                                        "loc": {
                                          "start": {
                                            "line": 7,
                                            "column": 74
                                          },
                                          "end": {
                                            "line": 10,
                                            "column": 5
                                          }
                                        },
                                        "body": [
                                          {
                                            "type": "ExpressionStatement",
                                            "start": 328,
                                            "end": 385,
                                            "loc": {
                                              "start": {
                                                "line": 8,
                                                "column": 6
                                              },
                                              "end": {
                                                "line": 8,
                                                "column": 63
                                              }
                                            },
                                            "expression": {
                                              "type": "CallExpression",
                                              "start": 328,
                                              "end": 384,
                                              "loc": {
                                                "start": {
                                                  "line": 8,
                                                  "column": 6
                                                },
                                                "end": {
                                                  "line": 8,
                                                  "column": 62
                                                }
                                              },
                                              "callee": {
                                                "type": "MemberExpression",
                                                "start": 328,
                                                "end": 348,
                                                "loc": {
                                                  "start": {
                                                    "line": 8,
                                                    "column": 6
                                                  },
                                                  "end": {
                                                    "line": 8,
                                                    "column": 26
                                                  }
                                                },
                                                "object": {
                                                  "type": "Identifier",
                                                  "start": 328,
                                                  "end": 335,
                                                  "loc": {
                                                    "start": {
                                                      "line": 8,
                                                      "column": 6
                                                    },
                                                    "end": {
                                                      "line": 8,
                                                      "column": 13
                                                    },
                                                    "identifierName": "Harness"
                                                  },
                                                  "name": "Harness"
                                                },
                                                "property": {
                                                  "type": "Identifier",
                                                  "start": 336,
                                                  "end": 348,
                                                  "loc": {
                                                    "start": {
                                                      "line": 8,
                                                      "column": 14
                                                    },
                                                    "end": {
                                                      "line": 8,
                                                      "column": 26
                                                    },
                                                    "identifierName": "testElements"
                                                  },
                                                  "name": "testElements"
                                                },
                                                "computed": false
                                              },
                                              "arguments": [
                                                {
                                                  "type": "Identifier",
                                                  "start": 349,
                                                  "end": 358,
                                                  "loc": {
                                                    "start": {
                                                      "line": 8,
                                                      "column": 27
                                                    },
                                                    "end": {
                                                      "line": 8,
                                                      "column": 36
                                                    },
                                                    "identifierName": "component"
                                                  },
                                                  "name": "component"
                                                },
                                                {
                                                  "type": "StringLiteral",
                                                  "start": 360,
                                                  "end": 380,
                                                  "loc": {
                                                    "start": {
                                                      "line": 8,
                                                      "column": 38
                                                    },
                                                    "end": {
                                                      "line": 8,
                                                      "column": 58
                                                    }
                                                  },
                                                  "extra": {
                                                    "rawValue": "input[type=\"text\"]",
                                                    "raw": "'input[type=\"text\"]'"
                                                  },
                                                  "value": "input[type=\"text\"]"
                                                },
                                                {
                                                  "type": "NumericLiteral",
                                                  "start": 382,
                                                  "end": 383,
                                                  "loc": {
                                                    "start": {
                                                      "line": 8,
                                                      "column": 60
                                                    },
                                                    "end": {
                                                      "line": 8,
                                                      "column": 61
                                                    }
                                                  },
                                                  "extra": {
                                                    "rawValue": 2,
                                                    "raw": "2"
                                                  },
                                                  "value": 2
                                                }
                                              ]
                                            }
                                          },
                                          {
                                            "type": "ExpressionStatement",
                                            "start": 392,
                                            "end": 399,
                                            "loc": {
                                              "start": {
                                                "line": 9,
                                                "column": 6
                                              },
                                              "end": {
                                                "line": 9,
                                                "column": 13
                                              }
                                            },
                                            "expression": {
                                              "type": "CallExpression",
                                              "start": 392,
                                              "end": 398,
                                              "loc": {
                                                "start": {
                                                  "line": 9,
                                                  "column": 6
                                                },
                                                "end": {
                                                  "line": 9,
                                                  "column": 12
                                                }
                                              },
                                              "callee": {
                                                "type": "Identifier",
                                                "start": 392,
                                                "end": 396,
                                                "loc": {
                                                  "start": {
                                                    "line": 9,
                                                    "column": 6
                                                  },
                                                  "end": {
                                                    "line": 9,
                                                    "column": 10
                                                  },
                                                  "identifierName": "done"
                                                },
                                                "name": "done"
                                              },
                                              "arguments": []
                                            }
                                          }
                                        ],
                                        "directives": []
                                      }
                                    }
                                  ]
                                }
                              }
                            ],
                            "directives": []
                          }
                        }
                      ]
                    }
                  }
                ],
                "directives": []
              }
            }
          ]
        }
      }
    ],
    "directives": [
      {
        "type": "Directive",
        "start": 0,
        "end": 13,
        "loc": {
          "start": {
            "line": 1,
            "column": 0
          },
          "end": {
            "line": 1,
            "column": 13
          }
        },
        "value": {
          "type": "DirectiveLiteral",
          "start": 0,
          "end": 12,
          "loc": {
            "start": {
              "line": 1,
              "column": 0
            },
            "end": {
              "line": 1,
              "column": 12
            }
          },
          "value": "use strict",
          "extra": {
            "raw": "'use strict'",
            "rawValue": "use strict"
          }
        }
      }
    ]
  },
  "comments": [],
  "tokens": [
    {
      "type": {
        "label": "string",
        "beforeExpr": false,
        "startsExpr": true,
        "rightAssociative": false,
        "isLoop": false,
        "isAssign": false,
        "prefix": false,
        "postfix": false,
        "binop": null,
        "updateContext": null
      },
      "value": "use strict",
      "start": 0,
      "end": 12,
      "loc": {
        "start": {
          "line": 1,
          "column": 0
        },
        "end": {
          "line": 1,
          "column": 12
        }
      }
    },
    {
      "type": {
        "label": ";",
        "beforeExpr": true,
        "startsExpr": false,
        "rightAssociative": false,
        "isLoop": false,
        "isAssign": false,
        "prefix": false,
        "postfix": false,
        "binop": null,
        "updateContext": null
      },
      "start": 12,
      "end": 13,
      "loc": {
        "start": {
          "line": 1,
          "column": 12
        },
        "end": {
          "line": 1,
          "column": 13
        }
      }
    },
    {
      "type": {
        "label": "import",
        "keyword": "import",
        "beforeExpr": false,
        "startsExpr": true,
        "rightAssociative": false,
        "isLoop": false,
        "isAssign": false,
        "prefix": false,
        "postfix": false,
        "binop": null,
        "updateContext": null
      },
      "value": "import",
      "start": 14,
      "end": 20,
      "loc": {
        "start": {
          "line": 2,
          "column": 0
        },
        "end": {
          "line": 2,
          "column": 6
        }
      }
    },
    {
      "type": {
        "label": "name",
        "beforeExpr": false,
        "startsExpr": true,
        "rightAssociative": false,
        "isLoop": false,
        "isAssign": false,
        "prefix": false,
        "postfix": false,
        "binop": null
      },
      "value": "ColumnsComponent",
      "start": 21,
      "end": 37,
      "loc": {
        "start": {
          "line": 2,
          "column": 7
        },
        "end": {
          "line": 2,
          "column": 23
        }
      }
    },
    {
      "type": {
        "label": "name",
        "beforeExpr": false,
        "startsExpr": true,
        "rightAssociative": false,
        "isLoop": false,
        "isAssign": false,
        "prefix": false,
        "postfix": false,
        "binop": null
      },
      "value": "from",
      "start": 38,
      "end": 42,
      "loc": {
        "start": {
          "line": 2,
          "column": 24
        },
        "end": {
          "line": 2,
          "column": 28
        }
      }
    },
    {
      "type": {
        "label": "string",
        "beforeExpr": false,
        "startsExpr": true,
        "rightAssociative": false,
        "isLoop": false,
        "isAssign": false,
        "prefix": false,
        "postfix": false,
        "binop": null,
        "updateContext": null
      },
      "value": "./Columns",
      "start": 43,
      "end": 54,
      "loc": {
        "start": {
          "line": 2,
          "column": 29
        },
        "end": {
          "line": 2,
          "column": 40
        }
      }
    },
    {
      "type": {
        "label": ";",
        "beforeExpr": true,
        "startsExpr": false,
        "rightAssociative": false,
        "isLoop": false,
        "isAssign": false,
        "prefix": false,
        "postfix": false,
        "binop": null,
        "updateContext": null
      },
      "start": 54,
      "end": 55,
      "loc": {
        "start": {
          "line": 2,
          "column": 40
        },
        "end": {
          "line": 2,
          "column": 41
        }
      }
    },
    {
      "type": {
        "label": "import",
        "keyword": "import",
        "beforeExpr": false,
        "startsExpr": true,
        "rightAssociative": false,
        "isLoop": false,
        "isAssign": false,
        "prefix": false,
        "postfix": false,
        "binop": null,
        "updateContext": null
      },
      "value": "import",
      "start": 56,
      "end": 62,
      "loc": {
        "start": {
          "line": 3,
          "column": 0
        },
        "end": {
          "line": 3,
          "column": 6
        }
      }
    },
    {
      "type": {
        "label": "{",
        "beforeExpr": true,
        "startsExpr": true,
        "rightAssociative": false,
        "isLoop": false,
        "isAssign": false,
        "prefix": false,
        "postfix": false,
        "binop": null
      },
      "start": 63,
      "end": 64,
      "loc": {
        "start": {
          "line": 3,
          "column": 7
        },
        "end": {
          "line": 3,
          "column": 8
        }
      }
    },
    {
      "type": {
        "label": "name",
        "beforeExpr": false,
        "startsExpr": true,
        "rightAssociative": false,
        "isLoop": false,
        "isAssign": false,
        "prefix": false,
        "postfix": false,
        "binop": null
      },
      "value": "components",
      "start": 64,
      "end": 74,
      "loc": {
        "start": {
          "line": 3,
          "column": 8
        },
        "end": {
          "line": 3,
          "column": 18
        }
      }
    },
    {
      "type": {
        "label": "name",
        "beforeExpr": false,
        "startsExpr": true,
        "rightAssociative": false,
        "isLoop": false,
        "isAssign": false,
        "prefix": false,
        "postfix": false,
        "binop": null
      },
      "value": "as",
      "start": 75,
      "end": 77,
      "loc": {
        "start": {
          "line": 3,
          "column": 19
        },
        "end": {
          "line": 3,
          "column": 21
        }
      }
    },
    {
      "type": {
        "label": "name",
        "beforeExpr": false,
        "startsExpr": true,
        "rightAssociative": false,
        "isLoop": false,
        "isAssign": false,
        "prefix": false,
        "postfix": false,
        "binop": null
      },
      "value": "comps",
      "start": 78,
      "end": 83,
      "loc": {
        "start": {
          "line": 3,
          "column": 22
        },
        "end": {
          "line": 3,
          "column": 27
        }
      }
    },
    {
      "type": {
        "label": "}",
        "beforeExpr": false,
        "startsExpr": false,
        "rightAssociative": false,
        "isLoop": false,
        "isAssign": false,
        "prefix": false,
        "postfix": false,
        "binop": null
      },
      "start": 83,
      "end": 84,
      "loc": {
        "start": {
          "line": 3,
          "column": 27
        },
        "end": {
          "line": 3,
          "column": 28
        }
      }
    },
    {
      "type": {
        "label": "name",
        "beforeExpr": false,
        "startsExpr": true,
        "rightAssociative": false,
        "isLoop": false,
        "isAssign": false,
        "prefix": false,
        "postfix": false,
        "binop": null
      },
      "value": "from",
      "start": 85,
      "end": 89,
      "loc": {
        "start": {
          "line": 3,
          "column": 29
        },
        "end": {
          "line": 3,
          "column": 33
        }
      }
    },
    {
      "type": {
        "label": "string",
        "beforeExpr": false,
        "startsExpr": true,
        "rightAssociative": false,
        "isLoop": false,
        "isAssign": false,
        "prefix": false,
        "postfix": false,
        "binop": null,
        "updateContext": null
      },
      "value": "./fixtures/index",
      "start": 90,
      "end": 108,
      "loc": {
        "start": {
          "line": 3,
          "column": 34
        },
        "end": {
          "line": 3,
          "column": 52
        }
      }
    },
    {
      "type": {
        "label": ";",
        "beforeExpr": true,
        "startsExpr": false,
        "rightAssociative": false,
        "isLoop": false,
        "isAssign": false,
        "prefix": false,
        "postfix": false,
        "binop": null,
        "updateContext": null
      },
      "start": 108,
      "end": 109,
      "loc": {
        "start": {
          "line": 3,
          "column": 52
        },
        "end": {
          "line": 3,
          "column": 53
        }
      }
    },
    {
      "type": {
        "label": "import",
        "keyword": "import",
        "beforeExpr": false,
        "startsExpr": true,
        "rightAssociative": false,
        "isLoop": false,
        "isAssign": false,
        "prefix": false,
        "postfix": false,
        "binop": null,
        "updateContext": null
      },
      "value": "import",
      "start": 110,
      "end": 116,
      "loc": {
        "start": {
          "line": 4,
          "column": 0
        },
        "end": {
          "line": 4,
          "column": 6
        }
      }
    },
    {
      "type": {
        "label": "name",
        "beforeExpr": false,
        "startsExpr": true,
        "rightAssociative": false,
        "isLoop": false,
        "isAssign": false,
        "prefix": false,
        "postfix": false,
        "binop": null
      },
      "value": "Harness",
      "start": 117,
      "end": 124,
      "loc": {
        "start": {
          "line": 4,
          "column": 7
        },
        "end": {
          "line": 4,
          "column": 14
        }
      }
    },
    {
      "type": {
        "label": "name",
        "beforeExpr": false,
        "startsExpr": true,
        "rightAssociative": false,
        "isLoop": false,
        "isAssign": false,
        "prefix": false,
        "postfix": false,
        "binop": null
      },
      "value": "from",
      "start": 125,
      "end": 129,
      "loc": {
        "start": {
          "line": 4,
          "column": 15
        },
        "end": {
          "line": 4,
          "column": 19
        }
      }
    },
    {
      "type": {
        "label": "string",
        "beforeExpr": false,
        "startsExpr": true,
        "rightAssociative": false,
        "isLoop": false,
        "isAssign": false,
        "prefix": false,
        "postfix": false,
        "binop": null,
        "updateContext": null
      },
      "value": "../../../test/harness",
      "start": 130,
      "end": 153,
      "loc": {
        "start": {
          "line": 4,
          "column": 20
        },
        "end": {
          "line": 4,
          "column": 43
        }
      }
    },
    {
      "type": {
        "label": ";",
        "beforeExpr": true,
        "startsExpr": false,
        "rightAssociative": false,
        "isLoop": false,
        "isAssign": false,
        "prefix": false,
        "postfix": false,
        "binop": null,
        "updateContext": null
      },
      "start": 153,
      "end": 154,
      "loc": {
        "start": {
          "line": 4,
          "column": 43
        },
        "end": {
          "line": 4,
          "column": 44
        }
      }
    },
    {
      "type": {
        "label": "name",
        "beforeExpr": false,
        "startsExpr": true,
        "rightAssociative": false,
        "isLoop": false,
        "isAssign": false,
        "prefix": false,
        "postfix": false,
        "binop": null
      },
      "value": "describe",
      "start": 155,
      "end": 163,
      "loc": {
        "start": {
          "line": 5,
          "column": 0
        },
        "end": {
          "line": 5,
          "column": 8
        }
      }
    },
    {
      "type": {
        "label": "(",
        "beforeExpr": true,
        "startsExpr": true,
        "rightAssociative": false,
        "isLoop": false,
        "isAssign": false,
        "prefix": false,
        "postfix": false,
        "binop": null
      },
      "start": 163,
      "end": 164,
      "loc": {
        "start": {
          "line": 5,
          "column": 8
        },
        "end": {
          "line": 5,
          "column": 9
        }
      }
    },
    {
      "type": {
        "label": "string",
        "beforeExpr": false,
        "startsExpr": true,
        "rightAssociative": false,
        "isLoop": false,
        "isAssign": false,
        "prefix": false,
        "postfix": false,
        "binop": null,
        "updateContext": null
      },
      "value": "Columns Component",
      "start": 164,
      "end": 183,
      "loc": {
        "start": {
          "line": 5,
          "column": 9
        },
        "end": {
          "line": 5,
          "column": 28
        }
      }
    },
    {
      "type": {
        "label": ",",
        "beforeExpr": true,
        "startsExpr": false,
        "rightAssociative": false,
        "isLoop": false,
        "isAssign": false,
        "prefix": false,
        "postfix": false,
        "binop": null,
        "updateContext": null
      },
      "start": 183,
      "end": 184,
      "loc": {
        "start": {
          "line": 5,
          "column": 28
        },
        "end": {
          "line": 5,
          "column": 29
        }
      }
    },
    {
      "type": {
        "label": "(",
        "beforeExpr": true,
        "startsExpr": true,
        "rightAssociative": false,
        "isLoop": false,
        "isAssign": false,
        "prefix": false,
        "postfix": false,
        "binop": null
      },
      "start": 185,
      "end": 186,
      "loc": {
        "start": {
          "line": 5,
          "column": 30
        },
        "end": {
          "line": 5,
          "column": 31
        }
      }
    },
    {
      "type": {
        "label": ")",
        "beforeExpr": false,
        "startsExpr": false,
        "rightAssociative": false,
        "isLoop": false,
        "isAssign": false,
        "prefix": false,
        "postfix": false,
        "binop": null
      },
      "start": 186,
      "end": 187,
      "loc": {
        "start": {
          "line": 5,
          "column": 31
        },
        "end": {
          "line": 5,
          "column": 32
        }
      }
    },
    {
      "type": {
        "label": "=>",
        "beforeExpr": true,
        "startsExpr": false,
        "rightAssociative": false,
        "isLoop": false,
        "isAssign": false,
        "prefix": false,
        "postfix": false,
        "binop": null,
        "updateContext": null
      },
      "start": 188,
      "end": 190,
      "loc": {
        "start": {
          "line": 5,
          "column": 33
        },
        "end": {
          "line": 5,
          "column": 35
        }
      }
    },
    {
      "type": {
        "label": "{",
        "beforeExpr": true,
        "startsExpr": true,
        "rightAssociative": false,
        "isLoop": false,
        "isAssign": false,
        "prefix": false,
        "postfix": false,
        "binop": null
      },
      "start": 191,
      "end": 192,
      "loc": {
        "start": {
          "line": 5,
          "column": 36
        },
        "end": {
          "line": 5,
          "column": 37
        }
      }
    },
    {
      "type": {
        "label": "name",
        "beforeExpr": false,
        "startsExpr": true,
        "rightAssociative": false,
        "isLoop": false,
        "isAssign": false,
        "prefix": false,
        "postfix": false,
        "binop": null
      },
      "value": "it",
      "start": 195,
      "end": 197,
      "loc": {
        "start": {
          "line": 6,
          "column": 2
        },
        "end": {
          "line": 6,
          "column": 4
        }
      }
    },
    {
      "type": {
        "label": "(",
        "beforeExpr": true,
        "startsExpr": true,
        "rightAssociative": false,
        "isLoop": false,
        "isAssign": false,
        "prefix": false,
        "postfix": false,
        "binop": null
      },
      "start": 197,
      "end": 198,
      "loc": {
        "start": {
          "line": 6,
          "column": 4
        },
        "end": {
          "line": 6,
          "column": 5
        }
      }
    },
    {
      "type": {
        "label": "string",
        "beforeExpr": false,
        "startsExpr": true,
        "rightAssociative": false,
        "isLoop": false,
        "isAssign": false,
        "prefix": false,
        "postfix": false,
        "binop": null,
        "updateContext": null
      },
      "value": "Should build a columns component",
      "start": 198,
      "end": 232,
      "loc": {
        "start": {
          "line": 6,
          "column": 5
        },
        "end": {
          "line": 6,
          "column": 39
        }
      }
    },
    {
      "type": {
        "label": ",",
        "beforeExpr": true,
        "startsExpr": false,
        "rightAssociative": false,
        "isLoop": false,
        "isAssign": false,
        "prefix": false,
        "postfix": false,
        "binop": null,
        "updateContext": null
      },
      "start": 232,
      "end": 233,
      "loc": {
        "start": {
          "line": 6,
          "column": 39
        },
        "end": {
          "line": 6,
          "column": 40
        }
      }
    },
    {
      "type": {
        "label": "(",
        "beforeExpr": true,
        "startsExpr": true,
        "rightAssociative": false,
        "isLoop": false,
        "isAssign": false,
        "prefix": false,
        "postfix": false,
        "binop": null
      },
      "start": 234,
      "end": 235,
      "loc": {
        "start": {
          "line": 6,
          "column": 41
        },
        "end": {
          "line": 6,
          "column": 42
        }
      }
    },
    {
      "type": {
        "label": "name",
        "beforeExpr": false,
        "startsExpr": true,
        "rightAssociative": false,
        "isLoop": false,
        "isAssign": false,
        "prefix": false,
        "postfix": false,
        "binop": null
      },
      "value": "done",
      "start": 235,
      "end": 239,
      "loc": {
        "start": {
          "line": 6,
          "column": 42
        },
        "end": {
          "line": 6,
          "column": 46
        }
      }
    },
    {
      "type": {
        "label": ")",
        "beforeExpr": false,
        "startsExpr": false,
        "rightAssociative": false,
        "isLoop": false,
        "isAssign": false,
        "prefix": false,
        "postfix": false,
        "binop": null
      },
      "start": 239,
      "end": 240,
      "loc": {
        "start": {
          "line": 6,
          "column": 46
        },
        "end": {
          "line": 6,
          "column": 47
        }
      }
    },
    {
      "type": {
        "label": "=>",
        "beforeExpr": true,
        "startsExpr": false,
        "rightAssociative": false,
        "isLoop": false,
        "isAssign": false,
        "prefix": false,
        "postfix": false,
        "binop": null,
        "updateContext": null
      },
      "start": 241,
      "end": 243,
      "loc": {
        "start": {
          "line": 6,
          "column": 48
        },
        "end": {
          "line": 6,
          "column": 50
        }
      }
    },
    {
      "type": {
        "label": "{",
        "beforeExpr": true,
        "startsExpr": true,
        "rightAssociative": false,
        "isLoop": false,
        "isAssign": false,
        "prefix": false,
        "postfix": false,
        "binop": null
      },
      "start": 244,
      "end": 245,
      "loc": {
        "start": {
          "line": 6,
          "column": 51
        },
        "end": {
          "line": 6,
          "column": 52
        }
      }
    },
    {
      "type": {
        "label": "name",
        "beforeExpr": false,
        "startsExpr": true,
        "rightAssociative": false,
        "isLoop": false,
        "isAssign": false,
        "prefix": false,
        "postfix": false,
        "binop": null
      },
      "value": "Harness",
      "start": 250,
      "end": 257,
      "loc": {
        "start": {
          "line": 7,
          "column": 4
        },
        "end": {
          "line": 7,
          "column": 11
        }
      }
    },
    {
      "type": {
        "label": ".",
        "beforeExpr": false,
        "startsExpr": false,
        "rightAssociative": false,
        "isLoop": false,
        "isAssign": false,
        "prefix": false,
        "postfix": false,
        "binop": null,
        "updateContext": null
      },
      "start": 257,
      "end": 258,
      "loc": {
        "start": {
          "line": 7,
          "column": 11
        },
        "end": {
          "line": 7,
          "column": 12
        }
      }
    },
    {
      "type": {
        "label": "name",
        "beforeExpr": false,
        "startsExpr": true,
        "rightAssociative": false,
        "isLoop": false,
        "isAssign": false,
        "prefix": false,
        "postfix": false,
        "binop": null
      },
      "value": "testCreate",
      "start": 258,
      "end": 268,
      "loc": {
        "start": {
          "line": 7,
          "column": 12
        },
        "end": {
          "line": 7,
          "column": 22
        }
      }
    },
    {
      "type": {
        "label": "(",
        "beforeExpr": true,
        "startsExpr": true,
        "rightAssociative": false,
        "isLoop": false,
        "isAssign": false,
        "prefix": false,
        "postfix": false,
        "binop": null
      },
      "start": 268,
      "end": 269,
      "loc": {
        "start": {
          "line": 7,
          "column": 22
        },
        "end": {
          "line": 7,
          "column": 23
        }
      }
    },
    {
      "type": {
        "label": "name",
        "beforeExpr": false,
        "startsExpr": true,
        "rightAssociative": false,
        "isLoop": false,
        "isAssign": false,
        "prefix": false,
        "postfix": false,
        "binop": null
      },
      "value": "ColumnsComponent",
      "start": 269,
      "end": 285,
      "loc": {
        "start": {
          "line": 7,
          "column": 23
        },
        "end": {
          "line": 7,
          "column": 39
        }
      }
    },
    {
      "type": {
        "label": ",",
        "beforeExpr": true,
        "startsExpr": false,
        "rightAssociative": false,
        "isLoop": false,
        "isAssign": false,
        "prefix": false,
        "postfix": false,
        "binop": null,
        "updateContext": null
      },
      "start": 285,
      "end": 286,
      "loc": {
        "start": {
          "line": 7,
          "column": 39
        },
        "end": {
          "line": 7,
          "column": 40
        }
      }
    },
    {
      "type": {
        "label": "name",
        "beforeExpr": false,
        "startsExpr": true,
        "rightAssociative": false,
        "isLoop": false,
        "isAssign": false,
        "prefix": false,
        "postfix": false,
        "binop": null
      },
      "value": "comps",
      "start": 287,
      "end": 292,
      "loc": {
        "start": {
          "line": 7,
          "column": 41
        },
        "end": {
          "line": 7,
          "column": 46
        }
      }
    },
    {
      "type": {
        "label": ".",
        "beforeExpr": false,
        "startsExpr": false,
        "rightAssociative": false,
        "isLoop": false,
        "isAssign": false,
        "prefix": false,
        "postfix": false,
        "binop": null,
        "updateContext": null
      },
      "start": 292,
      "end": 293,
      "loc": {
        "start": {
          "line": 7,
          "column": 46
        },
        "end": {
          "line": 7,
          "column": 47
        }
      }
    },
    {
      "type": {
        "label": "name",
        "beforeExpr": false,
        "startsExpr": true,
        "rightAssociative": false,
        "isLoop": false,
        "isAssign": false,
        "prefix": false,
        "postfix": false,
        "binop": null
      },
      "value": "comp1",
      "start": 293,
      "end": 298,
      "loc": {
        "start": {
          "line": 7,
          "column": 47
        },
        "end": {
          "line": 7,
          "column": 52
        }
      }
    },
    {
      "type": {
        "label": ")",
        "beforeExpr": false,
        "startsExpr": false,
        "rightAssociative": false,
        "isLoop": false,
        "isAssign": false,
        "prefix": false,
        "postfix": false,
        "binop": null
      },
      "start": 298,
      "end": 299,
      "loc": {
        "start": {
          "line": 7,
          "column": 52
        },
        "end": {
          "line": 7,
          "column": 53
        }
      }
    },
    {
      "type": {
        "label": ".",
        "beforeExpr": false,
        "startsExpr": false,
        "rightAssociative": false,
        "isLoop": false,
        "isAssign": false,
        "prefix": false,
        "postfix": false,
        "binop": null,
        "updateContext": null
      },
      "start": 299,
      "end": 300,
      "loc": {
        "start": {
          "line": 7,
          "column": 53
        },
        "end": {
          "line": 7,
          "column": 54
        }
      }
    },
    {
      "type": {
        "label": "name",
        "beforeExpr": false,
        "startsExpr": true,
        "rightAssociative": false,
        "isLoop": false,
        "isAssign": false,
        "prefix": false,
        "postfix": false,
        "binop": null
      },
      "value": "then",
      "start": 300,
      "end": 304,
      "loc": {
        "start": {
          "line": 7,
          "column": 54
        },
        "end": {
          "line": 7,
          "column": 58
        }
      }
    },
    {
      "type": {
        "label": "(",
        "beforeExpr": true,
        "startsExpr": true,
        "rightAssociative": false,
        "isLoop": false,
        "isAssign": false,
        "prefix": false,
        "postfix": false,
        "binop": null
      },
      "start": 304,
      "end": 305,
      "loc": {
        "start": {
          "line": 7,
          "column": 58
        },
        "end": {
          "line": 7,
          "column": 59
        }
      }
    },
    {
      "type": {
        "label": "(",
        "beforeExpr": true,
        "startsExpr": true,
        "rightAssociative": false,
        "isLoop": false,
        "isAssign": false,
        "prefix": false,
        "postfix": false,
        "binop": null
      },
      "start": 305,
      "end": 306,
      "loc": {
        "start": {
          "line": 7,
          "column": 59
        },
        "end": {
          "line": 7,
          "column": 60
        }
      }
    },
    {
      "type": {
        "label": "name",
        "beforeExpr": false,
        "startsExpr": true,
        "rightAssociative": false,
        "isLoop": false,
        "isAssign": false,
        "prefix": false,
        "postfix": false,
        "binop": null
      },
      "value": "component",
      "start": 306,
      "end": 315,
      "loc": {
        "start": {
          "line": 7,
          "column": 60
        },
        "end": {
          "line": 7,
          "column": 69
        }
      }
    },
    {
      "type": {
        "label": ")",
        "beforeExpr": false,
        "startsExpr": false,
        "rightAssociative": false,
        "isLoop": false,
        "isAssign": false,
        "prefix": false,
        "postfix": false,
        "binop": null
      },
      "start": 315,
      "end": 316,
      "loc": {
        "start": {
          "line": 7,
          "column": 69
        },
        "end": {
          "line": 7,
          "column": 70
        }
      }
    },
    {
      "type": {
        "label": "=>",
        "beforeExpr": true,
        "startsExpr": false,
        "rightAssociative": false,
        "isLoop": false,
        "isAssign": false,
        "prefix": false,
        "postfix": false,
        "binop": null,
        "updateContext": null
      },
      "start": 317,
      "end": 319,
      "loc": {
        "start": {
          "line": 7,
          "column": 71
        },
        "end": {
          "line": 7,
          "column": 73
        }
      }
    },
    {
      "type": {
        "label": "{",
        "beforeExpr": true,
        "startsExpr": true,
        "rightAssociative": false,
        "isLoop": false,
        "isAssign": false,
        "prefix": false,
        "postfix": false,
        "binop": null
      },
      "start": 320,
      "end": 321,
      "loc": {
        "start": {
          "line": 7,
          "column": 74
        },
        "end": {
          "line": 7,
          "column": 75
        }
      }
    },
    {
      "type": {
        "label": "name",
        "beforeExpr": false,
        "startsExpr": true,
        "rightAssociative": false,
        "isLoop": false,
        "isAssign": false,
        "prefix": false,
        "postfix": false,
        "binop": null
      },
      "value": "Harness",
      "start": 328,
      "end": 335,
      "loc": {
        "start": {
          "line": 8,
          "column": 6
        },
        "end": {
          "line": 8,
          "column": 13
        }
      }
    },
    {
      "type": {
        "label": ".",
        "beforeExpr": false,
        "startsExpr": false,
        "rightAssociative": false,
        "isLoop": false,
        "isAssign": false,
        "prefix": false,
        "postfix": false,
        "binop": null,
        "updateContext": null
      },
      "start": 335,
      "end": 336,
      "loc": {
        "start": {
          "line": 8,
          "column": 13
        },
        "end": {
          "line": 8,
          "column": 14
        }
      }
    },
    {
      "type": {
        "label": "name",
        "beforeExpr": false,
        "startsExpr": true,
        "rightAssociative": false,
        "isLoop": false,
        "isAssign": false,
        "prefix": false,
        "postfix": false,
        "binop": null
      },
      "value": "testElements",
      "start": 336,
      "end": 348,
      "loc": {
        "start": {
          "line": 8,
          "column": 14
        },
        "end": {
          "line": 8,
          "column": 26
        }
      }
    },
    {
      "type": {
        "label": "(",
        "beforeExpr": true,
        "startsExpr": true,
        "rightAssociative": false,
        "isLoop": false,
        "isAssign": false,
        "prefix": false,
        "postfix": false,
        "binop": null
      },
      "start": 348,
      "end": 349,
      "loc": {
        "start": {
          "line": 8,
          "column": 26
        },
        "end": {
          "line": 8,
          "column": 27
        }
      }
    },
    {
      "type": {
        "label": "name",
        "beforeExpr": false,
        "startsExpr": true,
        "rightAssociative": false,
        "isLoop": false,
        "isAssign": false,
        "prefix": false,
        "postfix": false,
        "binop": null
      },
      "value": "component",
      "start": 349,
      "end": 358,
      "loc": {
        "start": {
          "line": 8,
          "column": 27
        },
        "end": {
          "line": 8,
          "column": 36
        }
      }
    },
    {
      "type": {
        "label": ",",
        "beforeExpr": true,
        "startsExpr": false,
        "rightAssociative": false,
        "isLoop": false,
        "isAssign": false,
        "prefix": false,
        "postfix": false,
        "binop": null,
        "updateContext": null
      },
      "start": 358,
      "end": 359,
      "loc": {
        "start": {
          "line": 8,
          "column": 36
        },
        "end": {
          "line": 8,
          "column": 37
        }
      }
    },
    {
      "type": {
        "label": "string",
        "beforeExpr": false,
        "startsExpr": true,
        "rightAssociative": false,
        "isLoop": false,
        "isAssign": false,
        "prefix": false,
        "postfix": false,
        "binop": null,
        "updateContext": null
      },
      "value": "input[type=\"text\"]",
      "start": 360,
      "end": 380,
      "loc": {
        "start": {
          "line": 8,
          "column": 38
        },
        "end": {
          "line": 8,
          "column": 58
        }
      }
    },
    {
      "type": {
        "label": ",",
        "beforeExpr": true,
        "startsExpr": false,
        "rightAssociative": false,
        "isLoop": false,
        "isAssign": false,
        "prefix": false,
        "postfix": false,
        "binop": null,
        "updateContext": null
      },
      "start": 380,
      "end": 381,
      "loc": {
        "start": {
          "line": 8,
          "column": 58
        },
        "end": {
          "line": 8,
          "column": 59
        }
      }
    },
    {
      "type": {
        "label": "num",
        "beforeExpr": false,
        "startsExpr": true,
        "rightAssociative": false,
        "isLoop": false,
        "isAssign": false,
        "prefix": false,
        "postfix": false,
        "binop": null,
        "updateContext": null
      },
      "value": 2,
      "start": 382,
      "end": 383,
      "loc": {
        "start": {
          "line": 8,
          "column": 60
        },
        "end": {
          "line": 8,
          "column": 61
        }
      }
    },
    {
      "type": {
        "label": ")",
        "beforeExpr": false,
        "startsExpr": false,
        "rightAssociative": false,
        "isLoop": false,
        "isAssign": false,
        "prefix": false,
        "postfix": false,
        "binop": null
      },
      "start": 383,
      "end": 384,
      "loc": {
        "start": {
          "line": 8,
          "column": 61
        },
        "end": {
          "line": 8,
          "column": 62
        }
      }
    },
    {
      "type": {
        "label": ";",
        "beforeExpr": true,
        "startsExpr": false,
        "rightAssociative": false,
        "isLoop": false,
        "isAssign": false,
        "prefix": false,
        "postfix": false,
        "binop": null,
        "updateContext": null
      },
      "start": 384,
      "end": 385,
      "loc": {
        "start": {
          "line": 8,
          "column": 62
        },
        "end": {
          "line": 8,
          "column": 63
        }
      }
    },
    {
      "type": {
        "label": "name",
        "beforeExpr": false,
        "startsExpr": true,
        "rightAssociative": false,
        "isLoop": false,
        "isAssign": false,
        "prefix": false,
        "postfix": false,
        "binop": null
      },
      "value": "done",
      "start": 392,
      "end": 396,
      "loc": {
        "start": {
          "line": 9,
          "column": 6
        },
        "end": {
          "line": 9,
          "column": 10
        }
      }
    },
    {
      "type": {
        "label": "(",
        "beforeExpr": true,
        "startsExpr": true,
        "rightAssociative": false,
        "isLoop": false,
        "isAssign": false,
        "prefix": false,
        "postfix": false,
        "binop": null
      },
      "start": 396,
      "end": 397,
      "loc": {
        "start": {
          "line": 9,
          "column": 10
        },
        "end": {
          "line": 9,
          "column": 11
        }
      }
    },
    {
      "type": {
        "label": ")",
        "beforeExpr": false,
        "startsExpr": false,
        "rightAssociative": false,
        "isLoop": false,
        "isAssign": false,
        "prefix": false,
        "postfix": false,
        "binop": null
      },
      "start": 397,
      "end": 398,
      "loc": {
        "start": {
          "line": 9,
          "column": 11
        },
        "end": {
          "line": 9,
          "column": 12
        }
      }
    },
    {
      "type": {
        "label": ";",
        "beforeExpr": true,
        "startsExpr": false,
        "rightAssociative": false,
        "isLoop": false,
        "isAssign": false,
        "prefix": false,
        "postfix": false,
        "binop": null,
        "updateContext": null
      },
      "start": 398,
      "end": 399,
      "loc": {
        "start": {
          "line": 9,
          "column": 12
        },
        "end": {
          "line": 9,
          "column": 13
        }
      }
    },
    {
      "type": {
        "label": "}",
        "beforeExpr": false,
        "startsExpr": false,
        "rightAssociative": false,
        "isLoop": false,
        "isAssign": false,
        "prefix": false,
        "postfix": false,
        "binop": null
      },
      "start": 404,
      "end": 405,
      "loc": {
        "start": {
          "line": 10,
          "column": 4
        },
        "end": {
          "line": 10,
          "column": 5
        }
      }
    },
    {
      "type": {
        "label": ")",
        "beforeExpr": false,
        "startsExpr": false,
        "rightAssociative": false,
        "isLoop": false,
        "isAssign": false,
        "prefix": false,
        "postfix": false,
        "binop": null
      },
      "start": 405,
      "end": 406,
      "loc": {
        "start": {
          "line": 10,
          "column": 5
        },
        "end": {
          "line": 10,
          "column": 6
        }
      }
    },
    {
      "type": {
        "label": ";",
        "beforeExpr": true,
        "startsExpr": false,
        "rightAssociative": false,
        "isLoop": false,
        "isAssign": false,
        "prefix": false,
        "postfix": false,
        "binop": null,
        "updateContext": null
      },
      "start": 406,
      "end": 407,
      "loc": {
        "start": {
          "line": 10,
          "column": 6
        },
        "end": {
          "line": 10,
          "column": 7
        }
      }
    },
    {
      "type": {
        "label": "}",
        "beforeExpr": false,
        "startsExpr": false,
        "rightAssociative": false,
        "isLoop": false,
        "isAssign": false,
        "prefix": false,
        "postfix": false,
        "binop": null
      },
      "start": 410,
      "end": 411,
      "loc": {
        "start": {
          "line": 11,
          "column": 2
        },
        "end": {
          "line": 11,
          "column": 3
        }
      }
    },
    {
      "type": {
        "label": ")",
        "beforeExpr": false,
        "startsExpr": false,
        "rightAssociative": false,
        "isLoop": false,
        "isAssign": false,
        "prefix": false,
        "postfix": false,
        "binop": null
      },
      "start": 411,
      "end": 412,
      "loc": {
        "start": {
          "line": 11,
          "column": 3
        },
        "end": {
          "line": 11,
          "column": 4
        }
      }
    },
    {
      "type": {
        "label": ";",
        "beforeExpr": true,
        "startsExpr": false,
        "rightAssociative": false,
        "isLoop": false,
        "isAssign": false,
        "prefix": false,
        "postfix": false,
        "binop": null,
        "updateContext": null
      },
      "start": 412,
      "end": 413,
      "loc": {
        "start": {
          "line": 11,
          "column": 4
        },
        "end": {
          "line": 11,
          "column": 5
        }
      }
    },
    {
      "type": {
        "label": "}",
        "beforeExpr": false,
        "startsExpr": false,
        "rightAssociative": false,
        "isLoop": false,
        "isAssign": false,
        "prefix": false,
        "postfix": false,
        "binop": null
      },
      "start": 414,
      "end": 415,
      "loc": {
        "start": {
          "line": 12,
          "column": 0
        },
        "end": {
          "line": 12,
          "column": 1
        }
      }
    },
    {
      "type": {
        "label": ")",
        "beforeExpr": false,
        "startsExpr": false,
        "rightAssociative": false,
        "isLoop": false,
        "isAssign": false,
        "prefix": false,
        "postfix": false,
        "binop": null
      },
      "start": 415,
      "end": 416,
      "loc": {
        "start": {
          "line": 12,
          "column": 1
        },
        "end": {
          "line": 12,
          "column": 2
        }
      }
    },
    {
      "type": {
        "label": ";",
        "beforeExpr": true,
        "startsExpr": false,
        "rightAssociative": false,
        "isLoop": false,
        "isAssign": false,
        "prefix": false,
        "postfix": false,
        "binop": null,
        "updateContext": null
      },
      "start": 416,
      "end": 417,
      "loc": {
        "start": {
          "line": 12,
          "column": 2
        },
        "end": {
          "line": 12,
          "column": 3
        }
      }
    },
    {
      "type": {
        "label": "eof",
        "beforeExpr": false,
        "startsExpr": false,
        "rightAssociative": false,
        "isLoop": false,
        "isAssign": false,
        "prefix": false,
        "postfix": false,
        "binop": null,
        "updateContext": null
      },
      "start": 418,
      "end": 418,
      "loc": {
        "start": {
          "line": 13,
          "column": 0
        },
        "end": {
          "line": 13,
          "column": 0
        }
      }
    }
  ]
}