{
  "type": "File",
  "start": 0,
  "end": 387,
  "loc": {
    "start": {
      "line": 1,
      "column": 0
    },
    "end": {
      "line": 20,
      "column": 0
    }
  },
  "program": {
    "type": "Program",
    "start": 0,
    "end": 387,
    "loc": {
      "start": {
        "line": 1,
        "column": 0
      },
      "end": {
        "line": 20,
        "column": 0
      }
    },
    "sourceType": "module",
    "body": [
      {
        "type": "ExportNamedDeclaration",
        "start": 0,
        "end": 386,
        "loc": {
          "start": {
            "line": 1,
            "column": 0
          },
          "end": {
            "line": 19,
            "column": 2
          }
        },
        "specifiers": [],
        "source": null,
        "declaration": {
          "type": "VariableDeclaration",
          "start": 7,
          "end": 386,
          "loc": {
            "start": {
              "line": 1,
              "column": 7
            },
            "end": {
              "line": 19,
              "column": 2
            }
          },
          "declarations": [
            {
              "type": "VariableDeclarator",
              "start": 13,
              "end": 385,
              "loc": {
                "start": {
                  "line": 1,
                  "column": 13
                },
                "end": {
                  "line": 19,
                  "column": 1
                }
              },
              "id": {
                "type": "Identifier",
                "start": 13,
                "end": 22,
                "loc": {
                  "start": {
                    "line": 1,
                    "column": 13
                  },
                  "end": {
                    "line": 1,
                    "column": 22
                  },
                  "identifierName": "component"
                },
                "name": "component"
              },
              "init": {
                "type": "ObjectExpression",
                "start": 25,
                "end": 385,
                "loc": {
                  "start": {
                    "line": 1,
                    "column": 25
                  },
                  "end": {
                    "line": 19,
                    "column": 1
                  }
                },
                "properties": [
                  {
                    "type": "ObjectProperty",
                    "start": 29,
                    "end": 53,
                    "loc": {
                      "start": {
                        "line": 2,
                        "column": 2
                      },
                      "end": {
                        "line": 2,
                        "column": 26
                      }
                    },
                    "method": false,
                    "shorthand": false,
                    "computed": false,
                    "key": {
                      "type": "StringLiteral",
                      "start": 29,
                      "end": 35,
                      "loc": {
                        "start": {
                          "line": 2,
                          "column": 2
                        },
                        "end": {
                          "line": 2,
                          "column": 8
                        }
                      },
                      "extra": {
                        "rawValue": "type",
                        "raw": "'type'"
                      },
                      "value": "type"
                    },
                    "value": {
                      "type": "StringLiteral",
                      "start": 37,
                      "end": 53,
                      "loc": {
                        "start": {
                          "line": 2,
                          "column": 10
                        },
                        "end": {
                          "line": 2,
                          "column": 26
                        }
                      },
                      "extra": {
                        "rawValue": "stripeCheckout",
                        "raw": "'stripeCheckout'"
                      },
                      "value": "stripeCheckout"
                    }
                  },
                  {
                    "type": "ObjectProperty",
                    "start": 57,
                    "end": 75,
                    "loc": {
                      "start": {
                        "line": 3,
                        "column": 2
                      },
                      "end": {
                        "line": 3,
                        "column": 20
                      }
                    },
                    "method": false,
                    "shorthand": false,
                    "computed": false,
                    "key": {
                      "type": "StringLiteral",
                      "start": 57,
                      "end": 64,
                      "loc": {
                        "start": {
                          "line": 3,
                          "column": 2
                        },
                        "end": {
                          "line": 3,
                          "column": 9
                        }
                      },
                      "extra": {
                        "rawValue": "theme",
                        "raw": "'theme'"
                      },
                      "value": "theme"
                    },
                    "value": {
                      "type": "StringLiteral",
                      "start": 66,
                      "end": 75,
                      "loc": {
                        "start": {
                          "line": 3,
                          "column": 11
                        },
                        "end": {
                          "line": 3,
                          "column": 20
                        }
                      },
                      "extra": {
                        "rawValue": "primary",
                        "raw": "'primary'"
                      },
                      "value": "primary"
                    }
                  },
                  {
                    "type": "ObjectProperty",
                    "start": 79,
                    "end": 104,
                    "loc": {
                      "start": {
                        "line": 4,
                        "column": 2
                      },
                      "end": {
                        "line": 4,
                        "column": 27
                      }
                    },
                    "method": false,
                    "shorthand": false,
                    "computed": false,
                    "key": {
                      "type": "StringLiteral",
                      "start": 79,
                      "end": 97,
                      "loc": {
                        "start": {
                          "line": 4,
                          "column": 2
                        },
                        "end": {
                          "line": 4,
                          "column": 20
                        }
                      },
                      "extra": {
                        "rawValue": "disableOnInvalid",
                        "raw": "'disableOnInvalid'"
                      },
                      "value": "disableOnInvalid"
                    },
                    "value": {
                      "type": "BooleanLiteral",
                      "start": 99,
                      "end": 104,
                      "loc": {
                        "start": {
                          "line": 4,
                          "column": 22
                        },
                        "end": {
                          "line": 4,
                          "column": 27
                        }
                      },
                      "value": false
                    }
                  },
                  {
                    "type": "ObjectProperty",
                    "start": 108,
                    "end": 126,
                    "loc": {
                      "start": {
                        "line": 5,
                        "column": 2
                      },
                      "end": {
                        "line": 5,
                        "column": 20
                      }
                    },
                    "method": false,
                    "shorthand": false,
                    "computed": false,
                    "key": {
                      "type": "StringLiteral",
                      "start": 108,
                      "end": 116,
                      "loc": {
                        "start": {
                          "line": 5,
                          "column": 2
                        },
                        "end": {
                          "line": 5,
                          "column": 10
                        }
                      },
                      "extra": {
                        "rawValue": "action",
                        "raw": "'action'"
                      },
                      "value": "action"
                    },
                    "value": {
                      "type": "StringLiteral",
                      "start": 118,
                      "end": 126,
                      "loc": {
                        "start": {
                          "line": 5,
                          "column": 12
                        },
                        "end": {
                          "line": 5,
                          "column": 20
                        }
                      },
                      "extra": {
                        "rawValue": "button",
                        "raw": "'button'"
                      },
                      "value": "button"
                    }
                  },
                  {
                    "type": "ObjectProperty",
                    "start": 130,
                    "end": 144,
                    "loc": {
                      "start": {
                        "line": 6,
                        "column": 2
                      },
                      "end": {
                        "line": 6,
                        "column": 16
                      }
                    },
                    "method": false,
                    "shorthand": false,
                    "computed": false,
                    "key": {
                      "type": "StringLiteral",
                      "start": 130,
                      "end": 137,
                      "loc": {
                        "start": {
                          "line": 6,
                          "column": 2
                        },
                        "end": {
                          "line": 6,
                          "column": 9
                        }
                      },
                      "extra": {
                        "rawValue": "block",
                        "raw": "'block'"
                      },
                      "value": "block"
                    },
                    "value": {
                      "type": "BooleanLiteral",
                      "start": 139,
                      "end": 144,
                      "loc": {
                        "start": {
                          "line": 6,
                          "column": 11
                        },
                        "end": {
                          "line": 6,
                          "column": 16
                        }
                      },
                      "value": false
                    }
                  },
                  {
                    "type": "ObjectProperty",
                    "start": 148,
                    "end": 163,
                    "loc": {
                      "start": {
                        "line": 7,
                        "column": 2
                      },
                      "end": {
                        "line": 7,
                        "column": 17
                      }
                    },
                    "method": false,
                    "shorthand": false,
                    "computed": false,
                    "key": {
                      "type": "StringLiteral",
                      "start": 148,
                      "end": 159,
                      "loc": {
                        "start": {
                          "line": 7,
                          "column": 2
                        },
                        "end": {
                          "line": 7,
                          "column": 13
                        }
                      },
                      "extra": {
                        "rawValue": "rightIcon",
                        "raw": "'rightIcon'"
                      },
                      "value": "rightIcon"
                    },
                    "value": {
                      "type": "StringLiteral",
                      "start": 161,
                      "end": 163,
                      "loc": {
                        "start": {
                          "line": 7,
                          "column": 15
                        },
                        "end": {
                          "line": 7,
                          "column": 17
                        }
                      },
                      "extra": {
                        "rawValue": "",
                        "raw": "''"
                      },
                      "value": ""
                    }
                  },
                  {
                    "type": "ObjectProperty",
                    "start": 167,
                    "end": 181,
                    "loc": {
                      "start": {
                        "line": 8,
                        "column": 2
                      },
                      "end": {
                        "line": 8,
                        "column": 16
                      }
                    },
                    "method": false,
                    "shorthand": false,
                    "computed": false,
                    "key": {
                      "type": "StringLiteral",
                      "start": 167,
                      "end": 177,
                      "loc": {
                        "start": {
                          "line": 8,
                          "column": 2
                        },
                        "end": {
                          "line": 8,
                          "column": 12
                        }
                      },
                      "extra": {
                        "rawValue": "leftIcon",
                        "raw": "'leftIcon'"
                      },
                      "value": "leftIcon"
                    },
                    "value": {
                      "type": "StringLiteral",
                      "start": 179,
                      "end": 181,
                      "loc": {
                        "start": {
                          "line": 8,
                          "column": 14
                        },
                        "end": {
                          "line": 8,
                          "column": 16
                        }
                      },
                      "extra": {
                        "rawValue": "",
                        "raw": "''"
                      },
                      "value": ""
                    }
                  },
                  {
                    "type": "ObjectProperty",
                    "start": 185,
                    "end": 197,
                    "loc": {
                      "start": {
                        "line": 9,
                        "column": 2
                      },
                      "end": {
                        "line": 9,
                        "column": 14
                      }
                    },
                    "method": false,
                    "shorthand": false,
                    "computed": false,
                    "key": {
                      "type": "StringLiteral",
                      "start": 185,
                      "end": 191,
                      "loc": {
                        "start": {
                          "line": 9,
                          "column": 2
                        },
                        "end": {
                          "line": 9,
                          "column": 8
                        }
                      },
                      "extra": {
                        "rawValue": "size",
                        "raw": "'size'"
                      },
                      "value": "size"
                    },
                    "value": {
                      "type": "StringLiteral",
                      "start": 193,
                      "end": 197,
                      "loc": {
                        "start": {
                          "line": 9,
                          "column": 10
                        },
                        "end": {
                          "line": 9,
                          "column": 14
                        }
                      },
                      "extra": {
                        "rawValue": "md",
                        "raw": "'md'"
                      },
                      "value": "md"
                    }
                  },
                  {
                    "type": "ObjectProperty",
                    "start": 201,
                    "end": 214,
                    "loc": {
                      "start": {
                        "line": 10,
                        "column": 2
                      },
                      "end": {
                        "line": 10,
                        "column": 15
                      }
                    },
                    "method": false,
                    "shorthand": false,
                    "computed": false,
                    "key": {
                      "type": "StringLiteral",
                      "start": 201,
                      "end": 206,
                      "loc": {
                        "start": {
                          "line": 10,
                          "column": 2
                        },
                        "end": {
                          "line": 10,
                          "column": 7
                        }
                      },
                      "extra": {
                        "rawValue": "key",
                        "raw": "'key'"
                      },
                      "value": "key"
                    },
                    "value": {
                      "type": "StringLiteral",
                      "start": 208,
                      "end": 214,
                      "loc": {
                        "start": {
                          "line": 10,
                          "column": 9
                        },
                        "end": {
                          "line": 10,
                          "column": 15
                        }
                      },
                      "extra": {
                        "rawValue": "card",
                        "raw": "'card'"
                      },
                      "value": "card"
                    }
                  },
                  {
                    "type": "ObjectProperty",
                    "start": 218,
                    "end": 236,
                    "loc": {
                      "start": {
                        "line": 11,
                        "column": 2
                      },
                      "end": {
                        "line": 11,
                        "column": 20
                      }
                    },
                    "method": false,
                    "shorthand": false,
                    "computed": false,
                    "key": {
                      "type": "StringLiteral",
                      "start": 218,
                      "end": 229,
                      "loc": {
                        "start": {
                          "line": 11,
                          "column": 2
                        },
                        "end": {
                          "line": 11,
                          "column": 13
                        }
                      },
                      "extra": {
                        "rawValue": "tableView",
                        "raw": "'tableView'"
                      },
                      "value": "tableView"
                    },
                    "value": {
                      "type": "BooleanLiteral",
                      "start": 231,
                      "end": 236,
                      "loc": {
                        "start": {
                          "line": 11,
                          "column": 15
                        },
                        "end": {
                          "line": 11,
                          "column": 20
                        }
                      },
                      "value": false
                    }
                  },
                  {
                    "type": "ObjectProperty",
                    "start": 240,
                    "end": 268,
                    "loc": {
                      "start": {
                        "line": 12,
                        "column": 2
                      },
                      "end": {
                        "line": 12,
                        "column": 30
                      }
                    },
                    "method": false,
                    "shorthand": false,
                    "computed": false,
                    "key": {
                      "type": "StringLiteral",
                      "start": 240,
                      "end": 247,
                      "loc": {
                        "start": {
                          "line": 12,
                          "column": 2
                        },
                        "end": {
                          "line": 12,
                          "column": 9
                        }
                      },
                      "extra": {
                        "rawValue": "label",
                        "raw": "'label'"
                      },
                      "value": "label"
                    },
                    "value": {
                      "type": "StringLiteral",
                      "start": 249,
                      "end": 268,
                      "loc": {
                        "start": {
                          "line": 12,
                          "column": 11
                        },
                        "end": {
                          "line": 12,
                          "column": 30
                        }
                      },
                      "extra": {
                        "rawValue": "Authorize payment",
                        "raw": "'Authorize payment'"
                      },
                      "value": "Authorize payment"
                    }
                  },
                  {
                    "type": "ObjectProperty",
                    "start": 272,
                    "end": 285,
                    "loc": {
                      "start": {
                        "line": 13,
                        "column": 2
                      },
                      "end": {
                        "line": 13,
                        "column": 15
                      }
                    },
                    "method": false,
                    "shorthand": false,
                    "computed": false,
                    "key": {
                      "type": "StringLiteral",
                      "start": 272,
                      "end": 279,
                      "loc": {
                        "start": {
                          "line": 13,
                          "column": 2
                        },
                        "end": {
                          "line": 13,
                          "column": 9
                        }
                      },
                      "extra": {
                        "rawValue": "input",
                        "raw": "'input'"
                      },
                      "value": "input"
                    },
                    "value": {
                      "type": "BooleanLiteral",
                      "start": 281,
                      "end": 285,
                      "loc": {
                        "start": {
                          "line": 13,
                          "column": 11
                        },
                        "end": {
                          "line": 13,
                          "column": 15
                        }
                      },
                      "value": true
                    }
                  },
                  {
                    "type": "ObjectProperty",
                    "start": 289,
                    "end": 383,
                    "loc": {
                      "start": {
                        "line": 14,
                        "column": 2
                      },
                      "end": {
                        "line": 18,
                        "column": 3
                      }
                    },
                    "method": false,
                    "shorthand": false,
                    "computed": false,
                    "key": {
                      "type": "StringLiteral",
                      "start": 289,
                      "end": 297,
                      "loc": {
                        "start": {
                          "line": 14,
                          "column": 2
                        },
                        "end": {
                          "line": 14,
                          "column": 10
                        }
                      },
                      "extra": {
                        "rawValue": "stripe",
                        "raw": "'stripe'"
                      },
                      "value": "stripe"
                    },
                    "value": {
                      "type": "ObjectExpression",
                      "start": 299,
                      "end": 383,
                      "loc": {
                        "start": {
                          "line": 14,
                          "column": 12
                        },
                        "end": {
                          "line": 18,
                          "column": 3
                        }
                      },
                      "properties": [
                        {
                          "type": "ObjectProperty",
                          "start": 305,
                          "end": 317,
                          "loc": {
                            "start": {
                              "line": 15,
                              "column": 4
                            },
                            "end": {
                              "line": 15,
                              "column": 16
                            }
                          },
                          "method": false,
                          "shorthand": false,
                          "computed": false,
                          "key": {
                            "type": "StringLiteral",
                            "start": 305,
                            "end": 313,
                            "loc": {
                              "start": {
                                "line": 15,
                                "column": 4
                              },
                              "end": {
                                "line": 15,
                                "column": 12
                              }
                            },
                            "extra": {
                              "rawValue": "apiKey",
                              "raw": "'apiKey'"
                            },
                            "value": "apiKey"
                          },
                          "value": {
                            "type": "StringLiteral",
                            "start": 315,
                            "end": 317,
                            "loc": {
                              "start": {
                                "line": 15,
                                "column": 14
                              },
                              "end": {
                                "line": 15,
                                "column": 16
                              }
                            },
                            "extra": {
                              "rawValue": "",
                              "raw": "''"
                            },
                            "value": ""
                          }
                        },
                        {
                          "type": "ObjectProperty",
                          "start": 323,
                          "end": 349,
                          "loc": {
                            "start": {
                              "line": 16,
                              "column": 4
                            },
                            "end": {
                              "line": 16,
                              "column": 30
                            }
                          },
                          "method": false,
                          "shorthand": false,
                          "computed": false,
                          "key": {
                            "type": "StringLiteral",
                            "start": 323,
                            "end": 345,
                            "loc": {
                              "start": {
                                "line": 16,
                                "column": 4
                              },
                              "end": {
                                "line": 16,
                                "column": 26
                              }
                            },
                            "extra": {
                              "rawValue": "handlerConfiguration",
                              "raw": "'handlerConfiguration'"
                            },
                            "value": "handlerConfiguration"
                          },
                          "value": {
                            "type": "ObjectExpression",
                            "start": 347,
                            "end": 349,
                            "loc": {
                              "start": {
                                "line": 16,
                                "column": 28
                              },
                              "end": {
                                "line": 16,
                                "column": 30
                              }
                            },
                            "properties": []
                          }
                        },
                        {
                          "type": "ObjectProperty",
                          "start": 355,
                          "end": 379,
                          "loc": {
                            "start": {
                              "line": 17,
                              "column": 4
                            },
                            "end": {
                              "line": 17,
                              "column": 28
                            }
                          },
                          "method": false,
                          "shorthand": false,
                          "computed": false,
                          "key": {
                            "type": "StringLiteral",
                            "start": 355,
                            "end": 375,
                            "loc": {
                              "start": {
                                "line": 17,
                                "column": 4
                              },
                              "end": {
                                "line": 17,
                                "column": 24
                              }
                            },
                            "extra": {
                              "rawValue": "popupConfiguration",
                              "raw": "'popupConfiguration'"
                            },
                            "value": "popupConfiguration"
                          },
                          "value": {
                            "type": "ObjectExpression",
                            "start": 377,
                            "end": 379,
                            "loc": {
                              "start": {
                                "line": 17,
                                "column": 26
                              },
                              "end": {
                                "line": 17,
                                "column": 28
                              }
                            },
                            "properties": []
                          }
                        }
                      ]
                    }
                  }
                ]
              }
            }
          ],
          "kind": "const",
          "leadingComments": [],
          "trailingComments": []
        }
      }
    ],
    "directives": []
  },
  "comments": [],
  "tokens": [
    {
      "type": {
        "label": "export",
        "keyword": "export",
        "beforeExpr": false,
        "startsExpr": false,
        "rightAssociative": false,
        "isLoop": false,
        "isAssign": false,
        "prefix": false,
        "postfix": false,
        "binop": null,
        "updateContext": null
      },
      "value": "export",
      "start": 0,
      "end": 6,
      "loc": {
        "start": {
          "line": 1,
          "column": 0
        },
        "end": {
          "line": 1,
          "column": 6
        }
      }
    },
    {
      "type": {
        "label": "const",
        "keyword": "const",
        "beforeExpr": false,
        "startsExpr": false,
        "rightAssociative": false,
        "isLoop": false,
        "isAssign": false,
        "prefix": false,
        "postfix": false,
        "binop": null,
        "updateContext": null
      },
      "value": "const",
      "start": 7,
      "end": 12,
      "loc": {
        "start": {
          "line": 1,
          "column": 7
        },
        "end": {
          "line": 1,
          "column": 12
        }
      }
    },
    {
      "type": {
        "label": "name",
        "beforeExpr": false,
        "startsExpr": true,
        "rightAssociative": false,
        "isLoop": false,
        "isAssign": false,
        "prefix": false,
        "postfix": false,
        "binop": null
      },
      "value": "component",
      "start": 13,
      "end": 22,
      "loc": {
        "start": {
          "line": 1,
          "column": 13
        },
        "end": {
          "line": 1,
          "column": 22
        }
      }
    },
    {
      "type": {
        "label": "=",
        "beforeExpr": true,
        "startsExpr": false,
        "rightAssociative": false,
        "isLoop": false,
        "isAssign": true,
        "prefix": false,
        "postfix": false,
        "binop": null,
        "updateContext": null
      },
      "value": "=",
      "start": 23,
      "end": 24,
      "loc": {
        "start": {
          "line": 1,
          "column": 23
        },
        "end": {
          "line": 1,
          "column": 24
        }
      }
    },
    {
      "type": {
        "label": "{",
        "beforeExpr": true,
        "startsExpr": true,
        "rightAssociative": false,
        "isLoop": false,
        "isAssign": false,
        "prefix": false,
        "postfix": false,
        "binop": null
      },
      "start": 25,
      "end": 26,
      "loc": {
        "start": {
          "line": 1,
          "column": 25
        },
        "end": {
          "line": 1,
          "column": 26
        }
      }
    },
    {
      "type": {
        "label": "string",
        "beforeExpr": false,
        "startsExpr": true,
        "rightAssociative": false,
        "isLoop": false,
        "isAssign": false,
        "prefix": false,
        "postfix": false,
        "binop": null,
        "updateContext": null
      },
      "value": "type",
      "start": 29,
      "end": 35,
      "loc": {
        "start": {
          "line": 2,
          "column": 2
        },
        "end": {
          "line": 2,
          "column": 8
        }
      }
    },
    {
      "type": {
        "label": ":",
        "beforeExpr": true,
        "startsExpr": false,
        "rightAssociative": false,
        "isLoop": false,
        "isAssign": false,
        "prefix": false,
        "postfix": false,
        "binop": null,
        "updateContext": null
      },
      "start": 35,
      "end": 36,
      "loc": {
        "start": {
          "line": 2,
          "column": 8
        },
        "end": {
          "line": 2,
          "column": 9
        }
      }
    },
    {
      "type": {
        "label": "string",
        "beforeExpr": false,
        "startsExpr": true,
        "rightAssociative": false,
        "isLoop": false,
        "isAssign": false,
        "prefix": false,
        "postfix": false,
        "binop": null,
        "updateContext": null
      },
      "value": "stripeCheckout",
      "start": 37,
      "end": 53,
      "loc": {
        "start": {
          "line": 2,
          "column": 10
        },
        "end": {
          "line": 2,
          "column": 26
        }
      }
    },
    {
      "type": {
        "label": ",",
        "beforeExpr": true,
        "startsExpr": false,
        "rightAssociative": false,
        "isLoop": false,
        "isAssign": false,
        "prefix": false,
        "postfix": false,
        "binop": null,
        "updateContext": null
      },
      "start": 53,
      "end": 54,
      "loc": {
        "start": {
          "line": 2,
          "column": 26
        },
        "end": {
          "line": 2,
          "column": 27
        }
      }
    },
    {
      "type": {
        "label": "string",
        "beforeExpr": false,
        "startsExpr": true,
        "rightAssociative": false,
        "isLoop": false,
        "isAssign": false,
        "prefix": false,
        "postfix": false,
        "binop": null,
        "updateContext": null
      },
      "value": "theme",
      "start": 57,
      "end": 64,
      "loc": {
        "start": {
          "line": 3,
          "column": 2
        },
        "end": {
          "line": 3,
          "column": 9
        }
      }
    },
    {
      "type": {
        "label": ":",
        "beforeExpr": true,
        "startsExpr": false,
        "rightAssociative": false,
        "isLoop": false,
        "isAssign": false,
        "prefix": false,
        "postfix": false,
        "binop": null,
        "updateContext": null
      },
      "start": 64,
      "end": 65,
      "loc": {
        "start": {
          "line": 3,
          "column": 9
        },
        "end": {
          "line": 3,
          "column": 10
        }
      }
    },
    {
      "type": {
        "label": "string",
        "beforeExpr": false,
        "startsExpr": true,
        "rightAssociative": false,
        "isLoop": false,
        "isAssign": false,
        "prefix": false,
        "postfix": false,
        "binop": null,
        "updateContext": null
      },
      "value": "primary",
      "start": 66,
      "end": 75,
      "loc": {
        "start": {
          "line": 3,
          "column": 11
        },
        "end": {
          "line": 3,
          "column": 20
        }
      }
    },
    {
      "type": {
        "label": ",",
        "beforeExpr": true,
        "startsExpr": false,
        "rightAssociative": false,
        "isLoop": false,
        "isAssign": false,
        "prefix": false,
        "postfix": false,
        "binop": null,
        "updateContext": null
      },
      "start": 75,
      "end": 76,
      "loc": {
        "start": {
          "line": 3,
          "column": 20
        },
        "end": {
          "line": 3,
          "column": 21
        }
      }
    },
    {
      "type": {
        "label": "string",
        "beforeExpr": false,
        "startsExpr": true,
        "rightAssociative": false,
        "isLoop": false,
        "isAssign": false,
        "prefix": false,
        "postfix": false,
        "binop": null,
        "updateContext": null
      },
      "value": "disableOnInvalid",
      "start": 79,
      "end": 97,
      "loc": {
        "start": {
          "line": 4,
          "column": 2
        },
        "end": {
          "line": 4,
          "column": 20
        }
      }
    },
    {
      "type": {
        "label": ":",
        "beforeExpr": true,
        "startsExpr": false,
        "rightAssociative": false,
        "isLoop": false,
        "isAssign": false,
        "prefix": false,
        "postfix": false,
        "binop": null,
        "updateContext": null
      },
      "start": 97,
      "end": 98,
      "loc": {
        "start": {
          "line": 4,
          "column": 20
        },
        "end": {
          "line": 4,
          "column": 21
        }
      }
    },
    {
      "type": {
        "label": "false",
        "keyword": "false",
        "beforeExpr": false,
        "startsExpr": true,
        "rightAssociative": false,
        "isLoop": false,
        "isAssign": false,
        "prefix": false,
        "postfix": false,
        "binop": null,
        "updateContext": null
      },
      "value": "false",
      "start": 99,
      "end": 104,
      "loc": {
        "start": {
          "line": 4,
          "column": 22
        },
        "end": {
          "line": 4,
          "column": 27
        }
      }
    },
    {
      "type": {
        "label": ",",
        "beforeExpr": true,
        "startsExpr": false,
        "rightAssociative": false,
        "isLoop": false,
        "isAssign": false,
        "prefix": false,
        "postfix": false,
        "binop": null,
        "updateContext": null
      },
      "start": 104,
      "end": 105,
      "loc": {
        "start": {
          "line": 4,
          "column": 27
        },
        "end": {
          "line": 4,
          "column": 28
        }
      }
    },
    {
      "type": {
        "label": "string",
        "beforeExpr": false,
        "startsExpr": true,
        "rightAssociative": false,
        "isLoop": false,
        "isAssign": false,
        "prefix": false,
        "postfix": false,
        "binop": null,
        "updateContext": null
      },
      "value": "action",
      "start": 108,
      "end": 116,
      "loc": {
        "start": {
          "line": 5,
          "column": 2
        },
        "end": {
          "line": 5,
          "column": 10
        }
      }
    },
    {
      "type": {
        "label": ":",
        "beforeExpr": true,
        "startsExpr": false,
        "rightAssociative": false,
        "isLoop": false,
        "isAssign": false,
        "prefix": false,
        "postfix": false,
        "binop": null,
        "updateContext": null
      },
      "start": 116,
      "end": 117,
      "loc": {
        "start": {
          "line": 5,
          "column": 10
        },
        "end": {
          "line": 5,
          "column": 11
        }
      }
    },
    {
      "type": {
        "label": "string",
        "beforeExpr": false,
        "startsExpr": true,
        "rightAssociative": false,
        "isLoop": false,
        "isAssign": false,
        "prefix": false,
        "postfix": false,
        "binop": null,
        "updateContext": null
      },
      "value": "button",
      "start": 118,
      "end": 126,
      "loc": {
        "start": {
          "line": 5,
          "column": 12
        },
        "end": {
          "line": 5,
          "column": 20
        }
      }
    },
    {
      "type": {
        "label": ",",
        "beforeExpr": true,
        "startsExpr": false,
        "rightAssociative": false,
        "isLoop": false,
        "isAssign": false,
        "prefix": false,
        "postfix": false,
        "binop": null,
        "updateContext": null
      },
      "start": 126,
      "end": 127,
      "loc": {
        "start": {
          "line": 5,
          "column": 20
        },
        "end": {
          "line": 5,
          "column": 21
        }
      }
    },
    {
      "type": {
        "label": "string",
        "beforeExpr": false,
        "startsExpr": true,
        "rightAssociative": false,
        "isLoop": false,
        "isAssign": false,
        "prefix": false,
        "postfix": false,
        "binop": null,
        "updateContext": null
      },
      "value": "block",
      "start": 130,
      "end": 137,
      "loc": {
        "start": {
          "line": 6,
          "column": 2
        },
        "end": {
          "line": 6,
          "column": 9
        }
      }
    },
    {
      "type": {
        "label": ":",
        "beforeExpr": true,
        "startsExpr": false,
        "rightAssociative": false,
        "isLoop": false,
        "isAssign": false,
        "prefix": false,
        "postfix": false,
        "binop": null,
        "updateContext": null
      },
      "start": 137,
      "end": 138,
      "loc": {
        "start": {
          "line": 6,
          "column": 9
        },
        "end": {
          "line": 6,
          "column": 10
        }
      }
    },
    {
      "type": {
        "label": "false",
        "keyword": "false",
        "beforeExpr": false,
        "startsExpr": true,
        "rightAssociative": false,
        "isLoop": false,
        "isAssign": false,
        "prefix": false,
        "postfix": false,
        "binop": null,
        "updateContext": null
      },
      "value": "false",
      "start": 139,
      "end": 144,
      "loc": {
        "start": {
          "line": 6,
          "column": 11
        },
        "end": {
          "line": 6,
          "column": 16
        }
      }
    },
    {
      "type": {
        "label": ",",
        "beforeExpr": true,
        "startsExpr": false,
        "rightAssociative": false,
        "isLoop": false,
        "isAssign": false,
        "prefix": false,
        "postfix": false,
        "binop": null,
        "updateContext": null
      },
      "start": 144,
      "end": 145,
      "loc": {
        "start": {
          "line": 6,
          "column": 16
        },
        "end": {
          "line": 6,
          "column": 17
        }
      }
    },
    {
      "type": {
        "label": "string",
        "beforeExpr": false,
        "startsExpr": true,
        "rightAssociative": false,
        "isLoop": false,
        "isAssign": false,
        "prefix": false,
        "postfix": false,
        "binop": null,
        "updateContext": null
      },
      "value": "rightIcon",
      "start": 148,
      "end": 159,
      "loc": {
        "start": {
          "line": 7,
          "column": 2
        },
        "end": {
          "line": 7,
          "column": 13
        }
      }
    },
    {
      "type": {
        "label": ":",
        "beforeExpr": true,
        "startsExpr": false,
        "rightAssociative": false,
        "isLoop": false,
        "isAssign": false,
        "prefix": false,
        "postfix": false,
        "binop": null,
        "updateContext": null
      },
      "start": 159,
      "end": 160,
      "loc": {
        "start": {
          "line": 7,
          "column": 13
        },
        "end": {
          "line": 7,
          "column": 14
        }
      }
    },
    {
      "type": {
        "label": "string",
        "beforeExpr": false,
        "startsExpr": true,
        "rightAssociative": false,
        "isLoop": false,
        "isAssign": false,
        "prefix": false,
        "postfix": false,
        "binop": null,
        "updateContext": null
      },
      "value": "",
      "start": 161,
      "end": 163,
      "loc": {
        "start": {
          "line": 7,
          "column": 15
        },
        "end": {
          "line": 7,
          "column": 17
        }
      }
    },
    {
      "type": {
        "label": ",",
        "beforeExpr": true,
        "startsExpr": false,
        "rightAssociative": false,
        "isLoop": false,
        "isAssign": false,
        "prefix": false,
        "postfix": false,
        "binop": null,
        "updateContext": null
      },
      "start": 163,
      "end": 164,
      "loc": {
        "start": {
          "line": 7,
          "column": 17
        },
        "end": {
          "line": 7,
          "column": 18
        }
      }
    },
    {
      "type": {
        "label": "string",
        "beforeExpr": false,
        "startsExpr": true,
        "rightAssociative": false,
        "isLoop": false,
        "isAssign": false,
        "prefix": false,
        "postfix": false,
        "binop": null,
        "updateContext": null
      },
      "value": "leftIcon",
      "start": 167,
      "end": 177,
      "loc": {
        "start": {
          "line": 8,
          "column": 2
        },
        "end": {
          "line": 8,
          "column": 12
        }
      }
    },
    {
      "type": {
        "label": ":",
        "beforeExpr": true,
        "startsExpr": false,
        "rightAssociative": false,
        "isLoop": false,
        "isAssign": false,
        "prefix": false,
        "postfix": false,
        "binop": null,
        "updateContext": null
      },
      "start": 177,
      "end": 178,
      "loc": {
        "start": {
          "line": 8,
          "column": 12
        },
        "end": {
          "line": 8,
          "column": 13
        }
      }
    },
    {
      "type": {
        "label": "string",
        "beforeExpr": false,
        "startsExpr": true,
        "rightAssociative": false,
        "isLoop": false,
        "isAssign": false,
        "prefix": false,
        "postfix": false,
        "binop": null,
        "updateContext": null
      },
      "value": "",
      "start": 179,
      "end": 181,
      "loc": {
        "start": {
          "line": 8,
          "column": 14
        },
        "end": {
          "line": 8,
          "column": 16
        }
      }
    },
    {
      "type": {
        "label": ",",
        "beforeExpr": true,
        "startsExpr": false,
        "rightAssociative": false,
        "isLoop": false,
        "isAssign": false,
        "prefix": false,
        "postfix": false,
        "binop": null,
        "updateContext": null
      },
      "start": 181,
      "end": 182,
      "loc": {
        "start": {
          "line": 8,
          "column": 16
        },
        "end": {
          "line": 8,
          "column": 17
        }
      }
    },
    {
      "type": {
        "label": "string",
        "beforeExpr": false,
        "startsExpr": true,
        "rightAssociative": false,
        "isLoop": false,
        "isAssign": false,
        "prefix": false,
        "postfix": false,
        "binop": null,
        "updateContext": null
      },
      "value": "size",
      "start": 185,
      "end": 191,
      "loc": {
        "start": {
          "line": 9,
          "column": 2
        },
        "end": {
          "line": 9,
          "column": 8
        }
      }
    },
    {
      "type": {
        "label": ":",
        "beforeExpr": true,
        "startsExpr": false,
        "rightAssociative": false,
        "isLoop": false,
        "isAssign": false,
        "prefix": false,
        "postfix": false,
        "binop": null,
        "updateContext": null
      },
      "start": 191,
      "end": 192,
      "loc": {
        "start": {
          "line": 9,
          "column": 8
        },
        "end": {
          "line": 9,
          "column": 9
        }
      }
    },
    {
      "type": {
        "label": "string",
        "beforeExpr": false,
        "startsExpr": true,
        "rightAssociative": false,
        "isLoop": false,
        "isAssign": false,
        "prefix": false,
        "postfix": false,
        "binop": null,
        "updateContext": null
      },
      "value": "md",
      "start": 193,
      "end": 197,
      "loc": {
        "start": {
          "line": 9,
          "column": 10
        },
        "end": {
          "line": 9,
          "column": 14
        }
      }
    },
    {
      "type": {
        "label": ",",
        "beforeExpr": true,
        "startsExpr": false,
        "rightAssociative": false,
        "isLoop": false,
        "isAssign": false,
        "prefix": false,
        "postfix": false,
        "binop": null,
        "updateContext": null
      },
      "start": 197,
      "end": 198,
      "loc": {
        "start": {
          "line": 9,
          "column": 14
        },
        "end": {
          "line": 9,
          "column": 15
        }
      }
    },
    {
      "type": {
        "label": "string",
        "beforeExpr": false,
        "startsExpr": true,
        "rightAssociative": false,
        "isLoop": false,
        "isAssign": false,
        "prefix": false,
        "postfix": false,
        "binop": null,
        "updateContext": null
      },
      "value": "key",
      "start": 201,
      "end": 206,
      "loc": {
        "start": {
          "line": 10,
          "column": 2
        },
        "end": {
          "line": 10,
          "column": 7
        }
      }
    },
    {
      "type": {
        "label": ":",
        "beforeExpr": true,
        "startsExpr": false,
        "rightAssociative": false,
        "isLoop": false,
        "isAssign": false,
        "prefix": false,
        "postfix": false,
        "binop": null,
        "updateContext": null
      },
      "start": 206,
      "end": 207,
      "loc": {
        "start": {
          "line": 10,
          "column": 7
        },
        "end": {
          "line": 10,
          "column": 8
        }
      }
    },
    {
      "type": {
        "label": "string",
        "beforeExpr": false,
        "startsExpr": true,
        "rightAssociative": false,
        "isLoop": false,
        "isAssign": false,
        "prefix": false,
        "postfix": false,
        "binop": null,
        "updateContext": null
      },
      "value": "card",
      "start": 208,
      "end": 214,
      "loc": {
        "start": {
          "line": 10,
          "column": 9
        },
        "end": {
          "line": 10,
          "column": 15
        }
      }
    },
    {
      "type": {
        "label": ",",
        "beforeExpr": true,
        "startsExpr": false,
        "rightAssociative": false,
        "isLoop": false,
        "isAssign": false,
        "prefix": false,
        "postfix": false,
        "binop": null,
        "updateContext": null
      },
      "start": 214,
      "end": 215,
      "loc": {
        "start": {
          "line": 10,
          "column": 15
        },
        "end": {
          "line": 10,
          "column": 16
        }
      }
    },
    {
      "type": {
        "label": "string",
        "beforeExpr": false,
        "startsExpr": true,
        "rightAssociative": false,
        "isLoop": false,
        "isAssign": false,
        "prefix": false,
        "postfix": false,
        "binop": null,
        "updateContext": null
      },
      "value": "tableView",
      "start": 218,
      "end": 229,
      "loc": {
        "start": {
          "line": 11,
          "column": 2
        },
        "end": {
          "line": 11,
          "column": 13
        }
      }
    },
    {
      "type": {
        "label": ":",
        "beforeExpr": true,
        "startsExpr": false,
        "rightAssociative": false,
        "isLoop": false,
        "isAssign": false,
        "prefix": false,
        "postfix": false,
        "binop": null,
        "updateContext": null
      },
      "start": 229,
      "end": 230,
      "loc": {
        "start": {
          "line": 11,
          "column": 13
        },
        "end": {
          "line": 11,
          "column": 14
        }
      }
    },
    {
      "type": {
        "label": "false",
        "keyword": "false",
        "beforeExpr": false,
        "startsExpr": true,
        "rightAssociative": false,
        "isLoop": false,
        "isAssign": false,
        "prefix": false,
        "postfix": false,
        "binop": null,
        "updateContext": null
      },
      "value": "false",
      "start": 231,
      "end": 236,
      "loc": {
        "start": {
          "line": 11,
          "column": 15
        },
        "end": {
          "line": 11,
          "column": 20
        }
      }
    },
    {
      "type": {
        "label": ",",
        "beforeExpr": true,
        "startsExpr": false,
        "rightAssociative": false,
        "isLoop": false,
        "isAssign": false,
        "prefix": false,
        "postfix": false,
        "binop": null,
        "updateContext": null
      },
      "start": 236,
      "end": 237,
      "loc": {
        "start": {
          "line": 11,
          "column": 20
        },
        "end": {
          "line": 11,
          "column": 21
        }
      }
    },
    {
      "type": {
        "label": "string",
        "beforeExpr": false,
        "startsExpr": true,
        "rightAssociative": false,
        "isLoop": false,
        "isAssign": false,
        "prefix": false,
        "postfix": false,
        "binop": null,
        "updateContext": null
      },
      "value": "label",
      "start": 240,
      "end": 247,
      "loc": {
        "start": {
          "line": 12,
          "column": 2
        },
        "end": {
          "line": 12,
          "column": 9
        }
      }
    },
    {
      "type": {
        "label": ":",
        "beforeExpr": true,
        "startsExpr": false,
        "rightAssociative": false,
        "isLoop": false,
        "isAssign": false,
        "prefix": false,
        "postfix": false,
        "binop": null,
        "updateContext": null
      },
      "start": 247,
      "end": 248,
      "loc": {
        "start": {
          "line": 12,
          "column": 9
        },
        "end": {
          "line": 12,
          "column": 10
        }
      }
    },
    {
      "type": {
        "label": "string",
        "beforeExpr": false,
        "startsExpr": true,
        "rightAssociative": false,
        "isLoop": false,
        "isAssign": false,
        "prefix": false,
        "postfix": false,
        "binop": null,
        "updateContext": null
      },
      "value": "Authorize payment",
      "start": 249,
      "end": 268,
      "loc": {
        "start": {
          "line": 12,
          "column": 11
        },
        "end": {
          "line": 12,
          "column": 30
        }
      }
    },
    {
      "type": {
        "label": ",",
        "beforeExpr": true,
        "startsExpr": false,
        "rightAssociative": false,
        "isLoop": false,
        "isAssign": false,
        "prefix": false,
        "postfix": false,
        "binop": null,
        "updateContext": null
      },
      "start": 268,
      "end": 269,
      "loc": {
        "start": {
          "line": 12,
          "column": 30
        },
        "end": {
          "line": 12,
          "column": 31
        }
      }
    },
    {
      "type": {
        "label": "string",
        "beforeExpr": false,
        "startsExpr": true,
        "rightAssociative": false,
        "isLoop": false,
        "isAssign": false,
        "prefix": false,
        "postfix": false,
        "binop": null,
        "updateContext": null
      },
      "value": "input",
      "start": 272,
      "end": 279,
      "loc": {
        "start": {
          "line": 13,
          "column": 2
        },
        "end": {
          "line": 13,
          "column": 9
        }
      }
    },
    {
      "type": {
        "label": ":",
        "beforeExpr": true,
        "startsExpr": false,
        "rightAssociative": false,
        "isLoop": false,
        "isAssign": false,
        "prefix": false,
        "postfix": false,
        "binop": null,
        "updateContext": null
      },
      "start": 279,
      "end": 280,
      "loc": {
        "start": {
          "line": 13,
          "column": 9
        },
        "end": {
          "line": 13,
          "column": 10
        }
      }
    },
    {
      "type": {
        "label": "true",
        "keyword": "true",
        "beforeExpr": false,
        "startsExpr": true,
        "rightAssociative": false,
        "isLoop": false,
        "isAssign": false,
        "prefix": false,
        "postfix": false,
        "binop": null,
        "updateContext": null
      },
      "value": "true",
      "start": 281,
      "end": 285,
      "loc": {
        "start": {
          "line": 13,
          "column": 11
        },
        "end": {
          "line": 13,
          "column": 15
        }
      }
    },
    {
      "type": {
        "label": ",",
        "beforeExpr": true,
        "startsExpr": false,
        "rightAssociative": false,
        "isLoop": false,
        "isAssign": false,
        "prefix": false,
        "postfix": false,
        "binop": null,
        "updateContext": null
      },
      "start": 285,
      "end": 286,
      "loc": {
        "start": {
          "line": 13,
          "column": 15
        },
        "end": {
          "line": 13,
          "column": 16
        }
      }
    },
    {
      "type": {
        "label": "string",
        "beforeExpr": false,
        "startsExpr": true,
        "rightAssociative": false,
        "isLoop": false,
        "isAssign": false,
        "prefix": false,
        "postfix": false,
        "binop": null,
        "updateContext": null
      },
      "value": "stripe",
      "start": 289,
      "end": 297,
      "loc": {
        "start": {
          "line": 14,
          "column": 2
        },
        "end": {
          "line": 14,
          "column": 10
        }
      }
    },
    {
      "type": {
        "label": ":",
        "beforeExpr": true,
        "startsExpr": false,
        "rightAssociative": false,
        "isLoop": false,
        "isAssign": false,
        "prefix": false,
        "postfix": false,
        "binop": null,
        "updateContext": null
      },
      "start": 297,
      "end": 298,
      "loc": {
        "start": {
          "line": 14,
          "column": 10
        },
        "end": {
          "line": 14,
          "column": 11
        }
      }
    },
    {
      "type": {
        "label": "{",
        "beforeExpr": true,
        "startsExpr": true,
        "rightAssociative": false,
        "isLoop": false,
        "isAssign": false,
        "prefix": false,
        "postfix": false,
        "binop": null
      },
      "start": 299,
      "end": 300,
      "loc": {
        "start": {
          "line": 14,
          "column": 12
        },
        "end": {
          "line": 14,
          "column": 13
        }
      }
    },
    {
      "type": {
        "label": "string",
        "beforeExpr": false,
        "startsExpr": true,
        "rightAssociative": false,
        "isLoop": false,
        "isAssign": false,
        "prefix": false,
        "postfix": false,
        "binop": null,
        "updateContext": null
      },
      "value": "apiKey",
      "start": 305,
      "end": 313,
      "loc": {
        "start": {
          "line": 15,
          "column": 4
        },
        "end": {
          "line": 15,
          "column": 12
        }
      }
    },
    {
      "type": {
        "label": ":",
        "beforeExpr": true,
        "startsExpr": false,
        "rightAssociative": false,
        "isLoop": false,
        "isAssign": false,
        "prefix": false,
        "postfix": false,
        "binop": null,
        "updateContext": null
      },
      "start": 313,
      "end": 314,
      "loc": {
        "start": {
          "line": 15,
          "column": 12
        },
        "end": {
          "line": 15,
          "column": 13
        }
      }
    },
    {
      "type": {
        "label": "string",
        "beforeExpr": false,
        "startsExpr": true,
        "rightAssociative": false,
        "isLoop": false,
        "isAssign": false,
        "prefix": false,
        "postfix": false,
        "binop": null,
        "updateContext": null
      },
      "value": "",
      "start": 315,
      "end": 317,
      "loc": {
        "start": {
          "line": 15,
          "column": 14
        },
        "end": {
          "line": 15,
          "column": 16
        }
      }
    },
    {
      "type": {
        "label": ",",
        "beforeExpr": true,
        "startsExpr": false,
        "rightAssociative": false,
        "isLoop": false,
        "isAssign": false,
        "prefix": false,
        "postfix": false,
        "binop": null,
        "updateContext": null
      },
      "start": 317,
      "end": 318,
      "loc": {
        "start": {
          "line": 15,
          "column": 16
        },
        "end": {
          "line": 15,
          "column": 17
        }
      }
    },
    {
      "type": {
        "label": "string",
        "beforeExpr": false,
        "startsExpr": true,
        "rightAssociative": false,
        "isLoop": false,
        "isAssign": false,
        "prefix": false,
        "postfix": false,
        "binop": null,
        "updateContext": null
      },
      "value": "handlerConfiguration",
      "start": 323,
      "end": 345,
      "loc": {
        "start": {
          "line": 16,
          "column": 4
        },
        "end": {
          "line": 16,
          "column": 26
        }
      }
    },
    {
      "type": {
        "label": ":",
        "beforeExpr": true,
        "startsExpr": false,
        "rightAssociative": false,
        "isLoop": false,
        "isAssign": false,
        "prefix": false,
        "postfix": false,
        "binop": null,
        "updateContext": null
      },
      "start": 345,
      "end": 346,
      "loc": {
        "start": {
          "line": 16,
          "column": 26
        },
        "end": {
          "line": 16,
          "column": 27
        }
      }
    },
    {
      "type": {
        "label": "{",
        "beforeExpr": true,
        "startsExpr": true,
        "rightAssociative": false,
        "isLoop": false,
        "isAssign": false,
        "prefix": false,
        "postfix": false,
        "binop": null
      },
      "start": 347,
      "end": 348,
      "loc": {
        "start": {
          "line": 16,
          "column": 28
        },
        "end": {
          "line": 16,
          "column": 29
        }
      }
    },
    {
      "type": {
        "label": "}",
        "beforeExpr": false,
        "startsExpr": false,
        "rightAssociative": false,
        "isLoop": false,
        "isAssign": false,
        "prefix": false,
        "postfix": false,
        "binop": null
      },
      "start": 348,
      "end": 349,
      "loc": {
        "start": {
          "line": 16,
          "column": 29
        },
        "end": {
          "line": 16,
          "column": 30
        }
      }
    },
    {
      "type": {
        "label": ",",
        "beforeExpr": true,
        "startsExpr": false,
        "rightAssociative": false,
        "isLoop": false,
        "isAssign": false,
        "prefix": false,
        "postfix": false,
        "binop": null,
        "updateContext": null
      },
      "start": 349,
      "end": 350,
      "loc": {
        "start": {
          "line": 16,
          "column": 30
        },
        "end": {
          "line": 16,
          "column": 31
        }
      }
    },
    {
      "type": {
        "label": "string",
        "beforeExpr": false,
        "startsExpr": true,
        "rightAssociative": false,
        "isLoop": false,
        "isAssign": false,
        "prefix": false,
        "postfix": false,
        "binop": null,
        "updateContext": null
      },
      "value": "popupConfiguration",
      "start": 355,
      "end": 375,
      "loc": {
        "start": {
          "line": 17,
          "column": 4
        },
        "end": {
          "line": 17,
          "column": 24
        }
      }
    },
    {
      "type": {
        "label": ":",
        "beforeExpr": true,
        "startsExpr": false,
        "rightAssociative": false,
        "isLoop": false,
        "isAssign": false,
        "prefix": false,
        "postfix": false,
        "binop": null,
        "updateContext": null
      },
      "start": 375,
      "end": 376,
      "loc": {
        "start": {
          "line": 17,
          "column": 24
        },
        "end": {
          "line": 17,
          "column": 25
        }
      }
    },
    {
      "type": {
        "label": "{",
        "beforeExpr": true,
        "startsExpr": true,
        "rightAssociative": false,
        "isLoop": false,
        "isAssign": false,
        "prefix": false,
        "postfix": false,
        "binop": null
      },
      "start": 377,
      "end": 378,
      "loc": {
        "start": {
          "line": 17,
          "column": 26
        },
        "end": {
          "line": 17,
          "column": 27
        }
      }
    },
    {
      "type": {
        "label": "}",
        "beforeExpr": false,
        "startsExpr": false,
        "rightAssociative": false,
        "isLoop": false,
        "isAssign": false,
        "prefix": false,
        "postfix": false,
        "binop": null
      },
      "start": 378,
      "end": 379,
      "loc": {
        "start": {
          "line": 17,
          "column": 27
        },
        "end": {
          "line": 17,
          "column": 28
        }
      }
    },
    {
      "type": {
        "label": "}",
        "beforeExpr": false,
        "startsExpr": false,
        "rightAssociative": false,
        "isLoop": false,
        "isAssign": false,
        "prefix": false,
        "postfix": false,
        "binop": null
      },
      "start": 382,
      "end": 383,
      "loc": {
        "start": {
          "line": 18,
          "column": 2
        },
        "end": {
          "line": 18,
          "column": 3
        }
      }
    },
    {
      "type": {
        "label": "}",
        "beforeExpr": false,
        "startsExpr": false,
        "rightAssociative": false,
        "isLoop": false,
        "isAssign": false,
        "prefix": false,
        "postfix": false,
        "binop": null
      },
      "start": 384,
      "end": 385,
      "loc": {
        "start": {
          "line": 19,
          "column": 0
        },
        "end": {
          "line": 19,
          "column": 1
        }
      }
    },
    {
      "type": {
        "label": ";",
        "beforeExpr": true,
        "startsExpr": false,
        "rightAssociative": false,
        "isLoop": false,
        "isAssign": false,
        "prefix": false,
        "postfix": false,
        "binop": null,
        "updateContext": null
      },
      "start": 385,
      "end": 386,
      "loc": {
        "start": {
          "line": 19,
          "column": 1
        },
        "end": {
          "line": 19,
          "column": 2
        }
      }
    },
    {
      "type": {
        "label": "eof",
        "beforeExpr": false,
        "startsExpr": false,
        "rightAssociative": false,
        "isLoop": false,
        "isAssign": false,
        "prefix": false,
        "postfix": false,
        "binop": null,
        "updateContext": null
      },
      "start": 387,
      "end": 387,
      "loc": {
        "start": {
          "line": 20,
          "column": 0
        },
        "end": {
          "line": 20,
          "column": 0
        }
      }
    }
  ]
}