{
  "type": "File",
  "start": 0,
  "end": 734,
  "loc": {
    "start": {
      "line": 1,
      "column": 0
    },
    "end": {
      "line": 32,
      "column": 0
    }
  },
  "program": {
    "type": "Program",
    "start": 0,
    "end": 734,
    "loc": {
      "start": {
        "line": 1,
        "column": 0
      },
      "end": {
        "line": 32,
        "column": 0
      }
    },
    "sourceType": "module",
    "body": [
      {
        "type": "ImportDeclaration",
        "start": 0,
        "end": 45,
        "loc": {
          "start": {
            "line": 1,
            "column": 0
          },
          "end": {
            "line": 1,
            "column": 45
          }
        },
        "specifiers": [
          {
            "type": "ImportDefaultSpecifier",
            "start": 7,
            "end": 19,
            "loc": {
              "start": {
                "line": 1,
                "column": 7
              },
              "end": {
                "line": 1,
                "column": 19
              }
            },
            "local": {
              "type": "Identifier",
              "start": 7,
              "end": 19,
              "loc": {
                "start": {
                  "line": 1,
                  "column": 7
                },
                "end": {
                  "line": 1,
                  "column": 19
                },
                "identifierName": "baseEditForm"
              },
              "name": "baseEditForm"
            }
          }
        ],
        "source": {
          "type": "StringLiteral",
          "start": 25,
          "end": 44,
          "loc": {
            "start": {
              "line": 1,
              "column": 25
            },
            "end": {
              "line": 1,
              "column": 44
            }
          },
          "extra": {
            "rawValue": "../base/Base.form",
            "raw": "'../base/Base.form'"
          },
          "value": "../base/Base.form"
        }
      },
      {
        "type": "ImportDeclaration",
        "start": 47,
        "end": 108,
        "loc": {
          "start": {
            "line": 3,
            "column": 0
          },
          "end": {
            "line": 3,
            "column": 61
          }
        },
        "specifiers": [
          {
            "type": "ImportDefaultSpecifier",
            "start": 54,
            "end": 70,
            "loc": {
              "start": {
                "line": 3,
                "column": 7
              },
              "end": {
                "line": 3,
                "column": 23
              }
            },
            "local": {
              "type": "Identifier",
              "start": 54,
              "end": 70,
              "loc": {
                "start": {
                  "line": 3,
                  "column": 7
                },
                "end": {
                  "line": 3,
                  "column": 23
                },
                "identifierName": "DateTimeEditData"
              },
              "name": "DateTimeEditData"
            }
          }
        ],
        "source": {
          "type": "StringLiteral",
          "start": 76,
          "end": 107,
          "loc": {
            "start": {
              "line": 3,
              "column": 29
            },
            "end": {
              "line": 3,
              "column": 60
            }
          },
          "extra": {
            "rawValue": "./editForm/DateTime.edit.data",
            "raw": "'./editForm/DateTime.edit.data'"
          },
          "value": "./editForm/DateTime.edit.data"
        }
      },
      {
        "type": "ImportDeclaration",
        "start": 109,
        "end": 170,
        "loc": {
          "start": {
            "line": 4,
            "column": 0
          },
          "end": {
            "line": 4,
            "column": 61
          }
        },
        "specifiers": [
          {
            "type": "ImportDefaultSpecifier",
            "start": 116,
            "end": 132,
            "loc": {
              "start": {
                "line": 4,
                "column": 7
              },
              "end": {
                "line": 4,
                "column": 23
              }
            },
            "local": {
              "type": "Identifier",
              "start": 116,
              "end": 132,
              "loc": {
                "start": {
                  "line": 4,
                  "column": 7
                },
                "end": {
                  "line": 4,
                  "column": 23
                },
                "identifierName": "DateTimeEditDate"
              },
              "name": "DateTimeEditDate"
            }
          }
        ],
        "source": {
          "type": "StringLiteral",
          "start": 138,
          "end": 169,
          "loc": {
            "start": {
              "line": 4,
              "column": 29
            },
            "end": {
              "line": 4,
              "column": 60
            }
          },
          "extra": {
            "rawValue": "./editForm/DateTime.edit.date",
            "raw": "'./editForm/DateTime.edit.date'"
          },
          "value": "./editForm/DateTime.edit.date"
        }
      },
      {
        "type": "ImportDeclaration",
        "start": 171,
        "end": 238,
        "loc": {
          "start": {
            "line": 5,
            "column": 0
          },
          "end": {
            "line": 5,
            "column": 67
          }
        },
        "specifiers": [
          {
            "type": "ImportDefaultSpecifier",
            "start": 178,
            "end": 197,
            "loc": {
              "start": {
                "line": 5,
                "column": 7
              },
              "end": {
                "line": 5,
                "column": 26
              }
            },
            "local": {
              "type": "Identifier",
              "start": 178,
              "end": 197,
              "loc": {
                "start": {
                  "line": 5,
                  "column": 7
                },
                "end": {
                  "line": 5,
                  "column": 26
                },
                "identifierName": "DateTimeEditDisplay"
              },
              "name": "DateTimeEditDisplay"
            }
          }
        ],
        "source": {
          "type": "StringLiteral",
          "start": 203,
          "end": 237,
          "loc": {
            "start": {
              "line": 5,
              "column": 32
            },
            "end": {
              "line": 5,
              "column": 66
            }
          },
          "extra": {
            "rawValue": "./editForm/DateTime.edit.display",
            "raw": "'./editForm/DateTime.edit.display'"
          },
          "value": "./editForm/DateTime.edit.display"
        }
      },
      {
        "type": "ImportDeclaration",
        "start": 239,
        "end": 303,
        "loc": {
          "start": {
            "line": 6,
            "column": 0
          },
          "end": {
            "line": 6,
            "column": 64
          }
        },
        "specifiers": [
          {
            "type": "ImportDefaultSpecifier",
            "start": 246,
            "end": 262,
            "loc": {
              "start": {
                "line": 6,
                "column": 7
              },
              "end": {
                "line": 6,
                "column": 23
              }
            },
            "local": {
              "type": "Identifier",
              "start": 246,
              "end": 262,
              "loc": {
                "start": {
                  "line": 6,
                  "column": 7
                },
                "end": {
                  "line": 6,
                  "column": 23
                },
                "identifierName": "DateTimeEditTime"
              },
              "name": "DateTimeEditTime"
            }
          }
        ],
        "source": {
          "type": "StringLiteral",
          "start": 268,
          "end": 302,
          "loc": {
            "start": {
              "line": 6,
              "column": 29
            },
            "end": {
              "line": 6,
              "column": 63
            }
          },
          "extra": {
            "rawValue": "./editForm/DateTime.edit.display",
            "raw": "'./editForm/DateTime.edit.display'"
          },
          "value": "./editForm/DateTime.edit.display"
        }
      },
      {
        "type": "ExportDefaultDeclaration",
        "start": 305,
        "end": 733,
        "loc": {
          "start": {
            "line": 8,
            "column": 0
          },
          "end": {
            "line": 31,
            "column": 1
          }
        },
        "declaration": {
          "type": "FunctionDeclaration",
          "start": 320,
          "end": 733,
          "loc": {
            "start": {
              "line": 8,
              "column": 15
            },
            "end": {
              "line": 31,
              "column": 1
            }
          },
          "id": null,
          "generator": false,
          "expression": false,
          "async": false,
          "params": [
            {
              "type": "RestElement",
              "start": 329,
              "end": 338,
              "loc": {
                "start": {
                  "line": 8,
                  "column": 24
                },
                "end": {
                  "line": 8,
                  "column": 33
                }
              },
              "argument": {
                "type": "Identifier",
                "start": 332,
                "end": 338,
                "loc": {
                  "start": {
                    "line": 8,
                    "column": 27
                  },
                  "end": {
                    "line": 8,
                    "column": 33
                  },
                  "identifierName": "extend"
                },
                "name": "extend"
              }
            }
          ],
          "body": {
            "type": "BlockStatement",
            "start": 340,
            "end": 733,
            "loc": {
              "start": {
                "line": 8,
                "column": 35
              },
              "end": {
                "line": 31,
                "column": 1
              }
            },
            "body": [
              {
                "type": "ReturnStatement",
                "start": 344,
                "end": 731,
                "loc": {
                  "start": {
                    "line": 9,
                    "column": 2
                  },
                  "end": {
                    "line": 30,
                    "column": 5
                  }
                },
                "argument": {
                  "type": "CallExpression",
                  "start": 351,
                  "end": 730,
                  "loc": {
                    "start": {
                      "line": 9,
                      "column": 9
                    },
                    "end": {
                      "line": 30,
                      "column": 4
                    }
                  },
                  "callee": {
                    "type": "Identifier",
                    "start": 351,
                    "end": 363,
                    "loc": {
                      "start": {
                        "line": 9,
                        "column": 9
                      },
                      "end": {
                        "line": 9,
                        "column": 21
                      },
                      "identifierName": "baseEditForm"
                    },
                    "name": "baseEditForm"
                  },
                  "arguments": [
                    {
                      "type": "SpreadElement",
                      "start": 364,
                      "end": 373,
                      "loc": {
                        "start": {
                          "line": 9,
                          "column": 22
                        },
                        "end": {
                          "line": 9,
                          "column": 31
                        }
                      },
                      "argument": {
                        "type": "Identifier",
                        "start": 367,
                        "end": 373,
                        "loc": {
                          "start": {
                            "line": 9,
                            "column": 25
                          },
                          "end": {
                            "line": 9,
                            "column": 31
                          },
                          "identifierName": "extend"
                        },
                        "name": "extend"
                      }
                    },
                    {
                      "type": "ArrayExpression",
                      "start": 375,
                      "end": 729,
                      "loc": {
                        "start": {
                          "line": 9,
                          "column": 33
                        },
                        "end": {
                          "line": 30,
                          "column": 3
                        }
                      },
                      "elements": [
                        {
                          "type": "ObjectExpression",
                          "start": 381,
                          "end": 448,
                          "loc": {
                            "start": {
                              "line": 10,
                              "column": 4
                            },
                            "end": {
                              "line": 13,
                              "column": 5
                            }
                          },
                          "properties": [
                            {
                              "type": "ObjectProperty",
                              "start": 389,
                              "end": 403,
                              "loc": {
                                "start": {
                                  "line": 11,
                                  "column": 6
                                },
                                "end": {
                                  "line": 11,
                                  "column": 20
                                }
                              },
                              "method": false,
                              "shorthand": false,
                              "computed": false,
                              "key": {
                                "type": "Identifier",
                                "start": 389,
                                "end": 392,
                                "loc": {
                                  "start": {
                                    "line": 11,
                                    "column": 6
                                  },
                                  "end": {
                                    "line": 11,
                                    "column": 9
                                  },
                                  "identifierName": "key"
                                },
                                "name": "key"
                              },
                              "value": {
                                "type": "StringLiteral",
                                "start": 394,
                                "end": 403,
                                "loc": {
                                  "start": {
                                    "line": 11,
                                    "column": 11
                                  },
                                  "end": {
                                    "line": 11,
                                    "column": 20
                                  }
                                },
                                "extra": {
                                  "rawValue": "display",
                                  "raw": "'display'"
                                },
                                "value": "display"
                              }
                            },
                            {
                              "type": "ObjectProperty",
                              "start": 411,
                              "end": 442,
                              "loc": {
                                "start": {
                                  "line": 12,
                                  "column": 6
                                },
                                "end": {
                                  "line": 12,
                                  "column": 37
                                }
                              },
                              "method": false,
                              "shorthand": false,
                              "computed": false,
                              "key": {
                                "type": "Identifier",
                                "start": 411,
                                "end": 421,
                                "loc": {
                                  "start": {
                                    "line": 12,
                                    "column": 6
                                  },
                                  "end": {
                                    "line": 12,
                                    "column": 16
                                  },
                                  "identifierName": "components"
                                },
                                "name": "components"
                              },
                              "value": {
                                "type": "Identifier",
                                "start": 423,
                                "end": 442,
                                "loc": {
                                  "start": {
                                    "line": 12,
                                    "column": 18
                                  },
                                  "end": {
                                    "line": 12,
                                    "column": 37
                                  },
                                  "identifierName": "DateTimeEditDisplay"
                                },
                                "name": "DateTimeEditDisplay"
                              }
                            }
                          ]
                        },
                        {
                          "type": "ObjectExpression",
                          "start": 454,
                          "end": 553,
                          "loc": {
                            "start": {
                              "line": 14,
                              "column": 4
                            },
                            "end": {
                              "line": 19,
                              "column": 5
                            }
                          },
                          "properties": [
                            {
                              "type": "ObjectProperty",
                              "start": 462,
                              "end": 475,
                              "loc": {
                                "start": {
                                  "line": 15,
                                  "column": 6
                                },
                                "end": {
                                  "line": 15,
                                  "column": 19
                                }
                              },
                              "method": false,
                              "shorthand": false,
                              "computed": false,
                              "key": {
                                "type": "Identifier",
                                "start": 462,
                                "end": 467,
                                "loc": {
                                  "start": {
                                    "line": 15,
                                    "column": 6
                                  },
                                  "end": {
                                    "line": 15,
                                    "column": 11
                                  },
                                  "identifierName": "label"
                                },
                                "name": "label"
                              },
                              "value": {
                                "type": "StringLiteral",
                                "start": 469,
                                "end": 475,
                                "loc": {
                                  "start": {
                                    "line": 15,
                                    "column": 13
                                  },
                                  "end": {
                                    "line": 15,
                                    "column": 19
                                  }
                                },
                                "extra": {
                                  "rawValue": "Date",
                                  "raw": "'Date'"
                                },
                                "value": "Date"
                              }
                            },
                            {
                              "type": "ObjectProperty",
                              "start": 483,
                              "end": 494,
                              "loc": {
                                "start": {
                                  "line": 16,
                                  "column": 6
                                },
                                "end": {
                                  "line": 16,
                                  "column": 17
                                }
                              },
                              "method": false,
                              "shorthand": false,
                              "computed": false,
                              "key": {
                                "type": "Identifier",
                                "start": 483,
                                "end": 486,
                                "loc": {
                                  "start": {
                                    "line": 16,
                                    "column": 6
                                  },
                                  "end": {
                                    "line": 16,
                                    "column": 9
                                  },
                                  "identifierName": "key"
                                },
                                "name": "key"
                              },
                              "value": {
                                "type": "StringLiteral",
                                "start": 488,
                                "end": 494,
                                "loc": {
                                  "start": {
                                    "line": 16,
                                    "column": 11
                                  },
                                  "end": {
                                    "line": 16,
                                    "column": 17
                                  }
                                },
                                "extra": {
                                  "rawValue": "date",
                                  "raw": "'date'"
                                },
                                "value": "date"
                              }
                            },
                            {
                              "type": "ObjectProperty",
                              "start": 502,
                              "end": 511,
                              "loc": {
                                "start": {
                                  "line": 17,
                                  "column": 6
                                },
                                "end": {
                                  "line": 17,
                                  "column": 15
                                }
                              },
                              "method": false,
                              "shorthand": false,
                              "computed": false,
                              "key": {
                                "type": "Identifier",
                                "start": 502,
                                "end": 508,
                                "loc": {
                                  "start": {
                                    "line": 17,
                                    "column": 6
                                  },
                                  "end": {
                                    "line": 17,
                                    "column": 12
                                  },
                                  "identifierName": "weight"
                                },
                                "name": "weight"
                              },
                              "value": {
                                "type": "NumericLiteral",
                                "start": 510,
                                "end": 511,
                                "loc": {
                                  "start": {
                                    "line": 17,
                                    "column": 14
                                  },
                                  "end": {
                                    "line": 17,
                                    "column": 15
                                  }
                                },
                                "extra": {
                                  "rawValue": 1,
                                  "raw": "1"
                                },
                                "value": 1
                              }
                            },
                            {
                              "type": "ObjectProperty",
                              "start": 519,
                              "end": 547,
                              "loc": {
                                "start": {
                                  "line": 18,
                                  "column": 6
                                },
                                "end": {
                                  "line": 18,
                                  "column": 34
                                }
                              },
                              "method": false,
                              "shorthand": false,
                              "computed": false,
                              "key": {
                                "type": "Identifier",
                                "start": 519,
                                "end": 529,
                                "loc": {
                                  "start": {
                                    "line": 18,
                                    "column": 6
                                  },
                                  "end": {
                                    "line": 18,
                                    "column": 16
                                  },
                                  "identifierName": "components"
                                },
                                "name": "components"
                              },
                              "value": {
                                "type": "Identifier",
                                "start": 531,
                                "end": 547,
                                "loc": {
                                  "start": {
                                    "line": 18,
                                    "column": 18
                                  },
                                  "end": {
                                    "line": 18,
                                    "column": 34
                                  },
                                  "identifierName": "DateTimeEditDate"
                                },
                                "name": "DateTimeEditDate"
                              }
                            }
                          ]
                        },
                        {
                          "type": "ObjectExpression",
                          "start": 559,
                          "end": 658,
                          "loc": {
                            "start": {
                              "line": 20,
                              "column": 4
                            },
                            "end": {
                              "line": 25,
                              "column": 5
                            }
                          },
                          "properties": [
                            {
                              "type": "ObjectProperty",
                              "start": 567,
                              "end": 580,
                              "loc": {
                                "start": {
                                  "line": 21,
                                  "column": 6
                                },
                                "end": {
                                  "line": 21,
                                  "column": 19
                                }
                              },
                              "method": false,
                              "shorthand": false,
                              "computed": false,
                              "key": {
                                "type": "Identifier",
                                "start": 567,
                                "end": 572,
                                "loc": {
                                  "start": {
                                    "line": 21,
                                    "column": 6
                                  },
                                  "end": {
                                    "line": 21,
                                    "column": 11
                                  },
                                  "identifierName": "label"
                                },
                                "name": "label"
                              },
                              "value": {
                                "type": "StringLiteral",
                                "start": 574,
                                "end": 580,
                                "loc": {
                                  "start": {
                                    "line": 21,
                                    "column": 13
                                  },
                                  "end": {
                                    "line": 21,
                                    "column": 19
                                  }
                                },
                                "extra": {
                                  "rawValue": "Time",
                                  "raw": "'Time'"
                                },
                                "value": "Time"
                              }
                            },
                            {
                              "type": "ObjectProperty",
                              "start": 588,
                              "end": 599,
                              "loc": {
                                "start": {
                                  "line": 22,
                                  "column": 6
                                },
                                "end": {
                                  "line": 22,
                                  "column": 17
                                }
                              },
                              "method": false,
                              "shorthand": false,
                              "computed": false,
                              "key": {
                                "type": "Identifier",
                                "start": 588,
                                "end": 591,
                                "loc": {
                                  "start": {
                                    "line": 22,
                                    "column": 6
                                  },
                                  "end": {
                                    "line": 22,
                                    "column": 9
                                  },
                                  "identifierName": "key"
                                },
                                "name": "key"
                              },
                              "value": {
                                "type": "StringLiteral",
                                "start": 593,
                                "end": 599,
                                "loc": {
                                  "start": {
                                    "line": 22,
                                    "column": 11
                                  },
                                  "end": {
                                    "line": 22,
                                    "column": 17
                                  }
                                },
                                "extra": {
                                  "rawValue": "time",
                                  "raw": "'time'"
                                },
                                "value": "time"
                              }
                            },
                            {
                              "type": "ObjectProperty",
                              "start": 607,
                              "end": 616,
                              "loc": {
                                "start": {
                                  "line": 23,
                                  "column": 6
                                },
                                "end": {
                                  "line": 23,
                                  "column": 15
                                }
                              },
                              "method": false,
                              "shorthand": false,
                              "computed": false,
                              "key": {
                                "type": "Identifier",
                                "start": 607,
                                "end": 613,
                                "loc": {
                                  "start": {
                                    "line": 23,
                                    "column": 6
                                  },
                                  "end": {
                                    "line": 23,
                                    "column": 12
                                  },
                                  "identifierName": "weight"
                                },
                                "name": "weight"
                              },
                              "value": {
                                "type": "NumericLiteral",
                                "start": 615,
                                "end": 616,
                                "loc": {
                                  "start": {
                                    "line": 23,
                                    "column": 14
                                  },
                                  "end": {
                                    "line": 23,
                                    "column": 15
                                  }
                                },
                                "extra": {
                                  "rawValue": 2,
                                  "raw": "2"
                                },
                                "value": 2
                              }
                            },
                            {
                              "type": "ObjectProperty",
                              "start": 624,
                              "end": 652,
                              "loc": {
                                "start": {
                                  "line": 24,
                                  "column": 6
                                },
                                "end": {
                                  "line": 24,
                                  "column": 34
                                }
                              },
                              "method": false,
                              "shorthand": false,
                              "computed": false,
                              "key": {
                                "type": "Identifier",
                                "start": 624,
                                "end": 634,
                                "loc": {
                                  "start": {
                                    "line": 24,
                                    "column": 6
                                  },
                                  "end": {
                                    "line": 24,
                                    "column": 16
                                  },
                                  "identifierName": "components"
                                },
                                "name": "components"
                              },
                              "value": {
                                "type": "Identifier",
                                "start": 636,
                                "end": 652,
                                "loc": {
                                  "start": {
                                    "line": 24,
                                    "column": 18
                                  },
                                  "end": {
                                    "line": 24,
                                    "column": 34
                                  },
                                  "identifierName": "DateTimeEditTime"
                                },
                                "name": "DateTimeEditTime"
                              }
                            }
                          ]
                        },
                        {
                          "type": "ObjectExpression",
                          "start": 664,
                          "end": 725,
                          "loc": {
                            "start": {
                              "line": 26,
                              "column": 4
                            },
                            "end": {
                              "line": 29,
                              "column": 5
                            }
                          },
                          "properties": [
                            {
                              "type": "ObjectProperty",
                              "start": 672,
                              "end": 683,
                              "loc": {
                                "start": {
                                  "line": 27,
                                  "column": 6
                                },
                                "end": {
                                  "line": 27,
                                  "column": 17
                                }
                              },
                              "method": false,
                              "shorthand": false,
                              "computed": false,
                              "key": {
                                "type": "Identifier",
                                "start": 672,
                                "end": 675,
                                "loc": {
                                  "start": {
                                    "line": 27,
                                    "column": 6
                                  },
                                  "end": {
                                    "line": 27,
                                    "column": 9
                                  },
                                  "identifierName": "key"
                                },
                                "name": "key"
                              },
                              "value": {
                                "type": "StringLiteral",
                                "start": 677,
                                "end": 683,
                                "loc": {
                                  "start": {
                                    "line": 27,
                                    "column": 11
                                  },
                                  "end": {
                                    "line": 27,
                                    "column": 17
                                  }
                                },
                                "extra": {
                                  "rawValue": "data",
                                  "raw": "'data'"
                                },
                                "value": "data"
                              }
                            },
                            {
                              "type": "ObjectProperty",
                              "start": 691,
                              "end": 719,
                              "loc": {
                                "start": {
                                  "line": 28,
                                  "column": 6
                                },
                                "end": {
                                  "line": 28,
                                  "column": 34
                                }
                              },
                              "method": false,
                              "shorthand": false,
                              "computed": false,
                              "key": {
                                "type": "Identifier",
                                "start": 691,
                                "end": 701,
                                "loc": {
                                  "start": {
                                    "line": 28,
                                    "column": 6
                                  },
                                  "end": {
                                    "line": 28,
                                    "column": 16
                                  },
                                  "identifierName": "components"
                                },
                                "name": "components"
                              },
                              "value": {
                                "type": "Identifier",
                                "start": 703,
                                "end": 719,
                                "loc": {
                                  "start": {
                                    "line": 28,
                                    "column": 18
                                  },
                                  "end": {
                                    "line": 28,
                                    "column": 34
                                  },
                                  "identifierName": "DateTimeEditData"
                                },
                                "name": "DateTimeEditData"
                              }
                            }
                          ]
                        }
                      ]
                    }
                  ]
                }
              }
            ],
            "directives": []
          },
          "leadingComments": [],
          "trailingComments": []
        }
      }
    ],
    "directives": []
  },
  "comments": [],
  "tokens": [
    {
      "type": {
        "label": "import",
        "keyword": "import",
        "beforeExpr": false,
        "startsExpr": true,
        "rightAssociative": false,
        "isLoop": false,
        "isAssign": false,
        "prefix": false,
        "postfix": false,
        "binop": null,
        "updateContext": null
      },
      "value": "import",
      "start": 0,
      "end": 6,
      "loc": {
        "start": {
          "line": 1,
          "column": 0
        },
        "end": {
          "line": 1,
          "column": 6
        }
      }
    },
    {
      "type": {
        "label": "name",
        "beforeExpr": false,
        "startsExpr": true,
        "rightAssociative": false,
        "isLoop": false,
        "isAssign": false,
        "prefix": false,
        "postfix": false,
        "binop": null
      },
      "value": "baseEditForm",
      "start": 7,
      "end": 19,
      "loc": {
        "start": {
          "line": 1,
          "column": 7
        },
        "end": {
          "line": 1,
          "column": 19
        }
      }
    },
    {
      "type": {
        "label": "name",
        "beforeExpr": false,
        "startsExpr": true,
        "rightAssociative": false,
        "isLoop": false,
        "isAssign": false,
        "prefix": false,
        "postfix": false,
        "binop": null
      },
      "value": "from",
      "start": 20,
      "end": 24,
      "loc": {
        "start": {
          "line": 1,
          "column": 20
        },
        "end": {
          "line": 1,
          "column": 24
        }
      }
    },
    {
      "type": {
        "label": "string",
        "beforeExpr": false,
        "startsExpr": true,
        "rightAssociative": false,
        "isLoop": false,
        "isAssign": false,
        "prefix": false,
        "postfix": false,
        "binop": null,
        "updateContext": null
      },
      "value": "../base/Base.form",
      "start": 25,
      "end": 44,
      "loc": {
        "start": {
          "line": 1,
          "column": 25
        },
        "end": {
          "line": 1,
          "column": 44
        }
      }
    },
    {
      "type": {
        "label": ";",
        "beforeExpr": true,
        "startsExpr": false,
        "rightAssociative": false,
        "isLoop": false,
        "isAssign": false,
        "prefix": false,
        "postfix": false,
        "binop": null,
        "updateContext": null
      },
      "start": 44,
      "end": 45,
      "loc": {
        "start": {
          "line": 1,
          "column": 44
        },
        "end": {
          "line": 1,
          "column": 45
        }
      }
    },
    {
      "type": {
        "label": "import",
        "keyword": "import",
        "beforeExpr": false,
        "startsExpr": true,
        "rightAssociative": false,
        "isLoop": false,
        "isAssign": false,
        "prefix": false,
        "postfix": false,
        "binop": null,
        "updateContext": null
      },
      "value": "import",
      "start": 47,
      "end": 53,
      "loc": {
        "start": {
          "line": 3,
          "column": 0
        },
        "end": {
          "line": 3,
          "column": 6
        }
      }
    },
    {
      "type": {
        "label": "name",
        "beforeExpr": false,
        "startsExpr": true,
        "rightAssociative": false,
        "isLoop": false,
        "isAssign": false,
        "prefix": false,
        "postfix": false,
        "binop": null
      },
      "value": "DateTimeEditData",
      "start": 54,
      "end": 70,
      "loc": {
        "start": {
          "line": 3,
          "column": 7
        },
        "end": {
          "line": 3,
          "column": 23
        }
      }
    },
    {
      "type": {
        "label": "name",
        "beforeExpr": false,
        "startsExpr": true,
        "rightAssociative": false,
        "isLoop": false,
        "isAssign": false,
        "prefix": false,
        "postfix": false,
        "binop": null
      },
      "value": "from",
      "start": 71,
      "end": 75,
      "loc": {
        "start": {
          "line": 3,
          "column": 24
        },
        "end": {
          "line": 3,
          "column": 28
        }
      }
    },
    {
      "type": {
        "label": "string",
        "beforeExpr": false,
        "startsExpr": true,
        "rightAssociative": false,
        "isLoop": false,
        "isAssign": false,
        "prefix": false,
        "postfix": false,
        "binop": null,
        "updateContext": null
      },
      "value": "./editForm/DateTime.edit.data",
      "start": 76,
      "end": 107,
      "loc": {
        "start": {
          "line": 3,
          "column": 29
        },
        "end": {
          "line": 3,
          "column": 60
        }
      }
    },
    {
      "type": {
        "label": ";",
        "beforeExpr": true,
        "startsExpr": false,
        "rightAssociative": false,
        "isLoop": false,
        "isAssign": false,
        "prefix": false,
        "postfix": false,
        "binop": null,
        "updateContext": null
      },
      "start": 107,
      "end": 108,
      "loc": {
        "start": {
          "line": 3,
          "column": 60
        },
        "end": {
          "line": 3,
          "column": 61
        }
      }
    },
    {
      "type": {
        "label": "import",
        "keyword": "import",
        "beforeExpr": false,
        "startsExpr": true,
        "rightAssociative": false,
        "isLoop": false,
        "isAssign": false,
        "prefix": false,
        "postfix": false,
        "binop": null,
        "updateContext": null
      },
      "value": "import",
      "start": 109,
      "end": 115,
      "loc": {
        "start": {
          "line": 4,
          "column": 0
        },
        "end": {
          "line": 4,
          "column": 6
        }
      }
    },
    {
      "type": {
        "label": "name",
        "beforeExpr": false,
        "startsExpr": true,
        "rightAssociative": false,
        "isLoop": false,
        "isAssign": false,
        "prefix": false,
        "postfix": false,
        "binop": null
      },
      "value": "DateTimeEditDate",
      "start": 116,
      "end": 132,
      "loc": {
        "start": {
          "line": 4,
          "column": 7
        },
        "end": {
          "line": 4,
          "column": 23
        }
      }
    },
    {
      "type": {
        "label": "name",
        "beforeExpr": false,
        "startsExpr": true,
        "rightAssociative": false,
        "isLoop": false,
        "isAssign": false,
        "prefix": false,
        "postfix": false,
        "binop": null
      },
      "value": "from",
      "start": 133,
      "end": 137,
      "loc": {
        "start": {
          "line": 4,
          "column": 24
        },
        "end": {
          "line": 4,
          "column": 28
        }
      }
    },
    {
      "type": {
        "label": "string",
        "beforeExpr": false,
        "startsExpr": true,
        "rightAssociative": false,
        "isLoop": false,
        "isAssign": false,
        "prefix": false,
        "postfix": false,
        "binop": null,
        "updateContext": null
      },
      "value": "./editForm/DateTime.edit.date",
      "start": 138,
      "end": 169,
      "loc": {
        "start": {
          "line": 4,
          "column": 29
        },
        "end": {
          "line": 4,
          "column": 60
        }
      }
    },
    {
      "type": {
        "label": ";",
        "beforeExpr": true,
        "startsExpr": false,
        "rightAssociative": false,
        "isLoop": false,
        "isAssign": false,
        "prefix": false,
        "postfix": false,
        "binop": null,
        "updateContext": null
      },
      "start": 169,
      "end": 170,
      "loc": {
        "start": {
          "line": 4,
          "column": 60
        },
        "end": {
          "line": 4,
          "column": 61
        }
      }
    },
    {
      "type": {
        "label": "import",
        "keyword": "import",
        "beforeExpr": false,
        "startsExpr": true,
        "rightAssociative": false,
        "isLoop": false,
        "isAssign": false,
        "prefix": false,
        "postfix": false,
        "binop": null,
        "updateContext": null
      },
      "value": "import",
      "start": 171,
      "end": 177,
      "loc": {
        "start": {
          "line": 5,
          "column": 0
        },
        "end": {
          "line": 5,
          "column": 6
        }
      }
    },
    {
      "type": {
        "label": "name",
        "beforeExpr": false,
        "startsExpr": true,
        "rightAssociative": false,
        "isLoop": false,
        "isAssign": false,
        "prefix": false,
        "postfix": false,
        "binop": null
      },
      "value": "DateTimeEditDisplay",
      "start": 178,
      "end": 197,
      "loc": {
        "start": {
          "line": 5,
          "column": 7
        },
        "end": {
          "line": 5,
          "column": 26
        }
      }
    },
    {
      "type": {
        "label": "name",
        "beforeExpr": false,
        "startsExpr": true,
        "rightAssociative": false,
        "isLoop": false,
        "isAssign": false,
        "prefix": false,
        "postfix": false,
        "binop": null
      },
      "value": "from",
      "start": 198,
      "end": 202,
      "loc": {
        "start": {
          "line": 5,
          "column": 27
        },
        "end": {
          "line": 5,
          "column": 31
        }
      }
    },
    {
      "type": {
        "label": "string",
        "beforeExpr": false,
        "startsExpr": true,
        "rightAssociative": false,
        "isLoop": false,
        "isAssign": false,
        "prefix": false,
        "postfix": false,
        "binop": null,
        "updateContext": null
      },
      "value": "./editForm/DateTime.edit.display",
      "start": 203,
      "end": 237,
      "loc": {
        "start": {
          "line": 5,
          "column": 32
        },
        "end": {
          "line": 5,
          "column": 66
        }
      }
    },
    {
      "type": {
        "label": ";",
        "beforeExpr": true,
        "startsExpr": false,
        "rightAssociative": false,
        "isLoop": false,
        "isAssign": false,
        "prefix": false,
        "postfix": false,
        "binop": null,
        "updateContext": null
      },
      "start": 237,
      "end": 238,
      "loc": {
        "start": {
          "line": 5,
          "column": 66
        },
        "end": {
          "line": 5,
          "column": 67
        }
      }
    },
    {
      "type": {
        "label": "import",
        "keyword": "import",
        "beforeExpr": false,
        "startsExpr": true,
        "rightAssociative": false,
        "isLoop": false,
        "isAssign": false,
        "prefix": false,
        "postfix": false,
        "binop": null,
        "updateContext": null
      },
      "value": "import",
      "start": 239,
      "end": 245,
      "loc": {
        "start": {
          "line": 6,
          "column": 0
        },
        "end": {
          "line": 6,
          "column": 6
        }
      }
    },
    {
      "type": {
        "label": "name",
        "beforeExpr": false,
        "startsExpr": true,
        "rightAssociative": false,
        "isLoop": false,
        "isAssign": false,
        "prefix": false,
        "postfix": false,
        "binop": null
      },
      "value": "DateTimeEditTime",
      "start": 246,
      "end": 262,
      "loc": {
        "start": {
          "line": 6,
          "column": 7
        },
        "end": {
          "line": 6,
          "column": 23
        }
      }
    },
    {
      "type": {
        "label": "name",
        "beforeExpr": false,
        "startsExpr": true,
        "rightAssociative": false,
        "isLoop": false,
        "isAssign": false,
        "prefix": false,
        "postfix": false,
        "binop": null
      },
      "value": "from",
      "start": 263,
      "end": 267,
      "loc": {
        "start": {
          "line": 6,
          "column": 24
        },
        "end": {
          "line": 6,
          "column": 28
        }
      }
    },
    {
      "type": {
        "label": "string",
        "beforeExpr": false,
        "startsExpr": true,
        "rightAssociative": false,
        "isLoop": false,
        "isAssign": false,
        "prefix": false,
        "postfix": false,
        "binop": null,
        "updateContext": null
      },
      "value": "./editForm/DateTime.edit.display",
      "start": 268,
      "end": 302,
      "loc": {
        "start": {
          "line": 6,
          "column": 29
        },
        "end": {
          "line": 6,
          "column": 63
        }
      }
    },
    {
      "type": {
        "label": ";",
        "beforeExpr": true,
        "startsExpr": false,
        "rightAssociative": false,
        "isLoop": false,
        "isAssign": false,
        "prefix": false,
        "postfix": false,
        "binop": null,
        "updateContext": null
      },
      "start": 302,
      "end": 303,
      "loc": {
        "start": {
          "line": 6,
          "column": 63
        },
        "end": {
          "line": 6,
          "column": 64
        }
      }
    },
    {
      "type": {
        "label": "export",
        "keyword": "export",
        "beforeExpr": false,
        "startsExpr": false,
        "rightAssociative": false,
        "isLoop": false,
        "isAssign": false,
        "prefix": false,
        "postfix": false,
        "binop": null,
        "updateContext": null
      },
      "value": "export",
      "start": 305,
      "end": 311,
      "loc": {
        "start": {
          "line": 8,
          "column": 0
        },
        "end": {
          "line": 8,
          "column": 6
        }
      }
    },
    {
      "type": {
        "label": "default",
        "keyword": "default",
        "beforeExpr": true,
        "startsExpr": false,
        "rightAssociative": false,
        "isLoop": false,
        "isAssign": false,
        "prefix": false,
        "postfix": false,
        "binop": null,
        "updateContext": null
      },
      "value": "default",
      "start": 312,
      "end": 319,
      "loc": {
        "start": {
          "line": 8,
          "column": 7
        },
        "end": {
          "line": 8,
          "column": 14
        }
      }
    },
    {
      "type": {
        "label": "function",
        "keyword": "function",
        "beforeExpr": false,
        "startsExpr": true,
        "rightAssociative": false,
        "isLoop": false,
        "isAssign": false,
        "prefix": false,
        "postfix": false,
        "binop": null
      },
      "value": "function",
      "start": 320,
      "end": 328,
      "loc": {
        "start": {
          "line": 8,
          "column": 15
        },
        "end": {
          "line": 8,
          "column": 23
        }
      }
    },
    {
      "type": {
        "label": "(",
        "beforeExpr": true,
        "startsExpr": true,
        "rightAssociative": false,
        "isLoop": false,
        "isAssign": false,
        "prefix": false,
        "postfix": false,
        "binop": null
      },
      "start": 328,
      "end": 329,
      "loc": {
        "start": {
          "line": 8,
          "column": 23
        },
        "end": {
          "line": 8,
          "column": 24
        }
      }
    },
    {
      "type": {
        "label": "...",
        "beforeExpr": true,
        "startsExpr": false,
        "rightAssociative": false,
        "isLoop": false,
        "isAssign": false,
        "prefix": false,
        "postfix": false,
        "binop": null,
        "updateContext": null
      },
      "start": 329,
      "end": 332,
      "loc": {
        "start": {
          "line": 8,
          "column": 24
        },
        "end": {
          "line": 8,
          "column": 27
        }
      }
    },
    {
      "type": {
        "label": "name",
        "beforeExpr": false,
        "startsExpr": true,
        "rightAssociative": false,
        "isLoop": false,
        "isAssign": false,
        "prefix": false,
        "postfix": false,
        "binop": null
      },
      "value": "extend",
      "start": 332,
      "end": 338,
      "loc": {
        "start": {
          "line": 8,
          "column": 27
        },
        "end": {
          "line": 8,
          "column": 33
        }
      }
    },
    {
      "type": {
        "label": ")",
        "beforeExpr": false,
        "startsExpr": false,
        "rightAssociative": false,
        "isLoop": false,
        "isAssign": false,
        "prefix": false,
        "postfix": false,
        "binop": null
      },
      "start": 338,
      "end": 339,
      "loc": {
        "start": {
          "line": 8,
          "column": 33
        },
        "end": {
          "line": 8,
          "column": 34
        }
      }
    },
    {
      "type": {
        "label": "{",
        "beforeExpr": true,
        "startsExpr": true,
        "rightAssociative": false,
        "isLoop": false,
        "isAssign": false,
        "prefix": false,
        "postfix": false,
        "binop": null
      },
      "start": 340,
      "end": 341,
      "loc": {
        "start": {
          "line": 8,
          "column": 35
        },
        "end": {
          "line": 8,
          "column": 36
        }
      }
    },
    {
      "type": {
        "label": "return",
        "keyword": "return",
        "beforeExpr": true,
        "startsExpr": false,
        "rightAssociative": false,
        "isLoop": false,
        "isAssign": false,
        "prefix": false,
        "postfix": false,
        "binop": null,
        "updateContext": null
      },
      "value": "return",
      "start": 344,
      "end": 350,
      "loc": {
        "start": {
          "line": 9,
          "column": 2
        },
        "end": {
          "line": 9,
          "column": 8
        }
      }
    },
    {
      "type": {
        "label": "name",
        "beforeExpr": false,
        "startsExpr": true,
        "rightAssociative": false,
        "isLoop": false,
        "isAssign": false,
        "prefix": false,
        "postfix": false,
        "binop": null
      },
      "value": "baseEditForm",
      "start": 351,
      "end": 363,
      "loc": {
        "start": {
          "line": 9,
          "column": 9
        },
        "end": {
          "line": 9,
          "column": 21
        }
      }
    },
    {
      "type": {
        "label": "(",
        "beforeExpr": true,
        "startsExpr": true,
        "rightAssociative": false,
        "isLoop": false,
        "isAssign": false,
        "prefix": false,
        "postfix": false,
        "binop": null
      },
      "start": 363,
      "end": 364,
      "loc": {
        "start": {
          "line": 9,
          "column": 21
        },
        "end": {
          "line": 9,
          "column": 22
        }
      }
    },
    {
      "type": {
        "label": "...",
        "beforeExpr": true,
        "startsExpr": false,
        "rightAssociative": false,
        "isLoop": false,
        "isAssign": false,
        "prefix": false,
        "postfix": false,
        "binop": null,
        "updateContext": null
      },
      "start": 364,
      "end": 367,
      "loc": {
        "start": {
          "line": 9,
          "column": 22
        },
        "end": {
          "line": 9,
          "column": 25
        }
      }
    },
    {
      "type": {
        "label": "name",
        "beforeExpr": false,
        "startsExpr": true,
        "rightAssociative": false,
        "isLoop": false,
        "isAssign": false,
        "prefix": false,
        "postfix": false,
        "binop": null
      },
      "value": "extend",
      "start": 367,
      "end": 373,
      "loc": {
        "start": {
          "line": 9,
          "column": 25
        },
        "end": {
          "line": 9,
          "column": 31
        }
      }
    },
    {
      "type": {
        "label": ",",
        "beforeExpr": true,
        "startsExpr": false,
        "rightAssociative": false,
        "isLoop": false,
        "isAssign": false,
        "prefix": false,
        "postfix": false,
        "binop": null,
        "updateContext": null
      },
      "start": 373,
      "end": 374,
      "loc": {
        "start": {
          "line": 9,
          "column": 31
        },
        "end": {
          "line": 9,
          "column": 32
        }
      }
    },
    {
      "type": {
        "label": "[",
        "beforeExpr": true,
        "startsExpr": true,
        "rightAssociative": false,
        "isLoop": false,
        "isAssign": false,
        "prefix": false,
        "postfix": false,
        "binop": null,
        "updateContext": null
      },
      "start": 375,
      "end": 376,
      "loc": {
        "start": {
          "line": 9,
          "column": 33
        },
        "end": {
          "line": 9,
          "column": 34
        }
      }
    },
    {
      "type": {
        "label": "{",
        "beforeExpr": true,
        "startsExpr": true,
        "rightAssociative": false,
        "isLoop": false,
        "isAssign": false,
        "prefix": false,
        "postfix": false,
        "binop": null
      },
      "start": 381,
      "end": 382,
      "loc": {
        "start": {
          "line": 10,
          "column": 4
        },
        "end": {
          "line": 10,
          "column": 5
        }
      }
    },
    {
      "type": {
        "label": "name",
        "beforeExpr": false,
        "startsExpr": true,
        "rightAssociative": false,
        "isLoop": false,
        "isAssign": false,
        "prefix": false,
        "postfix": false,
        "binop": null
      },
      "value": "key",
      "start": 389,
      "end": 392,
      "loc": {
        "start": {
          "line": 11,
          "column": 6
        },
        "end": {
          "line": 11,
          "column": 9
        }
      }
    },
    {
      "type": {
        "label": ":",
        "beforeExpr": true,
        "startsExpr": false,
        "rightAssociative": false,
        "isLoop": false,
        "isAssign": false,
        "prefix": false,
        "postfix": false,
        "binop": null,
        "updateContext": null
      },
      "start": 392,
      "end": 393,
      "loc": {
        "start": {
          "line": 11,
          "column": 9
        },
        "end": {
          "line": 11,
          "column": 10
        }
      }
    },
    {
      "type": {
        "label": "string",
        "beforeExpr": false,
        "startsExpr": true,
        "rightAssociative": false,
        "isLoop": false,
        "isAssign": false,
        "prefix": false,
        "postfix": false,
        "binop": null,
        "updateContext": null
      },
      "value": "display",
      "start": 394,
      "end": 403,
      "loc": {
        "start": {
          "line": 11,
          "column": 11
        },
        "end": {
          "line": 11,
          "column": 20
        }
      }
    },
    {
      "type": {
        "label": ",",
        "beforeExpr": true,
        "startsExpr": false,
        "rightAssociative": false,
        "isLoop": false,
        "isAssign": false,
        "prefix": false,
        "postfix": false,
        "binop": null,
        "updateContext": null
      },
      "start": 403,
      "end": 404,
      "loc": {
        "start": {
          "line": 11,
          "column": 20
        },
        "end": {
          "line": 11,
          "column": 21
        }
      }
    },
    {
      "type": {
        "label": "name",
        "beforeExpr": false,
        "startsExpr": true,
        "rightAssociative": false,
        "isLoop": false,
        "isAssign": false,
        "prefix": false,
        "postfix": false,
        "binop": null
      },
      "value": "components",
      "start": 411,
      "end": 421,
      "loc": {
        "start": {
          "line": 12,
          "column": 6
        },
        "end": {
          "line": 12,
          "column": 16
        }
      }
    },
    {
      "type": {
        "label": ":",
        "beforeExpr": true,
        "startsExpr": false,
        "rightAssociative": false,
        "isLoop": false,
        "isAssign": false,
        "prefix": false,
        "postfix": false,
        "binop": null,
        "updateContext": null
      },
      "start": 421,
      "end": 422,
      "loc": {
        "start": {
          "line": 12,
          "column": 16
        },
        "end": {
          "line": 12,
          "column": 17
        }
      }
    },
    {
      "type": {
        "label": "name",
        "beforeExpr": false,
        "startsExpr": true,
        "rightAssociative": false,
        "isLoop": false,
        "isAssign": false,
        "prefix": false,
        "postfix": false,
        "binop": null
      },
      "value": "DateTimeEditDisplay",
      "start": 423,
      "end": 442,
      "loc": {
        "start": {
          "line": 12,
          "column": 18
        },
        "end": {
          "line": 12,
          "column": 37
        }
      }
    },
    {
      "type": {
        "label": "}",
        "beforeExpr": false,
        "startsExpr": false,
        "rightAssociative": false,
        "isLoop": false,
        "isAssign": false,
        "prefix": false,
        "postfix": false,
        "binop": null
      },
      "start": 447,
      "end": 448,
      "loc": {
        "start": {
          "line": 13,
          "column": 4
        },
        "end": {
          "line": 13,
          "column": 5
        }
      }
    },
    {
      "type": {
        "label": ",",
        "beforeExpr": true,
        "startsExpr": false,
        "rightAssociative": false,
        "isLoop": false,
        "isAssign": false,
        "prefix": false,
        "postfix": false,
        "binop": null,
        "updateContext": null
      },
      "start": 448,
      "end": 449,
      "loc": {
        "start": {
          "line": 13,
          "column": 5
        },
        "end": {
          "line": 13,
          "column": 6
        }
      }
    },
    {
      "type": {
        "label": "{",
        "beforeExpr": true,
        "startsExpr": true,
        "rightAssociative": false,
        "isLoop": false,
        "isAssign": false,
        "prefix": false,
        "postfix": false,
        "binop": null
      },
      "start": 454,
      "end": 455,
      "loc": {
        "start": {
          "line": 14,
          "column": 4
        },
        "end": {
          "line": 14,
          "column": 5
        }
      }
    },
    {
      "type": {
        "label": "name",
        "beforeExpr": false,
        "startsExpr": true,
        "rightAssociative": false,
        "isLoop": false,
        "isAssign": false,
        "prefix": false,
        "postfix": false,
        "binop": null
      },
      "value": "label",
      "start": 462,
      "end": 467,
      "loc": {
        "start": {
          "line": 15,
          "column": 6
        },
        "end": {
          "line": 15,
          "column": 11
        }
      }
    },
    {
      "type": {
        "label": ":",
        "beforeExpr": true,
        "startsExpr": false,
        "rightAssociative": false,
        "isLoop": false,
        "isAssign": false,
        "prefix": false,
        "postfix": false,
        "binop": null,
        "updateContext": null
      },
      "start": 467,
      "end": 468,
      "loc": {
        "start": {
          "line": 15,
          "column": 11
        },
        "end": {
          "line": 15,
          "column": 12
        }
      }
    },
    {
      "type": {
        "label": "string",
        "beforeExpr": false,
        "startsExpr": true,
        "rightAssociative": false,
        "isLoop": false,
        "isAssign": false,
        "prefix": false,
        "postfix": false,
        "binop": null,
        "updateContext": null
      },
      "value": "Date",
      "start": 469,
      "end": 475,
      "loc": {
        "start": {
          "line": 15,
          "column": 13
        },
        "end": {
          "line": 15,
          "column": 19
        }
      }
    },
    {
      "type": {
        "label": ",",
        "beforeExpr": true,
        "startsExpr": false,
        "rightAssociative": false,
        "isLoop": false,
        "isAssign": false,
        "prefix": false,
        "postfix": false,
        "binop": null,
        "updateContext": null
      },
      "start": 475,
      "end": 476,
      "loc": {
        "start": {
          "line": 15,
          "column": 19
        },
        "end": {
          "line": 15,
          "column": 20
        }
      }
    },
    {
      "type": {
        "label": "name",
        "beforeExpr": false,
        "startsExpr": true,
        "rightAssociative": false,
        "isLoop": false,
        "isAssign": false,
        "prefix": false,
        "postfix": false,
        "binop": null
      },
      "value": "key",
      "start": 483,
      "end": 486,
      "loc": {
        "start": {
          "line": 16,
          "column": 6
        },
        "end": {
          "line": 16,
          "column": 9
        }
      }
    },
    {
      "type": {
        "label": ":",
        "beforeExpr": true,
        "startsExpr": false,
        "rightAssociative": false,
        "isLoop": false,
        "isAssign": false,
        "prefix": false,
        "postfix": false,
        "binop": null,
        "updateContext": null
      },
      "start": 486,
      "end": 487,
      "loc": {
        "start": {
          "line": 16,
          "column": 9
        },
        "end": {
          "line": 16,
          "column": 10
        }
      }
    },
    {
      "type": {
        "label": "string",
        "beforeExpr": false,
        "startsExpr": true,
        "rightAssociative": false,
        "isLoop": false,
        "isAssign": false,
        "prefix": false,
        "postfix": false,
        "binop": null,
        "updateContext": null
      },
      "value": "date",
      "start": 488,
      "end": 494,
      "loc": {
        "start": {
          "line": 16,
          "column": 11
        },
        "end": {
          "line": 16,
          "column": 17
        }
      }
    },
    {
      "type": {
        "label": ",",
        "beforeExpr": true,
        "startsExpr": false,
        "rightAssociative": false,
        "isLoop": false,
        "isAssign": false,
        "prefix": false,
        "postfix": false,
        "binop": null,
        "updateContext": null
      },
      "start": 494,
      "end": 495,
      "loc": {
        "start": {
          "line": 16,
          "column": 17
        },
        "end": {
          "line": 16,
          "column": 18
        }
      }
    },
    {
      "type": {
        "label": "name",
        "beforeExpr": false,
        "startsExpr": true,
        "rightAssociative": false,
        "isLoop": false,
        "isAssign": false,
        "prefix": false,
        "postfix": false,
        "binop": null
      },
      "value": "weight",
      "start": 502,
      "end": 508,
      "loc": {
        "start": {
          "line": 17,
          "column": 6
        },
        "end": {
          "line": 17,
          "column": 12
        }
      }
    },
    {
      "type": {
        "label": ":",
        "beforeExpr": true,
        "startsExpr": false,
        "rightAssociative": false,
        "isLoop": false,
        "isAssign": false,
        "prefix": false,
        "postfix": false,
        "binop": null,
        "updateContext": null
      },
      "start": 508,
      "end": 509,
      "loc": {
        "start": {
          "line": 17,
          "column": 12
        },
        "end": {
          "line": 17,
          "column": 13
        }
      }
    },
    {
      "type": {
        "label": "num",
        "beforeExpr": false,
        "startsExpr": true,
        "rightAssociative": false,
        "isLoop": false,
        "isAssign": false,
        "prefix": false,
        "postfix": false,
        "binop": null,
        "updateContext": null
      },
      "value": 1,
      "start": 510,
      "end": 511,
      "loc": {
        "start": {
          "line": 17,
          "column": 14
        },
        "end": {
          "line": 17,
          "column": 15
        }
      }
    },
    {
      "type": {
        "label": ",",
        "beforeExpr": true,
        "startsExpr": false,
        "rightAssociative": false,
        "isLoop": false,
        "isAssign": false,
        "prefix": false,
        "postfix": false,
        "binop": null,
        "updateContext": null
      },
      "start": 511,
      "end": 512,
      "loc": {
        "start": {
          "line": 17,
          "column": 15
        },
        "end": {
          "line": 17,
          "column": 16
        }
      }
    },
    {
      "type": {
        "label": "name",
        "beforeExpr": false,
        "startsExpr": true,
        "rightAssociative": false,
        "isLoop": false,
        "isAssign": false,
        "prefix": false,
        "postfix": false,
        "binop": null
      },
      "value": "components",
      "start": 519,
      "end": 529,
      "loc": {
        "start": {
          "line": 18,
          "column": 6
        },
        "end": {
          "line": 18,
          "column": 16
        }
      }
    },
    {
      "type": {
        "label": ":",
        "beforeExpr": true,
        "startsExpr": false,
        "rightAssociative": false,
        "isLoop": false,
        "isAssign": false,
        "prefix": false,
        "postfix": false,
        "binop": null,
        "updateContext": null
      },
      "start": 529,
      "end": 530,
      "loc": {
        "start": {
          "line": 18,
          "column": 16
        },
        "end": {
          "line": 18,
          "column": 17
        }
      }
    },
    {
      "type": {
        "label": "name",
        "beforeExpr": false,
        "startsExpr": true,
        "rightAssociative": false,
        "isLoop": false,
        "isAssign": false,
        "prefix": false,
        "postfix": false,
        "binop": null
      },
      "value": "DateTimeEditDate",
      "start": 531,
      "end": 547,
      "loc": {
        "start": {
          "line": 18,
          "column": 18
        },
        "end": {
          "line": 18,
          "column": 34
        }
      }
    },
    {
      "type": {
        "label": "}",
        "beforeExpr": false,
        "startsExpr": false,
        "rightAssociative": false,
        "isLoop": false,
        "isAssign": false,
        "prefix": false,
        "postfix": false,
        "binop": null
      },
      "start": 552,
      "end": 553,
      "loc": {
        "start": {
          "line": 19,
          "column": 4
        },
        "end": {
          "line": 19,
          "column": 5
        }
      }
    },
    {
      "type": {
        "label": ",",
        "beforeExpr": true,
        "startsExpr": false,
        "rightAssociative": false,
        "isLoop": false,
        "isAssign": false,
        "prefix": false,
        "postfix": false,
        "binop": null,
        "updateContext": null
      },
      "start": 553,
      "end": 554,
      "loc": {
        "start": {
          "line": 19,
          "column": 5
        },
        "end": {
          "line": 19,
          "column": 6
        }
      }
    },
    {
      "type": {
        "label": "{",
        "beforeExpr": true,
        "startsExpr": true,
        "rightAssociative": false,
        "isLoop": false,
        "isAssign": false,
        "prefix": false,
        "postfix": false,
        "binop": null
      },
      "start": 559,
      "end": 560,
      "loc": {
        "start": {
          "line": 20,
          "column": 4
        },
        "end": {
          "line": 20,
          "column": 5
        }
      }
    },
    {
      "type": {
        "label": "name",
        "beforeExpr": false,
        "startsExpr": true,
        "rightAssociative": false,
        "isLoop": false,
        "isAssign": false,
        "prefix": false,
        "postfix": false,
        "binop": null
      },
      "value": "label",
      "start": 567,
      "end": 572,
      "loc": {
        "start": {
          "line": 21,
          "column": 6
        },
        "end": {
          "line": 21,
          "column": 11
        }
      }
    },
    {
      "type": {
        "label": ":",
        "beforeExpr": true,
        "startsExpr": false,
        "rightAssociative": false,
        "isLoop": false,
        "isAssign": false,
        "prefix": false,
        "postfix": false,
        "binop": null,
        "updateContext": null
      },
      "start": 572,
      "end": 573,
      "loc": {
        "start": {
          "line": 21,
          "column": 11
        },
        "end": {
          "line": 21,
          "column": 12
        }
      }
    },
    {
      "type": {
        "label": "string",
        "beforeExpr": false,
        "startsExpr": true,
        "rightAssociative": false,
        "isLoop": false,
        "isAssign": false,
        "prefix": false,
        "postfix": false,
        "binop": null,
        "updateContext": null
      },
      "value": "Time",
      "start": 574,
      "end": 580,
      "loc": {
        "start": {
          "line": 21,
          "column": 13
        },
        "end": {
          "line": 21,
          "column": 19
        }
      }
    },
    {
      "type": {
        "label": ",",
        "beforeExpr": true,
        "startsExpr": false,
        "rightAssociative": false,
        "isLoop": false,
        "isAssign": false,
        "prefix": false,
        "postfix": false,
        "binop": null,
        "updateContext": null
      },
      "start": 580,
      "end": 581,
      "loc": {
        "start": {
          "line": 21,
          "column": 19
        },
        "end": {
          "line": 21,
          "column": 20
        }
      }
    },
    {
      "type": {
        "label": "name",
        "beforeExpr": false,
        "startsExpr": true,
        "rightAssociative": false,
        "isLoop": false,
        "isAssign": false,
        "prefix": false,
        "postfix": false,
        "binop": null
      },
      "value": "key",
      "start": 588,
      "end": 591,
      "loc": {
        "start": {
          "line": 22,
          "column": 6
        },
        "end": {
          "line": 22,
          "column": 9
        }
      }
    },
    {
      "type": {
        "label": ":",
        "beforeExpr": true,
        "startsExpr": false,
        "rightAssociative": false,
        "isLoop": false,
        "isAssign": false,
        "prefix": false,
        "postfix": false,
        "binop": null,
        "updateContext": null
      },
      "start": 591,
      "end": 592,
      "loc": {
        "start": {
          "line": 22,
          "column": 9
        },
        "end": {
          "line": 22,
          "column": 10
        }
      }
    },
    {
      "type": {
        "label": "string",
        "beforeExpr": false,
        "startsExpr": true,
        "rightAssociative": false,
        "isLoop": false,
        "isAssign": false,
        "prefix": false,
        "postfix": false,
        "binop": null,
        "updateContext": null
      },
      "value": "time",
      "start": 593,
      "end": 599,
      "loc": {
        "start": {
          "line": 22,
          "column": 11
        },
        "end": {
          "line": 22,
          "column": 17
        }
      }
    },
    {
      "type": {
        "label": ",",
        "beforeExpr": true,
        "startsExpr": false,
        "rightAssociative": false,
        "isLoop": false,
        "isAssign": false,
        "prefix": false,
        "postfix": false,
        "binop": null,
        "updateContext": null
      },
      "start": 599,
      "end": 600,
      "loc": {
        "start": {
          "line": 22,
          "column": 17
        },
        "end": {
          "line": 22,
          "column": 18
        }
      }
    },
    {
      "type": {
        "label": "name",
        "beforeExpr": false,
        "startsExpr": true,
        "rightAssociative": false,
        "isLoop": false,
        "isAssign": false,
        "prefix": false,
        "postfix": false,
        "binop": null
      },
      "value": "weight",
      "start": 607,
      "end": 613,
      "loc": {
        "start": {
          "line": 23,
          "column": 6
        },
        "end": {
          "line": 23,
          "column": 12
        }
      }
    },
    {
      "type": {
        "label": ":",
        "beforeExpr": true,
        "startsExpr": false,
        "rightAssociative": false,
        "isLoop": false,
        "isAssign": false,
        "prefix": false,
        "postfix": false,
        "binop": null,
        "updateContext": null
      },
      "start": 613,
      "end": 614,
      "loc": {
        "start": {
          "line": 23,
          "column": 12
        },
        "end": {
          "line": 23,
          "column": 13
        }
      }
    },
    {
      "type": {
        "label": "num",
        "beforeExpr": false,
        "startsExpr": true,
        "rightAssociative": false,
        "isLoop": false,
        "isAssign": false,
        "prefix": false,
        "postfix": false,
        "binop": null,
        "updateContext": null
      },
      "value": 2,
      "start": 615,
      "end": 616,
      "loc": {
        "start": {
          "line": 23,
          "column": 14
        },
        "end": {
          "line": 23,
          "column": 15
        }
      }
    },
    {
      "type": {
        "label": ",",
        "beforeExpr": true,
        "startsExpr": false,
        "rightAssociative": false,
        "isLoop": false,
        "isAssign": false,
        "prefix": false,
        "postfix": false,
        "binop": null,
        "updateContext": null
      },
      "start": 616,
      "end": 617,
      "loc": {
        "start": {
          "line": 23,
          "column": 15
        },
        "end": {
          "line": 23,
          "column": 16
        }
      }
    },
    {
      "type": {
        "label": "name",
        "beforeExpr": false,
        "startsExpr": true,
        "rightAssociative": false,
        "isLoop": false,
        "isAssign": false,
        "prefix": false,
        "postfix": false,
        "binop": null
      },
      "value": "components",
      "start": 624,
      "end": 634,
      "loc": {
        "start": {
          "line": 24,
          "column": 6
        },
        "end": {
          "line": 24,
          "column": 16
        }
      }
    },
    {
      "type": {
        "label": ":",
        "beforeExpr": true,
        "startsExpr": false,
        "rightAssociative": false,
        "isLoop": false,
        "isAssign": false,
        "prefix": false,
        "postfix": false,
        "binop": null,
        "updateContext": null
      },
      "start": 634,
      "end": 635,
      "loc": {
        "start": {
          "line": 24,
          "column": 16
        },
        "end": {
          "line": 24,
          "column": 17
        }
      }
    },
    {
      "type": {
        "label": "name",
        "beforeExpr": false,
        "startsExpr": true,
        "rightAssociative": false,
        "isLoop": false,
        "isAssign": false,
        "prefix": false,
        "postfix": false,
        "binop": null
      },
      "value": "DateTimeEditTime",
      "start": 636,
      "end": 652,
      "loc": {
        "start": {
          "line": 24,
          "column": 18
        },
        "end": {
          "line": 24,
          "column": 34
        }
      }
    },
    {
      "type": {
        "label": "}",
        "beforeExpr": false,
        "startsExpr": false,
        "rightAssociative": false,
        "isLoop": false,
        "isAssign": false,
        "prefix": false,
        "postfix": false,
        "binop": null
      },
      "start": 657,
      "end": 658,
      "loc": {
        "start": {
          "line": 25,
          "column": 4
        },
        "end": {
          "line": 25,
          "column": 5
        }
      }
    },
    {
      "type": {
        "label": ",",
        "beforeExpr": true,
        "startsExpr": false,
        "rightAssociative": false,
        "isLoop": false,
        "isAssign": false,
        "prefix": false,
        "postfix": false,
        "binop": null,
        "updateContext": null
      },
      "start": 658,
      "end": 659,
      "loc": {
        "start": {
          "line": 25,
          "column": 5
        },
        "end": {
          "line": 25,
          "column": 6
        }
      }
    },
    {
      "type": {
        "label": "{",
        "beforeExpr": true,
        "startsExpr": true,
        "rightAssociative": false,
        "isLoop": false,
        "isAssign": false,
        "prefix": false,
        "postfix": false,
        "binop": null
      },
      "start": 664,
      "end": 665,
      "loc": {
        "start": {
          "line": 26,
          "column": 4
        },
        "end": {
          "line": 26,
          "column": 5
        }
      }
    },
    {
      "type": {
        "label": "name",
        "beforeExpr": false,
        "startsExpr": true,
        "rightAssociative": false,
        "isLoop": false,
        "isAssign": false,
        "prefix": false,
        "postfix": false,
        "binop": null
      },
      "value": "key",
      "start": 672,
      "end": 675,
      "loc": {
        "start": {
          "line": 27,
          "column": 6
        },
        "end": {
          "line": 27,
          "column": 9
        }
      }
    },
    {
      "type": {
        "label": ":",
        "beforeExpr": true,
        "startsExpr": false,
        "rightAssociative": false,
        "isLoop": false,
        "isAssign": false,
        "prefix": false,
        "postfix": false,
        "binop": null,
        "updateContext": null
      },
      "start": 675,
      "end": 676,
      "loc": {
        "start": {
          "line": 27,
          "column": 9
        },
        "end": {
          "line": 27,
          "column": 10
        }
      }
    },
    {
      "type": {
        "label": "string",
        "beforeExpr": false,
        "startsExpr": true,
        "rightAssociative": false,
        "isLoop": false,
        "isAssign": false,
        "prefix": false,
        "postfix": false,
        "binop": null,
        "updateContext": null
      },
      "value": "data",
      "start": 677,
      "end": 683,
      "loc": {
        "start": {
          "line": 27,
          "column": 11
        },
        "end": {
          "line": 27,
          "column": 17
        }
      }
    },
    {
      "type": {
        "label": ",",
        "beforeExpr": true,
        "startsExpr": false,
        "rightAssociative": false,
        "isLoop": false,
        "isAssign": false,
        "prefix": false,
        "postfix": false,
        "binop": null,
        "updateContext": null
      },
      "start": 683,
      "end": 684,
      "loc": {
        "start": {
          "line": 27,
          "column": 17
        },
        "end": {
          "line": 27,
          "column": 18
        }
      }
    },
    {
      "type": {
        "label": "name",
        "beforeExpr": false,
        "startsExpr": true,
        "rightAssociative": false,
        "isLoop": false,
        "isAssign": false,
        "prefix": false,
        "postfix": false,
        "binop": null
      },
      "value": "components",
      "start": 691,
      "end": 701,
      "loc": {
        "start": {
          "line": 28,
          "column": 6
        },
        "end": {
          "line": 28,
          "column": 16
        }
      }
    },
    {
      "type": {
        "label": ":",
        "beforeExpr": true,
        "startsExpr": false,
        "rightAssociative": false,
        "isLoop": false,
        "isAssign": false,
        "prefix": false,
        "postfix": false,
        "binop": null,
        "updateContext": null
      },
      "start": 701,
      "end": 702,
      "loc": {
        "start": {
          "line": 28,
          "column": 16
        },
        "end": {
          "line": 28,
          "column": 17
        }
      }
    },
    {
      "type": {
        "label": "name",
        "beforeExpr": false,
        "startsExpr": true,
        "rightAssociative": false,
        "isLoop": false,
        "isAssign": false,
        "prefix": false,
        "postfix": false,
        "binop": null
      },
      "value": "DateTimeEditData",
      "start": 703,
      "end": 719,
      "loc": {
        "start": {
          "line": 28,
          "column": 18
        },
        "end": {
          "line": 28,
          "column": 34
        }
      }
    },
    {
      "type": {
        "label": "}",
        "beforeExpr": false,
        "startsExpr": false,
        "rightAssociative": false,
        "isLoop": false,
        "isAssign": false,
        "prefix": false,
        "postfix": false,
        "binop": null
      },
      "start": 724,
      "end": 725,
      "loc": {
        "start": {
          "line": 29,
          "column": 4
        },
        "end": {
          "line": 29,
          "column": 5
        }
      }
    },
    {
      "type": {
        "label": "]",
        "beforeExpr": false,
        "startsExpr": false,
        "rightAssociative": false,
        "isLoop": false,
        "isAssign": false,
        "prefix": false,
        "postfix": false,
        "binop": null,
        "updateContext": null
      },
      "start": 728,
      "end": 729,
      "loc": {
        "start": {
          "line": 30,
          "column": 2
        },
        "end": {
          "line": 30,
          "column": 3
        }
      }
    },
    {
      "type": {
        "label": ")",
        "beforeExpr": false,
        "startsExpr": false,
        "rightAssociative": false,
        "isLoop": false,
        "isAssign": false,
        "prefix": false,
        "postfix": false,
        "binop": null
      },
      "start": 729,
      "end": 730,
      "loc": {
        "start": {
          "line": 30,
          "column": 3
        },
        "end": {
          "line": 30,
          "column": 4
        }
      }
    },
    {
      "type": {
        "label": ";",
        "beforeExpr": true,
        "startsExpr": false,
        "rightAssociative": false,
        "isLoop": false,
        "isAssign": false,
        "prefix": false,
        "postfix": false,
        "binop": null,
        "updateContext": null
      },
      "start": 730,
      "end": 731,
      "loc": {
        "start": {
          "line": 30,
          "column": 4
        },
        "end": {
          "line": 30,
          "column": 5
        }
      }
    },
    {
      "type": {
        "label": "}",
        "beforeExpr": false,
        "startsExpr": false,
        "rightAssociative": false,
        "isLoop": false,
        "isAssign": false,
        "prefix": false,
        "postfix": false,
        "binop": null
      },
      "start": 732,
      "end": 733,
      "loc": {
        "start": {
          "line": 31,
          "column": 0
        },
        "end": {
          "line": 31,
          "column": 1
        }
      }
    },
    {
      "type": {
        "label": "eof",
        "beforeExpr": false,
        "startsExpr": false,
        "rightAssociative": false,
        "isLoop": false,
        "isAssign": false,
        "prefix": false,
        "postfix": false,
        "binop": null,
        "updateContext": null
      },
      "start": 734,
      "end": 734,
      "loc": {
        "start": {
          "line": 32,
          "column": 0
        },
        "end": {
          "line": 32,
          "column": 0
        }
      }
    }
  ]
}