{
  "type": "File",
  "start": 0,
  "end": 366,
  "loc": {
    "start": {
      "line": 1,
      "column": 0
    },
    "end": {
      "line": 23,
      "column": 0
    }
  },
  "program": {
    "type": "Program",
    "start": 0,
    "end": 366,
    "loc": {
      "start": {
        "line": 1,
        "column": 0
      },
      "end": {
        "line": 23,
        "column": 0
      }
    },
    "sourceType": "module",
    "body": [
      {
        "type": "ExportNamedDeclaration",
        "start": 0,
        "end": 365,
        "loc": {
          "start": {
            "line": 1,
            "column": 0
          },
          "end": {
            "line": 22,
            "column": 2
          }
        },
        "specifiers": [],
        "source": null,
        "declaration": {
          "type": "VariableDeclaration",
          "start": 7,
          "end": 365,
          "loc": {
            "start": {
              "line": 1,
              "column": 7
            },
            "end": {
              "line": 22,
              "column": 2
            }
          },
          "declarations": [
            {
              "type": "VariableDeclarator",
              "start": 13,
              "end": 364,
              "loc": {
                "start": {
                  "line": 1,
                  "column": 13
                },
                "end": {
                  "line": 22,
                  "column": 1
                }
              },
              "id": {
                "type": "Identifier",
                "start": 13,
                "end": 22,
                "loc": {
                  "start": {
                    "line": 1,
                    "column": 13
                  },
                  "end": {
                    "line": 1,
                    "column": 22
                  },
                  "identifierName": "component"
                },
                "name": "component"
              },
              "init": {
                "type": "ObjectExpression",
                "start": 25,
                "end": 364,
                "loc": {
                  "start": {
                    "line": 1,
                    "column": 25
                  },
                  "end": {
                    "line": 22,
                    "column": 1
                  }
                },
                "properties": [
                  {
                    "type": "ObjectProperty",
                    "start": 29,
                    "end": 43,
                    "loc": {
                      "start": {
                        "line": 2,
                        "column": 2
                      },
                      "end": {
                        "line": 2,
                        "column": 16
                      }
                    },
                    "method": false,
                    "shorthand": false,
                    "computed": false,
                    "key": {
                      "type": "StringLiteral",
                      "start": 29,
                      "end": 34,
                      "loc": {
                        "start": {
                          "line": 2,
                          "column": 2
                        },
                        "end": {
                          "line": 2,
                          "column": 7
                        }
                      },
                      "extra": {
                        "rawValue": "key",
                        "raw": "'key'"
                      },
                      "value": "key"
                    },
                    "value": {
                      "type": "StringLiteral",
                      "start": 36,
                      "end": 43,
                      "loc": {
                        "start": {
                          "line": 2,
                          "column": 9
                        },
                        "end": {
                          "line": 2,
                          "column": 16
                        }
                      },
                      "extra": {
                        "rawValue": "html1",
                        "raw": "'html1'"
                      },
                      "value": "html1"
                    }
                  },
                  {
                    "type": "ObjectProperty",
                    "start": 47,
                    "end": 61,
                    "loc": {
                      "start": {
                        "line": 3,
                        "column": 2
                      },
                      "end": {
                        "line": 3,
                        "column": 16
                      }
                    },
                    "method": false,
                    "shorthand": false,
                    "computed": false,
                    "key": {
                      "type": "StringLiteral",
                      "start": 47,
                      "end": 54,
                      "loc": {
                        "start": {
                          "line": 3,
                          "column": 2
                        },
                        "end": {
                          "line": 3,
                          "column": 9
                        }
                      },
                      "extra": {
                        "rawValue": "input",
                        "raw": "'input'"
                      },
                      "value": "input"
                    },
                    "value": {
                      "type": "BooleanLiteral",
                      "start": 56,
                      "end": 61,
                      "loc": {
                        "start": {
                          "line": 3,
                          "column": 11
                        },
                        "end": {
                          "line": 3,
                          "column": 16
                        }
                      },
                      "value": false
                    }
                  },
                  {
                    "type": "ObjectProperty",
                    "start": 65,
                    "end": 77,
                    "loc": {
                      "start": {
                        "line": 4,
                        "column": 2
                      },
                      "end": {
                        "line": 4,
                        "column": 14
                      }
                    },
                    "method": false,
                    "shorthand": false,
                    "computed": false,
                    "key": {
                      "type": "StringLiteral",
                      "start": 65,
                      "end": 70,
                      "loc": {
                        "start": {
                          "line": 4,
                          "column": 2
                        },
                        "end": {
                          "line": 4,
                          "column": 7
                        }
                      },
                      "extra": {
                        "rawValue": "tag",
                        "raw": "'tag'"
                      },
                      "value": "tag"
                    },
                    "value": {
                      "type": "StringLiteral",
                      "start": 72,
                      "end": 77,
                      "loc": {
                        "start": {
                          "line": 4,
                          "column": 9
                        },
                        "end": {
                          "line": 4,
                          "column": 14
                        }
                      },
                      "extra": {
                        "rawValue": "img",
                        "raw": "'img'"
                      },
                      "value": "img"
                    }
                  },
                  {
                    "type": "ObjectProperty",
                    "start": 81,
                    "end": 203,
                    "loc": {
                      "start": {
                        "line": 5,
                        "column": 2
                      },
                      "end": {
                        "line": 10,
                        "column": 3
                      }
                    },
                    "method": false,
                    "shorthand": false,
                    "computed": false,
                    "key": {
                      "type": "StringLiteral",
                      "start": 81,
                      "end": 88,
                      "loc": {
                        "start": {
                          "line": 5,
                          "column": 2
                        },
                        "end": {
                          "line": 5,
                          "column": 9
                        }
                      },
                      "extra": {
                        "rawValue": "attrs",
                        "raw": "'attrs'"
                      },
                      "value": "attrs"
                    },
                    "value": {
                      "type": "ArrayExpression",
                      "start": 90,
                      "end": 203,
                      "loc": {
                        "start": {
                          "line": 5,
                          "column": 11
                        },
                        "end": {
                          "line": 10,
                          "column": 3
                        }
                      },
                      "elements": [
                        {
                          "type": "ObjectExpression",
                          "start": 96,
                          "end": 199,
                          "loc": {
                            "start": {
                              "line": 6,
                              "column": 4
                            },
                            "end": {
                              "line": 9,
                              "column": 5
                            }
                          },
                          "properties": [
                            {
                              "type": "ObjectProperty",
                              "start": 104,
                              "end": 172,
                              "loc": {
                                "start": {
                                  "line": 7,
                                  "column": 6
                                },
                                "end": {
                                  "line": 7,
                                  "column": 74
                                }
                              },
                              "method": false,
                              "shorthand": false,
                              "computed": false,
                              "key": {
                                "type": "StringLiteral",
                                "start": 104,
                                "end": 111,
                                "loc": {
                                  "start": {
                                    "line": 7,
                                    "column": 6
                                  },
                                  "end": {
                                    "line": 7,
                                    "column": 13
                                  }
                                },
                                "extra": {
                                  "rawValue": "value",
                                  "raw": "'value'"
                                },
                                "value": "value"
                              },
                              "value": {
                                "type": "StringLiteral",
                                "start": 113,
                                "end": 172,
                                "loc": {
                                  "start": {
                                    "line": 7,
                                    "column": 15
                                  },
                                  "end": {
                                    "line": 7,
                                    "column": 74
                                  }
                                },
                                "extra": {
                                  "rawValue": "https://www.w3.org/html/logo/downloads/HTML5_Logo_512.png",
                                  "raw": "'https://www.w3.org/html/logo/downloads/HTML5_Logo_512.png'"
                                },
                                "value": "https://www.w3.org/html/logo/downloads/HTML5_Logo_512.png"
                              }
                            },
                            {
                              "type": "ObjectProperty",
                              "start": 180,
                              "end": 193,
                              "loc": {
                                "start": {
                                  "line": 8,
                                  "column": 6
                                },
                                "end": {
                                  "line": 8,
                                  "column": 19
                                }
                              },
                              "method": false,
                              "shorthand": false,
                              "computed": false,
                              "key": {
                                "type": "StringLiteral",
                                "start": 180,
                                "end": 186,
                                "loc": {
                                  "start": {
                                    "line": 8,
                                    "column": 6
                                  },
                                  "end": {
                                    "line": 8,
                                    "column": 12
                                  }
                                },
                                "extra": {
                                  "rawValue": "attr",
                                  "raw": "'attr'"
                                },
                                "value": "attr"
                              },
                              "value": {
                                "type": "StringLiteral",
                                "start": 188,
                                "end": 193,
                                "loc": {
                                  "start": {
                                    "line": 8,
                                    "column": 14
                                  },
                                  "end": {
                                    "line": 8,
                                    "column": 19
                                  }
                                },
                                "extra": {
                                  "rawValue": "src",
                                  "raw": "'src'"
                                },
                                "value": "src"
                              }
                            }
                          ]
                        }
                      ]
                    }
                  },
                  {
                    "type": "ObjectProperty",
                    "start": 207,
                    "end": 231,
                    "loc": {
                      "start": {
                        "line": 11,
                        "column": 2
                      },
                      "end": {
                        "line": 11,
                        "column": 26
                      }
                    },
                    "method": false,
                    "shorthand": false,
                    "computed": false,
                    "key": {
                      "type": "StringLiteral",
                      "start": 207,
                      "end": 218,
                      "loc": {
                        "start": {
                          "line": 11,
                          "column": 2
                        },
                        "end": {
                          "line": 11,
                          "column": 13
                        }
                      },
                      "extra": {
                        "rawValue": "className",
                        "raw": "'className'"
                      },
                      "value": "className"
                    },
                    "value": {
                      "type": "StringLiteral",
                      "start": 220,
                      "end": 231,
                      "loc": {
                        "start": {
                          "line": 11,
                          "column": 15
                        },
                        "end": {
                          "line": 11,
                          "column": 26
                        }
                      },
                      "extra": {
                        "rawValue": "thumbnail",
                        "raw": "'thumbnail'"
                      },
                      "value": "thumbnail"
                    }
                  },
                  {
                    "type": "ObjectProperty",
                    "start": 235,
                    "end": 248,
                    "loc": {
                      "start": {
                        "line": 12,
                        "column": 2
                      },
                      "end": {
                        "line": 12,
                        "column": 15
                      }
                    },
                    "method": false,
                    "shorthand": false,
                    "computed": false,
                    "key": {
                      "type": "StringLiteral",
                      "start": 235,
                      "end": 244,
                      "loc": {
                        "start": {
                          "line": 12,
                          "column": 2
                        },
                        "end": {
                          "line": 12,
                          "column": 11
                        }
                      },
                      "extra": {
                        "rawValue": "content",
                        "raw": "'content'"
                      },
                      "value": "content"
                    },
                    "value": {
                      "type": "StringLiteral",
                      "start": 246,
                      "end": 248,
                      "loc": {
                        "start": {
                          "line": 12,
                          "column": 13
                        },
                        "end": {
                          "line": 12,
                          "column": 15
                        }
                      },
                      "extra": {
                        "rawValue": "",
                        "raw": "''"
                      },
                      "value": ""
                    }
                  },
                  {
                    "type": "ObjectProperty",
                    "start": 252,
                    "end": 273,
                    "loc": {
                      "start": {
                        "line": 13,
                        "column": 2
                      },
                      "end": {
                        "line": 13,
                        "column": 23
                      }
                    },
                    "method": false,
                    "shorthand": false,
                    "computed": false,
                    "key": {
                      "type": "StringLiteral",
                      "start": 252,
                      "end": 258,
                      "loc": {
                        "start": {
                          "line": 13,
                          "column": 2
                        },
                        "end": {
                          "line": 13,
                          "column": 8
                        }
                      },
                      "extra": {
                        "rawValue": "type",
                        "raw": "'type'"
                      },
                      "value": "type"
                    },
                    "value": {
                      "type": "StringLiteral",
                      "start": 260,
                      "end": 273,
                      "loc": {
                        "start": {
                          "line": 13,
                          "column": 10
                        },
                        "end": {
                          "line": 13,
                          "column": 23
                        }
                      },
                      "extra": {
                        "rawValue": "htmlelement",
                        "raw": "'htmlelement'"
                      },
                      "value": "htmlelement"
                    }
                  },
                  {
                    "type": "ObjectProperty",
                    "start": 277,
                    "end": 291,
                    "loc": {
                      "start": {
                        "line": 14,
                        "column": 2
                      },
                      "end": {
                        "line": 16,
                        "column": 3
                      }
                    },
                    "method": false,
                    "shorthand": false,
                    "computed": false,
                    "key": {
                      "type": "StringLiteral",
                      "start": 277,
                      "end": 283,
                      "loc": {
                        "start": {
                          "line": 14,
                          "column": 2
                        },
                        "end": {
                          "line": 14,
                          "column": 8
                        }
                      },
                      "extra": {
                        "rawValue": "tags",
                        "raw": "'tags'"
                      },
                      "value": "tags"
                    },
                    "value": {
                      "type": "ArrayExpression",
                      "start": 285,
                      "end": 291,
                      "loc": {
                        "start": {
                          "line": 14,
                          "column": 10
                        },
                        "end": {
                          "line": 16,
                          "column": 3
                        }
                      },
                      "elements": []
                    }
                  },
                  {
                    "type": "ObjectProperty",
                    "start": 295,
                    "end": 362,
                    "loc": {
                      "start": {
                        "line": 17,
                        "column": 2
                      },
                      "end": {
                        "line": 21,
                        "column": 3
                      }
                    },
                    "method": false,
                    "shorthand": false,
                    "computed": false,
                    "key": {
                      "type": "StringLiteral",
                      "start": 295,
                      "end": 308,
                      "loc": {
                        "start": {
                          "line": 17,
                          "column": 2
                        },
                        "end": {
                          "line": 17,
                          "column": 15
                        }
                      },
                      "extra": {
                        "rawValue": "conditional",
                        "raw": "'conditional'"
                      },
                      "value": "conditional"
                    },
                    "value": {
                      "type": "ObjectExpression",
                      "start": 310,
                      "end": 362,
                      "loc": {
                        "start": {
                          "line": 17,
                          "column": 17
                        },
                        "end": {
                          "line": 21,
                          "column": 3
                        }
                      },
                      "properties": [
                        {
                          "type": "ObjectProperty",
                          "start": 316,
                          "end": 326,
                          "loc": {
                            "start": {
                              "line": 18,
                              "column": 4
                            },
                            "end": {
                              "line": 18,
                              "column": 14
                            }
                          },
                          "method": false,
                          "shorthand": false,
                          "computed": false,
                          "key": {
                            "type": "StringLiteral",
                            "start": 316,
                            "end": 322,
                            "loc": {
                              "start": {
                                "line": 18,
                                "column": 4
                              },
                              "end": {
                                "line": 18,
                                "column": 10
                              }
                            },
                            "extra": {
                              "rawValue": "show",
                              "raw": "'show'"
                            },
                            "value": "show"
                          },
                          "value": {
                            "type": "StringLiteral",
                            "start": 324,
                            "end": 326,
                            "loc": {
                              "start": {
                                "line": 18,
                                "column": 12
                              },
                              "end": {
                                "line": 18,
                                "column": 14
                              }
                            },
                            "extra": {
                              "rawValue": "",
                              "raw": "''"
                            },
                            "value": ""
                          }
                        },
                        {
                          "type": "ObjectProperty",
                          "start": 332,
                          "end": 344,
                          "loc": {
                            "start": {
                              "line": 19,
                              "column": 4
                            },
                            "end": {
                              "line": 19,
                              "column": 16
                            }
                          },
                          "method": false,
                          "shorthand": false,
                          "computed": false,
                          "key": {
                            "type": "StringLiteral",
                            "start": 332,
                            "end": 338,
                            "loc": {
                              "start": {
                                "line": 19,
                                "column": 4
                              },
                              "end": {
                                "line": 19,
                                "column": 10
                              }
                            },
                            "extra": {
                              "rawValue": "when",
                              "raw": "'when'"
                            },
                            "value": "when"
                          },
                          "value": {
                            "type": "NullLiteral",
                            "start": 340,
                            "end": 344,
                            "loc": {
                              "start": {
                                "line": 19,
                                "column": 12
                              },
                              "end": {
                                "line": 19,
                                "column": 16
                              }
                            }
                          }
                        },
                        {
                          "type": "ObjectProperty",
                          "start": 350,
                          "end": 358,
                          "loc": {
                            "start": {
                              "line": 20,
                              "column": 4
                            },
                            "end": {
                              "line": 20,
                              "column": 12
                            }
                          },
                          "method": false,
                          "shorthand": false,
                          "computed": false,
                          "key": {
                            "type": "StringLiteral",
                            "start": 350,
                            "end": 354,
                            "loc": {
                              "start": {
                                "line": 20,
                                "column": 4
                              },
                              "end": {
                                "line": 20,
                                "column": 8
                              }
                            },
                            "extra": {
                              "rawValue": "eq",
                              "raw": "'eq'"
                            },
                            "value": "eq"
                          },
                          "value": {
                            "type": "StringLiteral",
                            "start": 356,
                            "end": 358,
                            "loc": {
                              "start": {
                                "line": 20,
                                "column": 10
                              },
                              "end": {
                                "line": 20,
                                "column": 12
                              }
                            },
                            "extra": {
                              "rawValue": "",
                              "raw": "''"
                            },
                            "value": ""
                          }
                        }
                      ]
                    }
                  }
                ]
              }
            }
          ],
          "kind": "const",
          "leadingComments": [],
          "trailingComments": []
        }
      }
    ],
    "directives": []
  },
  "comments": [],
  "tokens": [
    {
      "type": {
        "label": "export",
        "keyword": "export",
        "beforeExpr": false,
        "startsExpr": false,
        "rightAssociative": false,
        "isLoop": false,
        "isAssign": false,
        "prefix": false,
        "postfix": false,
        "binop": null,
        "updateContext": null
      },
      "value": "export",
      "start": 0,
      "end": 6,
      "loc": {
        "start": {
          "line": 1,
          "column": 0
        },
        "end": {
          "line": 1,
          "column": 6
        }
      }
    },
    {
      "type": {
        "label": "const",
        "keyword": "const",
        "beforeExpr": false,
        "startsExpr": false,
        "rightAssociative": false,
        "isLoop": false,
        "isAssign": false,
        "prefix": false,
        "postfix": false,
        "binop": null,
        "updateContext": null
      },
      "value": "const",
      "start": 7,
      "end": 12,
      "loc": {
        "start": {
          "line": 1,
          "column": 7
        },
        "end": {
          "line": 1,
          "column": 12
        }
      }
    },
    {
      "type": {
        "label": "name",
        "beforeExpr": false,
        "startsExpr": true,
        "rightAssociative": false,
        "isLoop": false,
        "isAssign": false,
        "prefix": false,
        "postfix": false,
        "binop": null
      },
      "value": "component",
      "start": 13,
      "end": 22,
      "loc": {
        "start": {
          "line": 1,
          "column": 13
        },
        "end": {
          "line": 1,
          "column": 22
        }
      }
    },
    {
      "type": {
        "label": "=",
        "beforeExpr": true,
        "startsExpr": false,
        "rightAssociative": false,
        "isLoop": false,
        "isAssign": true,
        "prefix": false,
        "postfix": false,
        "binop": null,
        "updateContext": null
      },
      "value": "=",
      "start": 23,
      "end": 24,
      "loc": {
        "start": {
          "line": 1,
          "column": 23
        },
        "end": {
          "line": 1,
          "column": 24
        }
      }
    },
    {
      "type": {
        "label": "{",
        "beforeExpr": true,
        "startsExpr": true,
        "rightAssociative": false,
        "isLoop": false,
        "isAssign": false,
        "prefix": false,
        "postfix": false,
        "binop": null
      },
      "start": 25,
      "end": 26,
      "loc": {
        "start": {
          "line": 1,
          "column": 25
        },
        "end": {
          "line": 1,
          "column": 26
        }
      }
    },
    {
      "type": {
        "label": "string",
        "beforeExpr": false,
        "startsExpr": true,
        "rightAssociative": false,
        "isLoop": false,
        "isAssign": false,
        "prefix": false,
        "postfix": false,
        "binop": null,
        "updateContext": null
      },
      "value": "key",
      "start": 29,
      "end": 34,
      "loc": {
        "start": {
          "line": 2,
          "column": 2
        },
        "end": {
          "line": 2,
          "column": 7
        }
      }
    },
    {
      "type": {
        "label": ":",
        "beforeExpr": true,
        "startsExpr": false,
        "rightAssociative": false,
        "isLoop": false,
        "isAssign": false,
        "prefix": false,
        "postfix": false,
        "binop": null,
        "updateContext": null
      },
      "start": 34,
      "end": 35,
      "loc": {
        "start": {
          "line": 2,
          "column": 7
        },
        "end": {
          "line": 2,
          "column": 8
        }
      }
    },
    {
      "type": {
        "label": "string",
        "beforeExpr": false,
        "startsExpr": true,
        "rightAssociative": false,
        "isLoop": false,
        "isAssign": false,
        "prefix": false,
        "postfix": false,
        "binop": null,
        "updateContext": null
      },
      "value": "html1",
      "start": 36,
      "end": 43,
      "loc": {
        "start": {
          "line": 2,
          "column": 9
        },
        "end": {
          "line": 2,
          "column": 16
        }
      }
    },
    {
      "type": {
        "label": ",",
        "beforeExpr": true,
        "startsExpr": false,
        "rightAssociative": false,
        "isLoop": false,
        "isAssign": false,
        "prefix": false,
        "postfix": false,
        "binop": null,
        "updateContext": null
      },
      "start": 43,
      "end": 44,
      "loc": {
        "start": {
          "line": 2,
          "column": 16
        },
        "end": {
          "line": 2,
          "column": 17
        }
      }
    },
    {
      "type": {
        "label": "string",
        "beforeExpr": false,
        "startsExpr": true,
        "rightAssociative": false,
        "isLoop": false,
        "isAssign": false,
        "prefix": false,
        "postfix": false,
        "binop": null,
        "updateContext": null
      },
      "value": "input",
      "start": 47,
      "end": 54,
      "loc": {
        "start": {
          "line": 3,
          "column": 2
        },
        "end": {
          "line": 3,
          "column": 9
        }
      }
    },
    {
      "type": {
        "label": ":",
        "beforeExpr": true,
        "startsExpr": false,
        "rightAssociative": false,
        "isLoop": false,
        "isAssign": false,
        "prefix": false,
        "postfix": false,
        "binop": null,
        "updateContext": null
      },
      "start": 54,
      "end": 55,
      "loc": {
        "start": {
          "line": 3,
          "column": 9
        },
        "end": {
          "line": 3,
          "column": 10
        }
      }
    },
    {
      "type": {
        "label": "false",
        "keyword": "false",
        "beforeExpr": false,
        "startsExpr": true,
        "rightAssociative": false,
        "isLoop": false,
        "isAssign": false,
        "prefix": false,
        "postfix": false,
        "binop": null,
        "updateContext": null
      },
      "value": "false",
      "start": 56,
      "end": 61,
      "loc": {
        "start": {
          "line": 3,
          "column": 11
        },
        "end": {
          "line": 3,
          "column": 16
        }
      }
    },
    {
      "type": {
        "label": ",",
        "beforeExpr": true,
        "startsExpr": false,
        "rightAssociative": false,
        "isLoop": false,
        "isAssign": false,
        "prefix": false,
        "postfix": false,
        "binop": null,
        "updateContext": null
      },
      "start": 61,
      "end": 62,
      "loc": {
        "start": {
          "line": 3,
          "column": 16
        },
        "end": {
          "line": 3,
          "column": 17
        }
      }
    },
    {
      "type": {
        "label": "string",
        "beforeExpr": false,
        "startsExpr": true,
        "rightAssociative": false,
        "isLoop": false,
        "isAssign": false,
        "prefix": false,
        "postfix": false,
        "binop": null,
        "updateContext": null
      },
      "value": "tag",
      "start": 65,
      "end": 70,
      "loc": {
        "start": {
          "line": 4,
          "column": 2
        },
        "end": {
          "line": 4,
          "column": 7
        }
      }
    },
    {
      "type": {
        "label": ":",
        "beforeExpr": true,
        "startsExpr": false,
        "rightAssociative": false,
        "isLoop": false,
        "isAssign": false,
        "prefix": false,
        "postfix": false,
        "binop": null,
        "updateContext": null
      },
      "start": 70,
      "end": 71,
      "loc": {
        "start": {
          "line": 4,
          "column": 7
        },
        "end": {
          "line": 4,
          "column": 8
        }
      }
    },
    {
      "type": {
        "label": "string",
        "beforeExpr": false,
        "startsExpr": true,
        "rightAssociative": false,
        "isLoop": false,
        "isAssign": false,
        "prefix": false,
        "postfix": false,
        "binop": null,
        "updateContext": null
      },
      "value": "img",
      "start": 72,
      "end": 77,
      "loc": {
        "start": {
          "line": 4,
          "column": 9
        },
        "end": {
          "line": 4,
          "column": 14
        }
      }
    },
    {
      "type": {
        "label": ",",
        "beforeExpr": true,
        "startsExpr": false,
        "rightAssociative": false,
        "isLoop": false,
        "isAssign": false,
        "prefix": false,
        "postfix": false,
        "binop": null,
        "updateContext": null
      },
      "start": 77,
      "end": 78,
      "loc": {
        "start": {
          "line": 4,
          "column": 14
        },
        "end": {
          "line": 4,
          "column": 15
        }
      }
    },
    {
      "type": {
        "label": "string",
        "beforeExpr": false,
        "startsExpr": true,
        "rightAssociative": false,
        "isLoop": false,
        "isAssign": false,
        "prefix": false,
        "postfix": false,
        "binop": null,
        "updateContext": null
      },
      "value": "attrs",
      "start": 81,
      "end": 88,
      "loc": {
        "start": {
          "line": 5,
          "column": 2
        },
        "end": {
          "line": 5,
          "column": 9
        }
      }
    },
    {
      "type": {
        "label": ":",
        "beforeExpr": true,
        "startsExpr": false,
        "rightAssociative": false,
        "isLoop": false,
        "isAssign": false,
        "prefix": false,
        "postfix": false,
        "binop": null,
        "updateContext": null
      },
      "start": 88,
      "end": 89,
      "loc": {
        "start": {
          "line": 5,
          "column": 9
        },
        "end": {
          "line": 5,
          "column": 10
        }
      }
    },
    {
      "type": {
        "label": "[",
        "beforeExpr": true,
        "startsExpr": true,
        "rightAssociative": false,
        "isLoop": false,
        "isAssign": false,
        "prefix": false,
        "postfix": false,
        "binop": null,
        "updateContext": null
      },
      "start": 90,
      "end": 91,
      "loc": {
        "start": {
          "line": 5,
          "column": 11
        },
        "end": {
          "line": 5,
          "column": 12
        }
      }
    },
    {
      "type": {
        "label": "{",
        "beforeExpr": true,
        "startsExpr": true,
        "rightAssociative": false,
        "isLoop": false,
        "isAssign": false,
        "prefix": false,
        "postfix": false,
        "binop": null
      },
      "start": 96,
      "end": 97,
      "loc": {
        "start": {
          "line": 6,
          "column": 4
        },
        "end": {
          "line": 6,
          "column": 5
        }
      }
    },
    {
      "type": {
        "label": "string",
        "beforeExpr": false,
        "startsExpr": true,
        "rightAssociative": false,
        "isLoop": false,
        "isAssign": false,
        "prefix": false,
        "postfix": false,
        "binop": null,
        "updateContext": null
      },
      "value": "value",
      "start": 104,
      "end": 111,
      "loc": {
        "start": {
          "line": 7,
          "column": 6
        },
        "end": {
          "line": 7,
          "column": 13
        }
      }
    },
    {
      "type": {
        "label": ":",
        "beforeExpr": true,
        "startsExpr": false,
        "rightAssociative": false,
        "isLoop": false,
        "isAssign": false,
        "prefix": false,
        "postfix": false,
        "binop": null,
        "updateContext": null
      },
      "start": 111,
      "end": 112,
      "loc": {
        "start": {
          "line": 7,
          "column": 13
        },
        "end": {
          "line": 7,
          "column": 14
        }
      }
    },
    {
      "type": {
        "label": "string",
        "beforeExpr": false,
        "startsExpr": true,
        "rightAssociative": false,
        "isLoop": false,
        "isAssign": false,
        "prefix": false,
        "postfix": false,
        "binop": null,
        "updateContext": null
      },
      "value": "https://www.w3.org/html/logo/downloads/HTML5_Logo_512.png",
      "start": 113,
      "end": 172,
      "loc": {
        "start": {
          "line": 7,
          "column": 15
        },
        "end": {
          "line": 7,
          "column": 74
        }
      }
    },
    {
      "type": {
        "label": ",",
        "beforeExpr": true,
        "startsExpr": false,
        "rightAssociative": false,
        "isLoop": false,
        "isAssign": false,
        "prefix": false,
        "postfix": false,
        "binop": null,
        "updateContext": null
      },
      "start": 172,
      "end": 173,
      "loc": {
        "start": {
          "line": 7,
          "column": 74
        },
        "end": {
          "line": 7,
          "column": 75
        }
      }
    },
    {
      "type": {
        "label": "string",
        "beforeExpr": false,
        "startsExpr": true,
        "rightAssociative": false,
        "isLoop": false,
        "isAssign": false,
        "prefix": false,
        "postfix": false,
        "binop": null,
        "updateContext": null
      },
      "value": "attr",
      "start": 180,
      "end": 186,
      "loc": {
        "start": {
          "line": 8,
          "column": 6
        },
        "end": {
          "line": 8,
          "column": 12
        }
      }
    },
    {
      "type": {
        "label": ":",
        "beforeExpr": true,
        "startsExpr": false,
        "rightAssociative": false,
        "isLoop": false,
        "isAssign": false,
        "prefix": false,
        "postfix": false,
        "binop": null,
        "updateContext": null
      },
      "start": 186,
      "end": 187,
      "loc": {
        "start": {
          "line": 8,
          "column": 12
        },
        "end": {
          "line": 8,
          "column": 13
        }
      }
    },
    {
      "type": {
        "label": "string",
        "beforeExpr": false,
        "startsExpr": true,
        "rightAssociative": false,
        "isLoop": false,
        "isAssign": false,
        "prefix": false,
        "postfix": false,
        "binop": null,
        "updateContext": null
      },
      "value": "src",
      "start": 188,
      "end": 193,
      "loc": {
        "start": {
          "line": 8,
          "column": 14
        },
        "end": {
          "line": 8,
          "column": 19
        }
      }
    },
    {
      "type": {
        "label": "}",
        "beforeExpr": false,
        "startsExpr": false,
        "rightAssociative": false,
        "isLoop": false,
        "isAssign": false,
        "prefix": false,
        "postfix": false,
        "binop": null
      },
      "start": 198,
      "end": 199,
      "loc": {
        "start": {
          "line": 9,
          "column": 4
        },
        "end": {
          "line": 9,
          "column": 5
        }
      }
    },
    {
      "type": {
        "label": "]",
        "beforeExpr": false,
        "startsExpr": false,
        "rightAssociative": false,
        "isLoop": false,
        "isAssign": false,
        "prefix": false,
        "postfix": false,
        "binop": null,
        "updateContext": null
      },
      "start": 202,
      "end": 203,
      "loc": {
        "start": {
          "line": 10,
          "column": 2
        },
        "end": {
          "line": 10,
          "column": 3
        }
      }
    },
    {
      "type": {
        "label": ",",
        "beforeExpr": true,
        "startsExpr": false,
        "rightAssociative": false,
        "isLoop": false,
        "isAssign": false,
        "prefix": false,
        "postfix": false,
        "binop": null,
        "updateContext": null
      },
      "start": 203,
      "end": 204,
      "loc": {
        "start": {
          "line": 10,
          "column": 3
        },
        "end": {
          "line": 10,
          "column": 4
        }
      }
    },
    {
      "type": {
        "label": "string",
        "beforeExpr": false,
        "startsExpr": true,
        "rightAssociative": false,
        "isLoop": false,
        "isAssign": false,
        "prefix": false,
        "postfix": false,
        "binop": null,
        "updateContext": null
      },
      "value": "className",
      "start": 207,
      "end": 218,
      "loc": {
        "start": {
          "line": 11,
          "column": 2
        },
        "end": {
          "line": 11,
          "column": 13
        }
      }
    },
    {
      "type": {
        "label": ":",
        "beforeExpr": true,
        "startsExpr": false,
        "rightAssociative": false,
        "isLoop": false,
        "isAssign": false,
        "prefix": false,
        "postfix": false,
        "binop": null,
        "updateContext": null
      },
      "start": 218,
      "end": 219,
      "loc": {
        "start": {
          "line": 11,
          "column": 13
        },
        "end": {
          "line": 11,
          "column": 14
        }
      }
    },
    {
      "type": {
        "label": "string",
        "beforeExpr": false,
        "startsExpr": true,
        "rightAssociative": false,
        "isLoop": false,
        "isAssign": false,
        "prefix": false,
        "postfix": false,
        "binop": null,
        "updateContext": null
      },
      "value": "thumbnail",
      "start": 220,
      "end": 231,
      "loc": {
        "start": {
          "line": 11,
          "column": 15
        },
        "end": {
          "line": 11,
          "column": 26
        }
      }
    },
    {
      "type": {
        "label": ",",
        "beforeExpr": true,
        "startsExpr": false,
        "rightAssociative": false,
        "isLoop": false,
        "isAssign": false,
        "prefix": false,
        "postfix": false,
        "binop": null,
        "updateContext": null
      },
      "start": 231,
      "end": 232,
      "loc": {
        "start": {
          "line": 11,
          "column": 26
        },
        "end": {
          "line": 11,
          "column": 27
        }
      }
    },
    {
      "type": {
        "label": "string",
        "beforeExpr": false,
        "startsExpr": true,
        "rightAssociative": false,
        "isLoop": false,
        "isAssign": false,
        "prefix": false,
        "postfix": false,
        "binop": null,
        "updateContext": null
      },
      "value": "content",
      "start": 235,
      "end": 244,
      "loc": {
        "start": {
          "line": 12,
          "column": 2
        },
        "end": {
          "line": 12,
          "column": 11
        }
      }
    },
    {
      "type": {
        "label": ":",
        "beforeExpr": true,
        "startsExpr": false,
        "rightAssociative": false,
        "isLoop": false,
        "isAssign": false,
        "prefix": false,
        "postfix": false,
        "binop": null,
        "updateContext": null
      },
      "start": 244,
      "end": 245,
      "loc": {
        "start": {
          "line": 12,
          "column": 11
        },
        "end": {
          "line": 12,
          "column": 12
        }
      }
    },
    {
      "type": {
        "label": "string",
        "beforeExpr": false,
        "startsExpr": true,
        "rightAssociative": false,
        "isLoop": false,
        "isAssign": false,
        "prefix": false,
        "postfix": false,
        "binop": null,
        "updateContext": null
      },
      "value": "",
      "start": 246,
      "end": 248,
      "loc": {
        "start": {
          "line": 12,
          "column": 13
        },
        "end": {
          "line": 12,
          "column": 15
        }
      }
    },
    {
      "type": {
        "label": ",",
        "beforeExpr": true,
        "startsExpr": false,
        "rightAssociative": false,
        "isLoop": false,
        "isAssign": false,
        "prefix": false,
        "postfix": false,
        "binop": null,
        "updateContext": null
      },
      "start": 248,
      "end": 249,
      "loc": {
        "start": {
          "line": 12,
          "column": 15
        },
        "end": {
          "line": 12,
          "column": 16
        }
      }
    },
    {
      "type": {
        "label": "string",
        "beforeExpr": false,
        "startsExpr": true,
        "rightAssociative": false,
        "isLoop": false,
        "isAssign": false,
        "prefix": false,
        "postfix": false,
        "binop": null,
        "updateContext": null
      },
      "value": "type",
      "start": 252,
      "end": 258,
      "loc": {
        "start": {
          "line": 13,
          "column": 2
        },
        "end": {
          "line": 13,
          "column": 8
        }
      }
    },
    {
      "type": {
        "label": ":",
        "beforeExpr": true,
        "startsExpr": false,
        "rightAssociative": false,
        "isLoop": false,
        "isAssign": false,
        "prefix": false,
        "postfix": false,
        "binop": null,
        "updateContext": null
      },
      "start": 258,
      "end": 259,
      "loc": {
        "start": {
          "line": 13,
          "column": 8
        },
        "end": {
          "line": 13,
          "column": 9
        }
      }
    },
    {
      "type": {
        "label": "string",
        "beforeExpr": false,
        "startsExpr": true,
        "rightAssociative": false,
        "isLoop": false,
        "isAssign": false,
        "prefix": false,
        "postfix": false,
        "binop": null,
        "updateContext": null
      },
      "value": "htmlelement",
      "start": 260,
      "end": 273,
      "loc": {
        "start": {
          "line": 13,
          "column": 10
        },
        "end": {
          "line": 13,
          "column": 23
        }
      }
    },
    {
      "type": {
        "label": ",",
        "beforeExpr": true,
        "startsExpr": false,
        "rightAssociative": false,
        "isLoop": false,
        "isAssign": false,
        "prefix": false,
        "postfix": false,
        "binop": null,
        "updateContext": null
      },
      "start": 273,
      "end": 274,
      "loc": {
        "start": {
          "line": 13,
          "column": 23
        },
        "end": {
          "line": 13,
          "column": 24
        }
      }
    },
    {
      "type": {
        "label": "string",
        "beforeExpr": false,
        "startsExpr": true,
        "rightAssociative": false,
        "isLoop": false,
        "isAssign": false,
        "prefix": false,
        "postfix": false,
        "binop": null,
        "updateContext": null
      },
      "value": "tags",
      "start": 277,
      "end": 283,
      "loc": {
        "start": {
          "line": 14,
          "column": 2
        },
        "end": {
          "line": 14,
          "column": 8
        }
      }
    },
    {
      "type": {
        "label": ":",
        "beforeExpr": true,
        "startsExpr": false,
        "rightAssociative": false,
        "isLoop": false,
        "isAssign": false,
        "prefix": false,
        "postfix": false,
        "binop": null,
        "updateContext": null
      },
      "start": 283,
      "end": 284,
      "loc": {
        "start": {
          "line": 14,
          "column": 8
        },
        "end": {
          "line": 14,
          "column": 9
        }
      }
    },
    {
      "type": {
        "label": "[",
        "beforeExpr": true,
        "startsExpr": true,
        "rightAssociative": false,
        "isLoop": false,
        "isAssign": false,
        "prefix": false,
        "postfix": false,
        "binop": null,
        "updateContext": null
      },
      "start": 285,
      "end": 286,
      "loc": {
        "start": {
          "line": 14,
          "column": 10
        },
        "end": {
          "line": 14,
          "column": 11
        }
      }
    },
    {
      "type": {
        "label": "]",
        "beforeExpr": false,
        "startsExpr": false,
        "rightAssociative": false,
        "isLoop": false,
        "isAssign": false,
        "prefix": false,
        "postfix": false,
        "binop": null,
        "updateContext": null
      },
      "start": 290,
      "end": 291,
      "loc": {
        "start": {
          "line": 16,
          "column": 2
        },
        "end": {
          "line": 16,
          "column": 3
        }
      }
    },
    {
      "type": {
        "label": ",",
        "beforeExpr": true,
        "startsExpr": false,
        "rightAssociative": false,
        "isLoop": false,
        "isAssign": false,
        "prefix": false,
        "postfix": false,
        "binop": null,
        "updateContext": null
      },
      "start": 291,
      "end": 292,
      "loc": {
        "start": {
          "line": 16,
          "column": 3
        },
        "end": {
          "line": 16,
          "column": 4
        }
      }
    },
    {
      "type": {
        "label": "string",
        "beforeExpr": false,
        "startsExpr": true,
        "rightAssociative": false,
        "isLoop": false,
        "isAssign": false,
        "prefix": false,
        "postfix": false,
        "binop": null,
        "updateContext": null
      },
      "value": "conditional",
      "start": 295,
      "end": 308,
      "loc": {
        "start": {
          "line": 17,
          "column": 2
        },
        "end": {
          "line": 17,
          "column": 15
        }
      }
    },
    {
      "type": {
        "label": ":",
        "beforeExpr": true,
        "startsExpr": false,
        "rightAssociative": false,
        "isLoop": false,
        "isAssign": false,
        "prefix": false,
        "postfix": false,
        "binop": null,
        "updateContext": null
      },
      "start": 308,
      "end": 309,
      "loc": {
        "start": {
          "line": 17,
          "column": 15
        },
        "end": {
          "line": 17,
          "column": 16
        }
      }
    },
    {
      "type": {
        "label": "{",
        "beforeExpr": true,
        "startsExpr": true,
        "rightAssociative": false,
        "isLoop": false,
        "isAssign": false,
        "prefix": false,
        "postfix": false,
        "binop": null
      },
      "start": 310,
      "end": 311,
      "loc": {
        "start": {
          "line": 17,
          "column": 17
        },
        "end": {
          "line": 17,
          "column": 18
        }
      }
    },
    {
      "type": {
        "label": "string",
        "beforeExpr": false,
        "startsExpr": true,
        "rightAssociative": false,
        "isLoop": false,
        "isAssign": false,
        "prefix": false,
        "postfix": false,
        "binop": null,
        "updateContext": null
      },
      "value": "show",
      "start": 316,
      "end": 322,
      "loc": {
        "start": {
          "line": 18,
          "column": 4
        },
        "end": {
          "line": 18,
          "column": 10
        }
      }
    },
    {
      "type": {
        "label": ":",
        "beforeExpr": true,
        "startsExpr": false,
        "rightAssociative": false,
        "isLoop": false,
        "isAssign": false,
        "prefix": false,
        "postfix": false,
        "binop": null,
        "updateContext": null
      },
      "start": 322,
      "end": 323,
      "loc": {
        "start": {
          "line": 18,
          "column": 10
        },
        "end": {
          "line": 18,
          "column": 11
        }
      }
    },
    {
      "type": {
        "label": "string",
        "beforeExpr": false,
        "startsExpr": true,
        "rightAssociative": false,
        "isLoop": false,
        "isAssign": false,
        "prefix": false,
        "postfix": false,
        "binop": null,
        "updateContext": null
      },
      "value": "",
      "start": 324,
      "end": 326,
      "loc": {
        "start": {
          "line": 18,
          "column": 12
        },
        "end": {
          "line": 18,
          "column": 14
        }
      }
    },
    {
      "type": {
        "label": ",",
        "beforeExpr": true,
        "startsExpr": false,
        "rightAssociative": false,
        "isLoop": false,
        "isAssign": false,
        "prefix": false,
        "postfix": false,
        "binop": null,
        "updateContext": null
      },
      "start": 326,
      "end": 327,
      "loc": {
        "start": {
          "line": 18,
          "column": 14
        },
        "end": {
          "line": 18,
          "column": 15
        }
      }
    },
    {
      "type": {
        "label": "string",
        "beforeExpr": false,
        "startsExpr": true,
        "rightAssociative": false,
        "isLoop": false,
        "isAssign": false,
        "prefix": false,
        "postfix": false,
        "binop": null,
        "updateContext": null
      },
      "value": "when",
      "start": 332,
      "end": 338,
      "loc": {
        "start": {
          "line": 19,
          "column": 4
        },
        "end": {
          "line": 19,
          "column": 10
        }
      }
    },
    {
      "type": {
        "label": ":",
        "beforeExpr": true,
        "startsExpr": false,
        "rightAssociative": false,
        "isLoop": false,
        "isAssign": false,
        "prefix": false,
        "postfix": false,
        "binop": null,
        "updateContext": null
      },
      "start": 338,
      "end": 339,
      "loc": {
        "start": {
          "line": 19,
          "column": 10
        },
        "end": {
          "line": 19,
          "column": 11
        }
      }
    },
    {
      "type": {
        "label": "null",
        "keyword": "null",
        "beforeExpr": false,
        "startsExpr": true,
        "rightAssociative": false,
        "isLoop": false,
        "isAssign": false,
        "prefix": false,
        "postfix": false,
        "binop": null,
        "updateContext": null
      },
      "value": "null",
      "start": 340,
      "end": 344,
      "loc": {
        "start": {
          "line": 19,
          "column": 12
        },
        "end": {
          "line": 19,
          "column": 16
        }
      }
    },
    {
      "type": {
        "label": ",",
        "beforeExpr": true,
        "startsExpr": false,
        "rightAssociative": false,
        "isLoop": false,
        "isAssign": false,
        "prefix": false,
        "postfix": false,
        "binop": null,
        "updateContext": null
      },
      "start": 344,
      "end": 345,
      "loc": {
        "start": {
          "line": 19,
          "column": 16
        },
        "end": {
          "line": 19,
          "column": 17
        }
      }
    },
    {
      "type": {
        "label": "string",
        "beforeExpr": false,
        "startsExpr": true,
        "rightAssociative": false,
        "isLoop": false,
        "isAssign": false,
        "prefix": false,
        "postfix": false,
        "binop": null,
        "updateContext": null
      },
      "value": "eq",
      "start": 350,
      "end": 354,
      "loc": {
        "start": {
          "line": 20,
          "column": 4
        },
        "end": {
          "line": 20,
          "column": 8
        }
      }
    },
    {
      "type": {
        "label": ":",
        "beforeExpr": true,
        "startsExpr": false,
        "rightAssociative": false,
        "isLoop": false,
        "isAssign": false,
        "prefix": false,
        "postfix": false,
        "binop": null,
        "updateContext": null
      },
      "start": 354,
      "end": 355,
      "loc": {
        "start": {
          "line": 20,
          "column": 8
        },
        "end": {
          "line": 20,
          "column": 9
        }
      }
    },
    {
      "type": {
        "label": "string",
        "beforeExpr": false,
        "startsExpr": true,
        "rightAssociative": false,
        "isLoop": false,
        "isAssign": false,
        "prefix": false,
        "postfix": false,
        "binop": null,
        "updateContext": null
      },
      "value": "",
      "start": 356,
      "end": 358,
      "loc": {
        "start": {
          "line": 20,
          "column": 10
        },
        "end": {
          "line": 20,
          "column": 12
        }
      }
    },
    {
      "type": {
        "label": "}",
        "beforeExpr": false,
        "startsExpr": false,
        "rightAssociative": false,
        "isLoop": false,
        "isAssign": false,
        "prefix": false,
        "postfix": false,
        "binop": null
      },
      "start": 361,
      "end": 362,
      "loc": {
        "start": {
          "line": 21,
          "column": 2
        },
        "end": {
          "line": 21,
          "column": 3
        }
      }
    },
    {
      "type": {
        "label": "}",
        "beforeExpr": false,
        "startsExpr": false,
        "rightAssociative": false,
        "isLoop": false,
        "isAssign": false,
        "prefix": false,
        "postfix": false,
        "binop": null
      },
      "start": 363,
      "end": 364,
      "loc": {
        "start": {
          "line": 22,
          "column": 0
        },
        "end": {
          "line": 22,
          "column": 1
        }
      }
    },
    {
      "type": {
        "label": ";",
        "beforeExpr": true,
        "startsExpr": false,
        "rightAssociative": false,
        "isLoop": false,
        "isAssign": false,
        "prefix": false,
        "postfix": false,
        "binop": null,
        "updateContext": null
      },
      "start": 364,
      "end": 365,
      "loc": {
        "start": {
          "line": 22,
          "column": 1
        },
        "end": {
          "line": 22,
          "column": 2
        }
      }
    },
    {
      "type": {
        "label": "eof",
        "beforeExpr": false,
        "startsExpr": false,
        "rightAssociative": false,
        "isLoop": false,
        "isAssign": false,
        "prefix": false,
        "postfix": false,
        "binop": null,
        "updateContext": null
      },
      "start": 366,
      "end": 366,
      "loc": {
        "start": {
          "line": 23,
          "column": 0
        },
        "end": {
          "line": 23,
          "column": 0
        }
      }
    }
  ]
}