{
  "type": "File",
  "start": 0,
  "end": 412,
  "loc": {
    "start": {
      "line": 1,
      "column": 0
    },
    "end": {
      "line": 20,
      "column": 0
    }
  },
  "program": {
    "type": "Program",
    "start": 0,
    "end": 412,
    "loc": {
      "start": {
        "line": 1,
        "column": 0
      },
      "end": {
        "line": 20,
        "column": 0
      }
    },
    "sourceType": "module",
    "body": [
      {
        "type": "ExportDefaultDeclaration",
        "start": 0,
        "end": 411,
        "loc": {
          "start": {
            "line": 1,
            "column": 0
          },
          "end": {
            "line": 19,
            "column": 2
          }
        },
        "declaration": {
          "type": "ArrayExpression",
          "start": 15,
          "end": 410,
          "loc": {
            "start": {
              "line": 1,
              "column": 15
            },
            "end": {
              "line": 19,
              "column": 1
            }
          },
          "elements": [
            {
              "type": "ObjectExpression",
              "start": 19,
              "end": 204,
              "loc": {
                "start": {
                  "line": 2,
                  "column": 2
                },
                "end": {
                  "line": 9,
                  "column": 3
                }
              },
              "properties": [
                {
                  "type": "ObjectProperty",
                  "start": 25,
                  "end": 41,
                  "loc": {
                    "start": {
                      "line": 3,
                      "column": 4
                    },
                    "end": {
                      "line": 3,
                      "column": 20
                    }
                  },
                  "method": false,
                  "shorthand": false,
                  "computed": false,
                  "key": {
                    "type": "Identifier",
                    "start": 25,
                    "end": 29,
                    "loc": {
                      "start": {
                        "line": 3,
                        "column": 4
                      },
                      "end": {
                        "line": 3,
                        "column": 8
                      },
                      "identifierName": "type"
                    },
                    "name": "type"
                  },
                  "value": {
                    "type": "StringLiteral",
                    "start": 31,
                    "end": 41,
                    "loc": {
                      "start": {
                        "line": 3,
                        "column": 10
                      },
                      "end": {
                        "line": 3,
                        "column": 20
                      }
                    },
                    "extra": {
                      "rawValue": "checkbox",
                      "raw": "'checkbox'"
                    },
                    "value": "checkbox"
                  }
                },
                {
                  "type": "ObjectProperty",
                  "start": 47,
                  "end": 58,
                  "loc": {
                    "start": {
                      "line": 4,
                      "column": 4
                    },
                    "end": {
                      "line": 4,
                      "column": 15
                    }
                  },
                  "method": false,
                  "shorthand": false,
                  "computed": false,
                  "key": {
                    "type": "Identifier",
                    "start": 47,
                    "end": 52,
                    "loc": {
                      "start": {
                        "line": 4,
                        "column": 4
                      },
                      "end": {
                        "line": 4,
                        "column": 9
                      },
                      "identifierName": "input"
                    },
                    "name": "input"
                  },
                  "value": {
                    "type": "BooleanLiteral",
                    "start": 54,
                    "end": 58,
                    "loc": {
                      "start": {
                        "line": 4,
                        "column": 11
                      },
                      "end": {
                        "line": 4,
                        "column": 15
                      }
                    },
                    "value": true
                  }
                },
                {
                  "type": "ObjectProperty",
                  "start": 64,
                  "end": 88,
                  "loc": {
                    "start": {
                      "line": 5,
                      "column": 4
                    },
                    "end": {
                      "line": 5,
                      "column": 28
                    }
                  },
                  "method": false,
                  "shorthand": false,
                  "computed": false,
                  "key": {
                    "type": "Identifier",
                    "start": 64,
                    "end": 67,
                    "loc": {
                      "start": {
                        "line": 5,
                        "column": 4
                      },
                      "end": {
                        "line": 5,
                        "column": 7
                      },
                      "identifierName": "key"
                    },
                    "name": "key"
                  },
                  "value": {
                    "type": "StringLiteral",
                    "start": 69,
                    "end": 88,
                    "loc": {
                      "start": {
                        "line": 5,
                        "column": 9
                      },
                      "end": {
                        "line": 5,
                        "column": 28
                      }
                    },
                    "extra": {
                      "rawValue": "useLocaleSettings",
                      "raw": "'useLocaleSettings'"
                    },
                    "value": "useLocaleSettings"
                  }
                },
                {
                  "type": "ObjectProperty",
                  "start": 94,
                  "end": 122,
                  "loc": {
                    "start": {
                      "line": 6,
                      "column": 4
                    },
                    "end": {
                      "line": 6,
                      "column": 32
                    }
                  },
                  "method": false,
                  "shorthand": false,
                  "computed": false,
                  "key": {
                    "type": "Identifier",
                    "start": 94,
                    "end": 99,
                    "loc": {
                      "start": {
                        "line": 6,
                        "column": 4
                      },
                      "end": {
                        "line": 6,
                        "column": 9
                      },
                      "identifierName": "label"
                    },
                    "name": "label"
                  },
                  "value": {
                    "type": "StringLiteral",
                    "start": 101,
                    "end": 122,
                    "loc": {
                      "start": {
                        "line": 6,
                        "column": 11
                      },
                      "end": {
                        "line": 6,
                        "column": 32
                      }
                    },
                    "extra": {
                      "rawValue": "Use Locale Settings",
                      "raw": "'Use Locale Settings'"
                    },
                    "value": "Use Locale Settings"
                  }
                },
                {
                  "type": "ObjectProperty",
                  "start": 128,
                  "end": 184,
                  "loc": {
                    "start": {
                      "line": 7,
                      "column": 4
                    },
                    "end": {
                      "line": 7,
                      "column": 60
                    }
                  },
                  "method": false,
                  "shorthand": false,
                  "computed": false,
                  "key": {
                    "type": "Identifier",
                    "start": 128,
                    "end": 135,
                    "loc": {
                      "start": {
                        "line": 7,
                        "column": 4
                      },
                      "end": {
                        "line": 7,
                        "column": 11
                      },
                      "identifierName": "tooltip"
                    },
                    "name": "tooltip"
                  },
                  "value": {
                    "type": "StringLiteral",
                    "start": 137,
                    "end": 184,
                    "loc": {
                      "start": {
                        "line": 7,
                        "column": 13
                      },
                      "end": {
                        "line": 7,
                        "column": 60
                      }
                    },
                    "extra": {
                      "rawValue": "Use locale settings to display date and time.",
                      "raw": "'Use locale settings to display date and time.'"
                    },
                    "value": "Use locale settings to display date and time."
                  }
                },
                {
                  "type": "ObjectProperty",
                  "start": 190,
                  "end": 200,
                  "loc": {
                    "start": {
                      "line": 8,
                      "column": 4
                    },
                    "end": {
                      "line": 8,
                      "column": 14
                    }
                  },
                  "method": false,
                  "shorthand": false,
                  "computed": false,
                  "key": {
                    "type": "Identifier",
                    "start": 190,
                    "end": 196,
                    "loc": {
                      "start": {
                        "line": 8,
                        "column": 4
                      },
                      "end": {
                        "line": 8,
                        "column": 10
                      },
                      "identifierName": "weight"
                    },
                    "name": "weight"
                  },
                  "value": {
                    "type": "NumericLiteral",
                    "start": 198,
                    "end": 200,
                    "loc": {
                      "start": {
                        "line": 8,
                        "column": 12
                      },
                      "end": {
                        "line": 8,
                        "column": 14
                      }
                    },
                    "extra": {
                      "rawValue": 50,
                      "raw": "50"
                    },
                    "value": 50
                  }
                }
              ]
            },
            {
              "type": "ObjectExpression",
              "start": 208,
              "end": 408,
              "loc": {
                "start": {
                  "line": 10,
                  "column": 2
                },
                "end": {
                  "line": 18,
                  "column": 3
                }
              },
              "properties": [
                {
                  "type": "ObjectProperty",
                  "start": 214,
                  "end": 231,
                  "loc": {
                    "start": {
                      "line": 11,
                      "column": 4
                    },
                    "end": {
                      "line": 11,
                      "column": 21
                    }
                  },
                  "method": false,
                  "shorthand": false,
                  "computed": false,
                  "key": {
                    "type": "Identifier",
                    "start": 214,
                    "end": 218,
                    "loc": {
                      "start": {
                        "line": 11,
                        "column": 4
                      },
                      "end": {
                        "line": 11,
                        "column": 8
                      },
                      "identifierName": "type"
                    },
                    "name": "type"
                  },
                  "value": {
                    "type": "StringLiteral",
                    "start": 220,
                    "end": 231,
                    "loc": {
                      "start": {
                        "line": 11,
                        "column": 10
                      },
                      "end": {
                        "line": 11,
                        "column": 21
                      }
                    },
                    "extra": {
                      "rawValue": "textfield",
                      "raw": "'textfield'"
                    },
                    "value": "textfield"
                  }
                },
                {
                  "type": "ObjectProperty",
                  "start": 237,
                  "end": 248,
                  "loc": {
                    "start": {
                      "line": 12,
                      "column": 4
                    },
                    "end": {
                      "line": 12,
                      "column": 15
                    }
                  },
                  "method": false,
                  "shorthand": false,
                  "computed": false,
                  "key": {
                    "type": "Identifier",
                    "start": 237,
                    "end": 242,
                    "loc": {
                      "start": {
                        "line": 12,
                        "column": 4
                      },
                      "end": {
                        "line": 12,
                        "column": 9
                      },
                      "identifierName": "input"
                    },
                    "name": "input"
                  },
                  "value": {
                    "type": "BooleanLiteral",
                    "start": 244,
                    "end": 248,
                    "loc": {
                      "start": {
                        "line": 12,
                        "column": 11
                      },
                      "end": {
                        "line": 12,
                        "column": 15
                      }
                    },
                    "value": true
                  }
                },
                {
                  "type": "ObjectProperty",
                  "start": 254,
                  "end": 267,
                  "loc": {
                    "start": {
                      "line": 13,
                      "column": 4
                    },
                    "end": {
                      "line": 13,
                      "column": 17
                    }
                  },
                  "method": false,
                  "shorthand": false,
                  "computed": false,
                  "key": {
                    "type": "Identifier",
                    "start": 254,
                    "end": 257,
                    "loc": {
                      "start": {
                        "line": 13,
                        "column": 4
                      },
                      "end": {
                        "line": 13,
                        "column": 7
                      },
                      "identifierName": "key"
                    },
                    "name": "key"
                  },
                  "value": {
                    "type": "StringLiteral",
                    "start": 259,
                    "end": 267,
                    "loc": {
                      "start": {
                        "line": 13,
                        "column": 9
                      },
                      "end": {
                        "line": 13,
                        "column": 17
                      }
                    },
                    "extra": {
                      "rawValue": "format",
                      "raw": "'format'"
                    },
                    "value": "format"
                  }
                },
                {
                  "type": "ObjectProperty",
                  "start": 273,
                  "end": 288,
                  "loc": {
                    "start": {
                      "line": 14,
                      "column": 4
                    },
                    "end": {
                      "line": 14,
                      "column": 19
                    }
                  },
                  "method": false,
                  "shorthand": false,
                  "computed": false,
                  "key": {
                    "type": "Identifier",
                    "start": 273,
                    "end": 278,
                    "loc": {
                      "start": {
                        "line": 14,
                        "column": 4
                      },
                      "end": {
                        "line": 14,
                        "column": 9
                      },
                      "identifierName": "label"
                    },
                    "name": "label"
                  },
                  "value": {
                    "type": "StringLiteral",
                    "start": 280,
                    "end": 288,
                    "loc": {
                      "start": {
                        "line": 14,
                        "column": 11
                      },
                      "end": {
                        "line": 14,
                        "column": 19
                      }
                    },
                    "extra": {
                      "rawValue": "Format",
                      "raw": "'Format'"
                    },
                    "value": "Format"
                  }
                },
                {
                  "type": "ObjectProperty",
                  "start": 294,
                  "end": 315,
                  "loc": {
                    "start": {
                      "line": 15,
                      "column": 4
                    },
                    "end": {
                      "line": 15,
                      "column": 25
                    }
                  },
                  "method": false,
                  "shorthand": false,
                  "computed": false,
                  "key": {
                    "type": "Identifier",
                    "start": 294,
                    "end": 305,
                    "loc": {
                      "start": {
                        "line": 15,
                        "column": 4
                      },
                      "end": {
                        "line": 15,
                        "column": 15
                      },
                      "identifierName": "placeholder"
                    },
                    "name": "placeholder"
                  },
                  "value": {
                    "type": "StringLiteral",
                    "start": 307,
                    "end": 315,
                    "loc": {
                      "start": {
                        "line": 15,
                        "column": 17
                      },
                      "end": {
                        "line": 15,
                        "column": 25
                      }
                    },
                    "extra": {
                      "rawValue": "Format",
                      "raw": "'Format'"
                    },
                    "value": "Format"
                  }
                },
                {
                  "type": "ObjectProperty",
                  "start": 321,
                  "end": 388,
                  "loc": {
                    "start": {
                      "line": 16,
                      "column": 4
                    },
                    "end": {
                      "line": 16,
                      "column": 71
                    }
                  },
                  "method": false,
                  "shorthand": false,
                  "computed": false,
                  "key": {
                    "type": "Identifier",
                    "start": 321,
                    "end": 328,
                    "loc": {
                      "start": {
                        "line": 16,
                        "column": 4
                      },
                      "end": {
                        "line": 16,
                        "column": 11
                      },
                      "identifierName": "tooltip"
                    },
                    "name": "tooltip"
                  },
                  "value": {
                    "type": "StringLiteral",
                    "start": 330,
                    "end": 388,
                    "loc": {
                      "start": {
                        "line": 16,
                        "column": 13
                      },
                      "end": {
                        "line": 16,
                        "column": 71
                      }
                    },
                    "extra": {
                      "rawValue": "The moment.js format for saving the value of this field.",
                      "raw": "'The moment.js format for saving the value of this field.'"
                    },
                    "value": "The moment.js format for saving the value of this field."
                  }
                },
                {
                  "type": "ObjectProperty",
                  "start": 394,
                  "end": 404,
                  "loc": {
                    "start": {
                      "line": 17,
                      "column": 4
                    },
                    "end": {
                      "line": 17,
                      "column": 14
                    }
                  },
                  "method": false,
                  "shorthand": false,
                  "computed": false,
                  "key": {
                    "type": "Identifier",
                    "start": 394,
                    "end": 400,
                    "loc": {
                      "start": {
                        "line": 17,
                        "column": 4
                      },
                      "end": {
                        "line": 17,
                        "column": 10
                      },
                      "identifierName": "weight"
                    },
                    "name": "weight"
                  },
                  "value": {
                    "type": "NumericLiteral",
                    "start": 402,
                    "end": 404,
                    "loc": {
                      "start": {
                        "line": 17,
                        "column": 12
                      },
                      "end": {
                        "line": 17,
                        "column": 14
                      }
                    },
                    "extra": {
                      "rawValue": 51,
                      "raw": "51"
                    },
                    "value": 51
                  }
                }
              ]
            }
          ],
          "leadingComments": [],
          "trailingComments": []
        }
      }
    ],
    "directives": []
  },
  "comments": [],
  "tokens": [
    {
      "type": {
        "label": "export",
        "keyword": "export",
        "beforeExpr": false,
        "startsExpr": false,
        "rightAssociative": false,
        "isLoop": false,
        "isAssign": false,
        "prefix": false,
        "postfix": false,
        "binop": null,
        "updateContext": null
      },
      "value": "export",
      "start": 0,
      "end": 6,
      "loc": {
        "start": {
          "line": 1,
          "column": 0
        },
        "end": {
          "line": 1,
          "column": 6
        }
      }
    },
    {
      "type": {
        "label": "default",
        "keyword": "default",
        "beforeExpr": true,
        "startsExpr": false,
        "rightAssociative": false,
        "isLoop": false,
        "isAssign": false,
        "prefix": false,
        "postfix": false,
        "binop": null,
        "updateContext": null
      },
      "value": "default",
      "start": 7,
      "end": 14,
      "loc": {
        "start": {
          "line": 1,
          "column": 7
        },
        "end": {
          "line": 1,
          "column": 14
        }
      }
    },
    {
      "type": {
        "label": "[",
        "beforeExpr": true,
        "startsExpr": true,
        "rightAssociative": false,
        "isLoop": false,
        "isAssign": false,
        "prefix": false,
        "postfix": false,
        "binop": null,
        "updateContext": null
      },
      "start": 15,
      "end": 16,
      "loc": {
        "start": {
          "line": 1,
          "column": 15
        },
        "end": {
          "line": 1,
          "column": 16
        }
      }
    },
    {
      "type": {
        "label": "{",
        "beforeExpr": true,
        "startsExpr": true,
        "rightAssociative": false,
        "isLoop": false,
        "isAssign": false,
        "prefix": false,
        "postfix": false,
        "binop": null
      },
      "start": 19,
      "end": 20,
      "loc": {
        "start": {
          "line": 2,
          "column": 2
        },
        "end": {
          "line": 2,
          "column": 3
        }
      }
    },
    {
      "type": {
        "label": "name",
        "beforeExpr": false,
        "startsExpr": true,
        "rightAssociative": false,
        "isLoop": false,
        "isAssign": false,
        "prefix": false,
        "postfix": false,
        "binop": null
      },
      "value": "type",
      "start": 25,
      "end": 29,
      "loc": {
        "start": {
          "line": 3,
          "column": 4
        },
        "end": {
          "line": 3,
          "column": 8
        }
      }
    },
    {
      "type": {
        "label": ":",
        "beforeExpr": true,
        "startsExpr": false,
        "rightAssociative": false,
        "isLoop": false,
        "isAssign": false,
        "prefix": false,
        "postfix": false,
        "binop": null,
        "updateContext": null
      },
      "start": 29,
      "end": 30,
      "loc": {
        "start": {
          "line": 3,
          "column": 8
        },
        "end": {
          "line": 3,
          "column": 9
        }
      }
    },
    {
      "type": {
        "label": "string",
        "beforeExpr": false,
        "startsExpr": true,
        "rightAssociative": false,
        "isLoop": false,
        "isAssign": false,
        "prefix": false,
        "postfix": false,
        "binop": null,
        "updateContext": null
      },
      "value": "checkbox",
      "start": 31,
      "end": 41,
      "loc": {
        "start": {
          "line": 3,
          "column": 10
        },
        "end": {
          "line": 3,
          "column": 20
        }
      }
    },
    {
      "type": {
        "label": ",",
        "beforeExpr": true,
        "startsExpr": false,
        "rightAssociative": false,
        "isLoop": false,
        "isAssign": false,
        "prefix": false,
        "postfix": false,
        "binop": null,
        "updateContext": null
      },
      "start": 41,
      "end": 42,
      "loc": {
        "start": {
          "line": 3,
          "column": 20
        },
        "end": {
          "line": 3,
          "column": 21
        }
      }
    },
    {
      "type": {
        "label": "name",
        "beforeExpr": false,
        "startsExpr": true,
        "rightAssociative": false,
        "isLoop": false,
        "isAssign": false,
        "prefix": false,
        "postfix": false,
        "binop": null
      },
      "value": "input",
      "start": 47,
      "end": 52,
      "loc": {
        "start": {
          "line": 4,
          "column": 4
        },
        "end": {
          "line": 4,
          "column": 9
        }
      }
    },
    {
      "type": {
        "label": ":",
        "beforeExpr": true,
        "startsExpr": false,
        "rightAssociative": false,
        "isLoop": false,
        "isAssign": false,
        "prefix": false,
        "postfix": false,
        "binop": null,
        "updateContext": null
      },
      "start": 52,
      "end": 53,
      "loc": {
        "start": {
          "line": 4,
          "column": 9
        },
        "end": {
          "line": 4,
          "column": 10
        }
      }
    },
    {
      "type": {
        "label": "true",
        "keyword": "true",
        "beforeExpr": false,
        "startsExpr": true,
        "rightAssociative": false,
        "isLoop": false,
        "isAssign": false,
        "prefix": false,
        "postfix": false,
        "binop": null,
        "updateContext": null
      },
      "value": "true",
      "start": 54,
      "end": 58,
      "loc": {
        "start": {
          "line": 4,
          "column": 11
        },
        "end": {
          "line": 4,
          "column": 15
        }
      }
    },
    {
      "type": {
        "label": ",",
        "beforeExpr": true,
        "startsExpr": false,
        "rightAssociative": false,
        "isLoop": false,
        "isAssign": false,
        "prefix": false,
        "postfix": false,
        "binop": null,
        "updateContext": null
      },
      "start": 58,
      "end": 59,
      "loc": {
        "start": {
          "line": 4,
          "column": 15
        },
        "end": {
          "line": 4,
          "column": 16
        }
      }
    },
    {
      "type": {
        "label": "name",
        "beforeExpr": false,
        "startsExpr": true,
        "rightAssociative": false,
        "isLoop": false,
        "isAssign": false,
        "prefix": false,
        "postfix": false,
        "binop": null
      },
      "value": "key",
      "start": 64,
      "end": 67,
      "loc": {
        "start": {
          "line": 5,
          "column": 4
        },
        "end": {
          "line": 5,
          "column": 7
        }
      }
    },
    {
      "type": {
        "label": ":",
        "beforeExpr": true,
        "startsExpr": false,
        "rightAssociative": false,
        "isLoop": false,
        "isAssign": false,
        "prefix": false,
        "postfix": false,
        "binop": null,
        "updateContext": null
      },
      "start": 67,
      "end": 68,
      "loc": {
        "start": {
          "line": 5,
          "column": 7
        },
        "end": {
          "line": 5,
          "column": 8
        }
      }
    },
    {
      "type": {
        "label": "string",
        "beforeExpr": false,
        "startsExpr": true,
        "rightAssociative": false,
        "isLoop": false,
        "isAssign": false,
        "prefix": false,
        "postfix": false,
        "binop": null,
        "updateContext": null
      },
      "value": "useLocaleSettings",
      "start": 69,
      "end": 88,
      "loc": {
        "start": {
          "line": 5,
          "column": 9
        },
        "end": {
          "line": 5,
          "column": 28
        }
      }
    },
    {
      "type": {
        "label": ",",
        "beforeExpr": true,
        "startsExpr": false,
        "rightAssociative": false,
        "isLoop": false,
        "isAssign": false,
        "prefix": false,
        "postfix": false,
        "binop": null,
        "updateContext": null
      },
      "start": 88,
      "end": 89,
      "loc": {
        "start": {
          "line": 5,
          "column": 28
        },
        "end": {
          "line": 5,
          "column": 29
        }
      }
    },
    {
      "type": {
        "label": "name",
        "beforeExpr": false,
        "startsExpr": true,
        "rightAssociative": false,
        "isLoop": false,
        "isAssign": false,
        "prefix": false,
        "postfix": false,
        "binop": null
      },
      "value": "label",
      "start": 94,
      "end": 99,
      "loc": {
        "start": {
          "line": 6,
          "column": 4
        },
        "end": {
          "line": 6,
          "column": 9
        }
      }
    },
    {
      "type": {
        "label": ":",
        "beforeExpr": true,
        "startsExpr": false,
        "rightAssociative": false,
        "isLoop": false,
        "isAssign": false,
        "prefix": false,
        "postfix": false,
        "binop": null,
        "updateContext": null
      },
      "start": 99,
      "end": 100,
      "loc": {
        "start": {
          "line": 6,
          "column": 9
        },
        "end": {
          "line": 6,
          "column": 10
        }
      }
    },
    {
      "type": {
        "label": "string",
        "beforeExpr": false,
        "startsExpr": true,
        "rightAssociative": false,
        "isLoop": false,
        "isAssign": false,
        "prefix": false,
        "postfix": false,
        "binop": null,
        "updateContext": null
      },
      "value": "Use Locale Settings",
      "start": 101,
      "end": 122,
      "loc": {
        "start": {
          "line": 6,
          "column": 11
        },
        "end": {
          "line": 6,
          "column": 32
        }
      }
    },
    {
      "type": {
        "label": ",",
        "beforeExpr": true,
        "startsExpr": false,
        "rightAssociative": false,
        "isLoop": false,
        "isAssign": false,
        "prefix": false,
        "postfix": false,
        "binop": null,
        "updateContext": null
      },
      "start": 122,
      "end": 123,
      "loc": {
        "start": {
          "line": 6,
          "column": 32
        },
        "end": {
          "line": 6,
          "column": 33
        }
      }
    },
    {
      "type": {
        "label": "name",
        "beforeExpr": false,
        "startsExpr": true,
        "rightAssociative": false,
        "isLoop": false,
        "isAssign": false,
        "prefix": false,
        "postfix": false,
        "binop": null
      },
      "value": "tooltip",
      "start": 128,
      "end": 135,
      "loc": {
        "start": {
          "line": 7,
          "column": 4
        },
        "end": {
          "line": 7,
          "column": 11
        }
      }
    },
    {
      "type": {
        "label": ":",
        "beforeExpr": true,
        "startsExpr": false,
        "rightAssociative": false,
        "isLoop": false,
        "isAssign": false,
        "prefix": false,
        "postfix": false,
        "binop": null,
        "updateContext": null
      },
      "start": 135,
      "end": 136,
      "loc": {
        "start": {
          "line": 7,
          "column": 11
        },
        "end": {
          "line": 7,
          "column": 12
        }
      }
    },
    {
      "type": {
        "label": "string",
        "beforeExpr": false,
        "startsExpr": true,
        "rightAssociative": false,
        "isLoop": false,
        "isAssign": false,
        "prefix": false,
        "postfix": false,
        "binop": null,
        "updateContext": null
      },
      "value": "Use locale settings to display date and time.",
      "start": 137,
      "end": 184,
      "loc": {
        "start": {
          "line": 7,
          "column": 13
        },
        "end": {
          "line": 7,
          "column": 60
        }
      }
    },
    {
      "type": {
        "label": ",",
        "beforeExpr": true,
        "startsExpr": false,
        "rightAssociative": false,
        "isLoop": false,
        "isAssign": false,
        "prefix": false,
        "postfix": false,
        "binop": null,
        "updateContext": null
      },
      "start": 184,
      "end": 185,
      "loc": {
        "start": {
          "line": 7,
          "column": 60
        },
        "end": {
          "line": 7,
          "column": 61
        }
      }
    },
    {
      "type": {
        "label": "name",
        "beforeExpr": false,
        "startsExpr": true,
        "rightAssociative": false,
        "isLoop": false,
        "isAssign": false,
        "prefix": false,
        "postfix": false,
        "binop": null
      },
      "value": "weight",
      "start": 190,
      "end": 196,
      "loc": {
        "start": {
          "line": 8,
          "column": 4
        },
        "end": {
          "line": 8,
          "column": 10
        }
      }
    },
    {
      "type": {
        "label": ":",
        "beforeExpr": true,
        "startsExpr": false,
        "rightAssociative": false,
        "isLoop": false,
        "isAssign": false,
        "prefix": false,
        "postfix": false,
        "binop": null,
        "updateContext": null
      },
      "start": 196,
      "end": 197,
      "loc": {
        "start": {
          "line": 8,
          "column": 10
        },
        "end": {
          "line": 8,
          "column": 11
        }
      }
    },
    {
      "type": {
        "label": "num",
        "beforeExpr": false,
        "startsExpr": true,
        "rightAssociative": false,
        "isLoop": false,
        "isAssign": false,
        "prefix": false,
        "postfix": false,
        "binop": null,
        "updateContext": null
      },
      "value": 50,
      "start": 198,
      "end": 200,
      "loc": {
        "start": {
          "line": 8,
          "column": 12
        },
        "end": {
          "line": 8,
          "column": 14
        }
      }
    },
    {
      "type": {
        "label": "}",
        "beforeExpr": false,
        "startsExpr": false,
        "rightAssociative": false,
        "isLoop": false,
        "isAssign": false,
        "prefix": false,
        "postfix": false,
        "binop": null
      },
      "start": 203,
      "end": 204,
      "loc": {
        "start": {
          "line": 9,
          "column": 2
        },
        "end": {
          "line": 9,
          "column": 3
        }
      }
    },
    {
      "type": {
        "label": ",",
        "beforeExpr": true,
        "startsExpr": false,
        "rightAssociative": false,
        "isLoop": false,
        "isAssign": false,
        "prefix": false,
        "postfix": false,
        "binop": null,
        "updateContext": null
      },
      "start": 204,
      "end": 205,
      "loc": {
        "start": {
          "line": 9,
          "column": 3
        },
        "end": {
          "line": 9,
          "column": 4
        }
      }
    },
    {
      "type": {
        "label": "{",
        "beforeExpr": true,
        "startsExpr": true,
        "rightAssociative": false,
        "isLoop": false,
        "isAssign": false,
        "prefix": false,
        "postfix": false,
        "binop": null
      },
      "start": 208,
      "end": 209,
      "loc": {
        "start": {
          "line": 10,
          "column": 2
        },
        "end": {
          "line": 10,
          "column": 3
        }
      }
    },
    {
      "type": {
        "label": "name",
        "beforeExpr": false,
        "startsExpr": true,
        "rightAssociative": false,
        "isLoop": false,
        "isAssign": false,
        "prefix": false,
        "postfix": false,
        "binop": null
      },
      "value": "type",
      "start": 214,
      "end": 218,
      "loc": {
        "start": {
          "line": 11,
          "column": 4
        },
        "end": {
          "line": 11,
          "column": 8
        }
      }
    },
    {
      "type": {
        "label": ":",
        "beforeExpr": true,
        "startsExpr": false,
        "rightAssociative": false,
        "isLoop": false,
        "isAssign": false,
        "prefix": false,
        "postfix": false,
        "binop": null,
        "updateContext": null
      },
      "start": 218,
      "end": 219,
      "loc": {
        "start": {
          "line": 11,
          "column": 8
        },
        "end": {
          "line": 11,
          "column": 9
        }
      }
    },
    {
      "type": {
        "label": "string",
        "beforeExpr": false,
        "startsExpr": true,
        "rightAssociative": false,
        "isLoop": false,
        "isAssign": false,
        "prefix": false,
        "postfix": false,
        "binop": null,
        "updateContext": null
      },
      "value": "textfield",
      "start": 220,
      "end": 231,
      "loc": {
        "start": {
          "line": 11,
          "column": 10
        },
        "end": {
          "line": 11,
          "column": 21
        }
      }
    },
    {
      "type": {
        "label": ",",
        "beforeExpr": true,
        "startsExpr": false,
        "rightAssociative": false,
        "isLoop": false,
        "isAssign": false,
        "prefix": false,
        "postfix": false,
        "binop": null,
        "updateContext": null
      },
      "start": 231,
      "end": 232,
      "loc": {
        "start": {
          "line": 11,
          "column": 21
        },
        "end": {
          "line": 11,
          "column": 22
        }
      }
    },
    {
      "type": {
        "label": "name",
        "beforeExpr": false,
        "startsExpr": true,
        "rightAssociative": false,
        "isLoop": false,
        "isAssign": false,
        "prefix": false,
        "postfix": false,
        "binop": null
      },
      "value": "input",
      "start": 237,
      "end": 242,
      "loc": {
        "start": {
          "line": 12,
          "column": 4
        },
        "end": {
          "line": 12,
          "column": 9
        }
      }
    },
    {
      "type": {
        "label": ":",
        "beforeExpr": true,
        "startsExpr": false,
        "rightAssociative": false,
        "isLoop": false,
        "isAssign": false,
        "prefix": false,
        "postfix": false,
        "binop": null,
        "updateContext": null
      },
      "start": 242,
      "end": 243,
      "loc": {
        "start": {
          "line": 12,
          "column": 9
        },
        "end": {
          "line": 12,
          "column": 10
        }
      }
    },
    {
      "type": {
        "label": "true",
        "keyword": "true",
        "beforeExpr": false,
        "startsExpr": true,
        "rightAssociative": false,
        "isLoop": false,
        "isAssign": false,
        "prefix": false,
        "postfix": false,
        "binop": null,
        "updateContext": null
      },
      "value": "true",
      "start": 244,
      "end": 248,
      "loc": {
        "start": {
          "line": 12,
          "column": 11
        },
        "end": {
          "line": 12,
          "column": 15
        }
      }
    },
    {
      "type": {
        "label": ",",
        "beforeExpr": true,
        "startsExpr": false,
        "rightAssociative": false,
        "isLoop": false,
        "isAssign": false,
        "prefix": false,
        "postfix": false,
        "binop": null,
        "updateContext": null
      },
      "start": 248,
      "end": 249,
      "loc": {
        "start": {
          "line": 12,
          "column": 15
        },
        "end": {
          "line": 12,
          "column": 16
        }
      }
    },
    {
      "type": {
        "label": "name",
        "beforeExpr": false,
        "startsExpr": true,
        "rightAssociative": false,
        "isLoop": false,
        "isAssign": false,
        "prefix": false,
        "postfix": false,
        "binop": null
      },
      "value": "key",
      "start": 254,
      "end": 257,
      "loc": {
        "start": {
          "line": 13,
          "column": 4
        },
        "end": {
          "line": 13,
          "column": 7
        }
      }
    },
    {
      "type": {
        "label": ":",
        "beforeExpr": true,
        "startsExpr": false,
        "rightAssociative": false,
        "isLoop": false,
        "isAssign": false,
        "prefix": false,
        "postfix": false,
        "binop": null,
        "updateContext": null
      },
      "start": 257,
      "end": 258,
      "loc": {
        "start": {
          "line": 13,
          "column": 7
        },
        "end": {
          "line": 13,
          "column": 8
        }
      }
    },
    {
      "type": {
        "label": "string",
        "beforeExpr": false,
        "startsExpr": true,
        "rightAssociative": false,
        "isLoop": false,
        "isAssign": false,
        "prefix": false,
        "postfix": false,
        "binop": null,
        "updateContext": null
      },
      "value": "format",
      "start": 259,
      "end": 267,
      "loc": {
        "start": {
          "line": 13,
          "column": 9
        },
        "end": {
          "line": 13,
          "column": 17
        }
      }
    },
    {
      "type": {
        "label": ",",
        "beforeExpr": true,
        "startsExpr": false,
        "rightAssociative": false,
        "isLoop": false,
        "isAssign": false,
        "prefix": false,
        "postfix": false,
        "binop": null,
        "updateContext": null
      },
      "start": 267,
      "end": 268,
      "loc": {
        "start": {
          "line": 13,
          "column": 17
        },
        "end": {
          "line": 13,
          "column": 18
        }
      }
    },
    {
      "type": {
        "label": "name",
        "beforeExpr": false,
        "startsExpr": true,
        "rightAssociative": false,
        "isLoop": false,
        "isAssign": false,
        "prefix": false,
        "postfix": false,
        "binop": null
      },
      "value": "label",
      "start": 273,
      "end": 278,
      "loc": {
        "start": {
          "line": 14,
          "column": 4
        },
        "end": {
          "line": 14,
          "column": 9
        }
      }
    },
    {
      "type": {
        "label": ":",
        "beforeExpr": true,
        "startsExpr": false,
        "rightAssociative": false,
        "isLoop": false,
        "isAssign": false,
        "prefix": false,
        "postfix": false,
        "binop": null,
        "updateContext": null
      },
      "start": 278,
      "end": 279,
      "loc": {
        "start": {
          "line": 14,
          "column": 9
        },
        "end": {
          "line": 14,
          "column": 10
        }
      }
    },
    {
      "type": {
        "label": "string",
        "beforeExpr": false,
        "startsExpr": true,
        "rightAssociative": false,
        "isLoop": false,
        "isAssign": false,
        "prefix": false,
        "postfix": false,
        "binop": null,
        "updateContext": null
      },
      "value": "Format",
      "start": 280,
      "end": 288,
      "loc": {
        "start": {
          "line": 14,
          "column": 11
        },
        "end": {
          "line": 14,
          "column": 19
        }
      }
    },
    {
      "type": {
        "label": ",",
        "beforeExpr": true,
        "startsExpr": false,
        "rightAssociative": false,
        "isLoop": false,
        "isAssign": false,
        "prefix": false,
        "postfix": false,
        "binop": null,
        "updateContext": null
      },
      "start": 288,
      "end": 289,
      "loc": {
        "start": {
          "line": 14,
          "column": 19
        },
        "end": {
          "line": 14,
          "column": 20
        }
      }
    },
    {
      "type": {
        "label": "name",
        "beforeExpr": false,
        "startsExpr": true,
        "rightAssociative": false,
        "isLoop": false,
        "isAssign": false,
        "prefix": false,
        "postfix": false,
        "binop": null
      },
      "value": "placeholder",
      "start": 294,
      "end": 305,
      "loc": {
        "start": {
          "line": 15,
          "column": 4
        },
        "end": {
          "line": 15,
          "column": 15
        }
      }
    },
    {
      "type": {
        "label": ":",
        "beforeExpr": true,
        "startsExpr": false,
        "rightAssociative": false,
        "isLoop": false,
        "isAssign": false,
        "prefix": false,
        "postfix": false,
        "binop": null,
        "updateContext": null
      },
      "start": 305,
      "end": 306,
      "loc": {
        "start": {
          "line": 15,
          "column": 15
        },
        "end": {
          "line": 15,
          "column": 16
        }
      }
    },
    {
      "type": {
        "label": "string",
        "beforeExpr": false,
        "startsExpr": true,
        "rightAssociative": false,
        "isLoop": false,
        "isAssign": false,
        "prefix": false,
        "postfix": false,
        "binop": null,
        "updateContext": null
      },
      "value": "Format",
      "start": 307,
      "end": 315,
      "loc": {
        "start": {
          "line": 15,
          "column": 17
        },
        "end": {
          "line": 15,
          "column": 25
        }
      }
    },
    {
      "type": {
        "label": ",",
        "beforeExpr": true,
        "startsExpr": false,
        "rightAssociative": false,
        "isLoop": false,
        "isAssign": false,
        "prefix": false,
        "postfix": false,
        "binop": null,
        "updateContext": null
      },
      "start": 315,
      "end": 316,
      "loc": {
        "start": {
          "line": 15,
          "column": 25
        },
        "end": {
          "line": 15,
          "column": 26
        }
      }
    },
    {
      "type": {
        "label": "name",
        "beforeExpr": false,
        "startsExpr": true,
        "rightAssociative": false,
        "isLoop": false,
        "isAssign": false,
        "prefix": false,
        "postfix": false,
        "binop": null
      },
      "value": "tooltip",
      "start": 321,
      "end": 328,
      "loc": {
        "start": {
          "line": 16,
          "column": 4
        },
        "end": {
          "line": 16,
          "column": 11
        }
      }
    },
    {
      "type": {
        "label": ":",
        "beforeExpr": true,
        "startsExpr": false,
        "rightAssociative": false,
        "isLoop": false,
        "isAssign": false,
        "prefix": false,
        "postfix": false,
        "binop": null,
        "updateContext": null
      },
      "start": 328,
      "end": 329,
      "loc": {
        "start": {
          "line": 16,
          "column": 11
        },
        "end": {
          "line": 16,
          "column": 12
        }
      }
    },
    {
      "type": {
        "label": "string",
        "beforeExpr": false,
        "startsExpr": true,
        "rightAssociative": false,
        "isLoop": false,
        "isAssign": false,
        "prefix": false,
        "postfix": false,
        "binop": null,
        "updateContext": null
      },
      "value": "The moment.js format for saving the value of this field.",
      "start": 330,
      "end": 388,
      "loc": {
        "start": {
          "line": 16,
          "column": 13
        },
        "end": {
          "line": 16,
          "column": 71
        }
      }
    },
    {
      "type": {
        "label": ",",
        "beforeExpr": true,
        "startsExpr": false,
        "rightAssociative": false,
        "isLoop": false,
        "isAssign": false,
        "prefix": false,
        "postfix": false,
        "binop": null,
        "updateContext": null
      },
      "start": 388,
      "end": 389,
      "loc": {
        "start": {
          "line": 16,
          "column": 71
        },
        "end": {
          "line": 16,
          "column": 72
        }
      }
    },
    {
      "type": {
        "label": "name",
        "beforeExpr": false,
        "startsExpr": true,
        "rightAssociative": false,
        "isLoop": false,
        "isAssign": false,
        "prefix": false,
        "postfix": false,
        "binop": null
      },
      "value": "weight",
      "start": 394,
      "end": 400,
      "loc": {
        "start": {
          "line": 17,
          "column": 4
        },
        "end": {
          "line": 17,
          "column": 10
        }
      }
    },
    {
      "type": {
        "label": ":",
        "beforeExpr": true,
        "startsExpr": false,
        "rightAssociative": false,
        "isLoop": false,
        "isAssign": false,
        "prefix": false,
        "postfix": false,
        "binop": null,
        "updateContext": null
      },
      "start": 400,
      "end": 401,
      "loc": {
        "start": {
          "line": 17,
          "column": 10
        },
        "end": {
          "line": 17,
          "column": 11
        }
      }
    },
    {
      "type": {
        "label": "num",
        "beforeExpr": false,
        "startsExpr": true,
        "rightAssociative": false,
        "isLoop": false,
        "isAssign": false,
        "prefix": false,
        "postfix": false,
        "binop": null,
        "updateContext": null
      },
      "value": 51,
      "start": 402,
      "end": 404,
      "loc": {
        "start": {
          "line": 17,
          "column": 12
        },
        "end": {
          "line": 17,
          "column": 14
        }
      }
    },
    {
      "type": {
        "label": "}",
        "beforeExpr": false,
        "startsExpr": false,
        "rightAssociative": false,
        "isLoop": false,
        "isAssign": false,
        "prefix": false,
        "postfix": false,
        "binop": null
      },
      "start": 407,
      "end": 408,
      "loc": {
        "start": {
          "line": 18,
          "column": 2
        },
        "end": {
          "line": 18,
          "column": 3
        }
      }
    },
    {
      "type": {
        "label": "]",
        "beforeExpr": false,
        "startsExpr": false,
        "rightAssociative": false,
        "isLoop": false,
        "isAssign": false,
        "prefix": false,
        "postfix": false,
        "binop": null,
        "updateContext": null
      },
      "start": 409,
      "end": 410,
      "loc": {
        "start": {
          "line": 19,
          "column": 0
        },
        "end": {
          "line": 19,
          "column": 1
        }
      }
    },
    {
      "type": {
        "label": ";",
        "beforeExpr": true,
        "startsExpr": false,
        "rightAssociative": false,
        "isLoop": false,
        "isAssign": false,
        "prefix": false,
        "postfix": false,
        "binop": null,
        "updateContext": null
      },
      "start": 410,
      "end": 411,
      "loc": {
        "start": {
          "line": 19,
          "column": 1
        },
        "end": {
          "line": 19,
          "column": 2
        }
      }
    },
    {
      "type": {
        "label": "eof",
        "beforeExpr": false,
        "startsExpr": false,
        "rightAssociative": false,
        "isLoop": false,
        "isAssign": false,
        "prefix": false,
        "postfix": false,
        "binop": null,
        "updateContext": null
      },
      "start": 412,
      "end": 412,
      "loc": {
        "start": {
          "line": 20,
          "column": 0
        },
        "end": {
          "line": 20,
          "column": 0
        }
      }
    }
  ]
}