{
  "type": "File",
  "start": 0,
  "end": 397,
  "loc": {
    "start": {
      "line": 1,
      "column": 0
    },
    "end": {
      "line": 18,
      "column": 0
    }
  },
  "program": {
    "type": "Program",
    "start": 0,
    "end": 397,
    "loc": {
      "start": {
        "line": 1,
        "column": 0
      },
      "end": {
        "line": 18,
        "column": 0
      }
    },
    "sourceType": "module",
    "body": [
      {
        "type": "ImportDeclaration",
        "start": 0,
        "end": 45,
        "loc": {
          "start": {
            "line": 1,
            "column": 0
          },
          "end": {
            "line": 1,
            "column": 45
          }
        },
        "specifiers": [
          {
            "type": "ImportDefaultSpecifier",
            "start": 7,
            "end": 19,
            "loc": {
              "start": {
                "line": 1,
                "column": 7
              },
              "end": {
                "line": 1,
                "column": 19
              }
            },
            "local": {
              "type": "Identifier",
              "start": 7,
              "end": 19,
              "loc": {
                "start": {
                  "line": 1,
                  "column": 7
                },
                "end": {
                  "line": 1,
                  "column": 19
                },
                "identifierName": "baseEditForm"
              },
              "name": "baseEditForm"
            }
          }
        ],
        "source": {
          "type": "StringLiteral",
          "start": 25,
          "end": 44,
          "loc": {
            "start": {
              "line": 1,
              "column": 25
            },
            "end": {
              "line": 1,
              "column": 44
            }
          },
          "extra": {
            "rawValue": "../base/Base.form",
            "raw": "'../base/Base.form'"
          },
          "value": "../base/Base.form"
        }
      },
      {
        "type": "ImportDeclaration",
        "start": 47,
        "end": 104,
        "loc": {
          "start": {
            "line": 3,
            "column": 0
          },
          "end": {
            "line": 3,
            "column": 57
          }
        },
        "specifiers": [
          {
            "type": "ImportDefaultSpecifier",
            "start": 54,
            "end": 68,
            "loc": {
              "start": {
                "line": 3,
                "column": 7
              },
              "end": {
                "line": 3,
                "column": 21
              }
            },
            "local": {
              "type": "Identifier",
              "start": 54,
              "end": 68,
              "loc": {
                "start": {
                  "line": 3,
                  "column": 7
                },
                "end": {
                  "line": 3,
                  "column": 21
                },
                "identifierName": "SelectEditData"
              },
              "name": "SelectEditData"
            }
          }
        ],
        "source": {
          "type": "StringLiteral",
          "start": 74,
          "end": 103,
          "loc": {
            "start": {
              "line": 3,
              "column": 27
            },
            "end": {
              "line": 3,
              "column": 56
            }
          },
          "extra": {
            "rawValue": "./editForm/Select.edit.data",
            "raw": "'./editForm/Select.edit.data'"
          },
          "value": "./editForm/Select.edit.data"
        }
      },
      {
        "type": "ImportDeclaration",
        "start": 105,
        "end": 174,
        "loc": {
          "start": {
            "line": 4,
            "column": 0
          },
          "end": {
            "line": 4,
            "column": 69
          }
        },
        "specifiers": [
          {
            "type": "ImportDefaultSpecifier",
            "start": 112,
            "end": 132,
            "loc": {
              "start": {
                "line": 4,
                "column": 7
              },
              "end": {
                "line": 4,
                "column": 27
              }
            },
            "local": {
              "type": "Identifier",
              "start": 112,
              "end": 132,
              "loc": {
                "start": {
                  "line": 4,
                  "column": 7
                },
                "end": {
                  "line": 4,
                  "column": 27
                },
                "identifierName": "SelectEditValidation"
              },
              "name": "SelectEditValidation"
            }
          }
        ],
        "source": {
          "type": "StringLiteral",
          "start": 138,
          "end": 173,
          "loc": {
            "start": {
              "line": 4,
              "column": 33
            },
            "end": {
              "line": 4,
              "column": 68
            }
          },
          "extra": {
            "rawValue": "./editForm/Select.edit.validation",
            "raw": "'./editForm/Select.edit.validation'"
          },
          "value": "./editForm/Select.edit.validation"
        }
      },
      {
        "type": "ExportDefaultDeclaration",
        "start": 176,
        "end": 396,
        "loc": {
          "start": {
            "line": 6,
            "column": 0
          },
          "end": {
            "line": 17,
            "column": 1
          }
        },
        "declaration": {
          "type": "FunctionDeclaration",
          "start": 191,
          "end": 396,
          "loc": {
            "start": {
              "line": 6,
              "column": 15
            },
            "end": {
              "line": 17,
              "column": 1
            }
          },
          "id": null,
          "generator": false,
          "expression": false,
          "async": false,
          "params": [
            {
              "type": "RestElement",
              "start": 200,
              "end": 209,
              "loc": {
                "start": {
                  "line": 6,
                  "column": 24
                },
                "end": {
                  "line": 6,
                  "column": 33
                }
              },
              "argument": {
                "type": "Identifier",
                "start": 203,
                "end": 209,
                "loc": {
                  "start": {
                    "line": 6,
                    "column": 27
                  },
                  "end": {
                    "line": 6,
                    "column": 33
                  },
                  "identifierName": "extend"
                },
                "name": "extend"
              }
            }
          ],
          "body": {
            "type": "BlockStatement",
            "start": 211,
            "end": 396,
            "loc": {
              "start": {
                "line": 6,
                "column": 35
              },
              "end": {
                "line": 17,
                "column": 1
              }
            },
            "body": [
              {
                "type": "ReturnStatement",
                "start": 215,
                "end": 394,
                "loc": {
                  "start": {
                    "line": 7,
                    "column": 2
                  },
                  "end": {
                    "line": 16,
                    "column": 5
                  }
                },
                "argument": {
                  "type": "CallExpression",
                  "start": 222,
                  "end": 393,
                  "loc": {
                    "start": {
                      "line": 7,
                      "column": 9
                    },
                    "end": {
                      "line": 16,
                      "column": 4
                    }
                  },
                  "callee": {
                    "type": "Identifier",
                    "start": 222,
                    "end": 234,
                    "loc": {
                      "start": {
                        "line": 7,
                        "column": 9
                      },
                      "end": {
                        "line": 7,
                        "column": 21
                      },
                      "identifierName": "baseEditForm"
                    },
                    "name": "baseEditForm"
                  },
                  "arguments": [
                    {
                      "type": "SpreadElement",
                      "start": 235,
                      "end": 244,
                      "loc": {
                        "start": {
                          "line": 7,
                          "column": 22
                        },
                        "end": {
                          "line": 7,
                          "column": 31
                        }
                      },
                      "argument": {
                        "type": "Identifier",
                        "start": 238,
                        "end": 244,
                        "loc": {
                          "start": {
                            "line": 7,
                            "column": 25
                          },
                          "end": {
                            "line": 7,
                            "column": 31
                          },
                          "identifierName": "extend"
                        },
                        "name": "extend"
                      }
                    },
                    {
                      "type": "ArrayExpression",
                      "start": 246,
                      "end": 392,
                      "loc": {
                        "start": {
                          "line": 7,
                          "column": 33
                        },
                        "end": {
                          "line": 16,
                          "column": 3
                        }
                      },
                      "elements": [
                        {
                          "type": "ObjectExpression",
                          "start": 252,
                          "end": 311,
                          "loc": {
                            "start": {
                              "line": 8,
                              "column": 4
                            },
                            "end": {
                              "line": 11,
                              "column": 5
                            }
                          },
                          "properties": [
                            {
                              "type": "ObjectProperty",
                              "start": 260,
                              "end": 271,
                              "loc": {
                                "start": {
                                  "line": 9,
                                  "column": 6
                                },
                                "end": {
                                  "line": 9,
                                  "column": 17
                                }
                              },
                              "method": false,
                              "shorthand": false,
                              "computed": false,
                              "key": {
                                "type": "Identifier",
                                "start": 260,
                                "end": 263,
                                "loc": {
                                  "start": {
                                    "line": 9,
                                    "column": 6
                                  },
                                  "end": {
                                    "line": 9,
                                    "column": 9
                                  },
                                  "identifierName": "key"
                                },
                                "name": "key"
                              },
                              "value": {
                                "type": "StringLiteral",
                                "start": 265,
                                "end": 271,
                                "loc": {
                                  "start": {
                                    "line": 9,
                                    "column": 11
                                  },
                                  "end": {
                                    "line": 9,
                                    "column": 17
                                  }
                                },
                                "extra": {
                                  "rawValue": "data",
                                  "raw": "'data'"
                                },
                                "value": "data"
                              }
                            },
                            {
                              "type": "ObjectProperty",
                              "start": 279,
                              "end": 305,
                              "loc": {
                                "start": {
                                  "line": 10,
                                  "column": 6
                                },
                                "end": {
                                  "line": 10,
                                  "column": 32
                                }
                              },
                              "method": false,
                              "shorthand": false,
                              "computed": false,
                              "key": {
                                "type": "Identifier",
                                "start": 279,
                                "end": 289,
                                "loc": {
                                  "start": {
                                    "line": 10,
                                    "column": 6
                                  },
                                  "end": {
                                    "line": 10,
                                    "column": 16
                                  },
                                  "identifierName": "components"
                                },
                                "name": "components"
                              },
                              "value": {
                                "type": "Identifier",
                                "start": 291,
                                "end": 305,
                                "loc": {
                                  "start": {
                                    "line": 10,
                                    "column": 18
                                  },
                                  "end": {
                                    "line": 10,
                                    "column": 32
                                  },
                                  "identifierName": "SelectEditData"
                                },
                                "name": "SelectEditData"
                              }
                            }
                          ]
                        },
                        {
                          "type": "ObjectExpression",
                          "start": 317,
                          "end": 388,
                          "loc": {
                            "start": {
                              "line": 12,
                              "column": 4
                            },
                            "end": {
                              "line": 15,
                              "column": 5
                            }
                          },
                          "properties": [
                            {
                              "type": "ObjectProperty",
                              "start": 325,
                              "end": 342,
                              "loc": {
                                "start": {
                                  "line": 13,
                                  "column": 6
                                },
                                "end": {
                                  "line": 13,
                                  "column": 23
                                }
                              },
                              "method": false,
                              "shorthand": false,
                              "computed": false,
                              "key": {
                                "type": "Identifier",
                                "start": 325,
                                "end": 328,
                                "loc": {
                                  "start": {
                                    "line": 13,
                                    "column": 6
                                  },
                                  "end": {
                                    "line": 13,
                                    "column": 9
                                  },
                                  "identifierName": "key"
                                },
                                "name": "key"
                              },
                              "value": {
                                "type": "StringLiteral",
                                "start": 330,
                                "end": 342,
                                "loc": {
                                  "start": {
                                    "line": 13,
                                    "column": 11
                                  },
                                  "end": {
                                    "line": 13,
                                    "column": 23
                                  }
                                },
                                "extra": {
                                  "rawValue": "validation",
                                  "raw": "'validation'"
                                },
                                "value": "validation"
                              }
                            },
                            {
                              "type": "ObjectProperty",
                              "start": 350,
                              "end": 382,
                              "loc": {
                                "start": {
                                  "line": 14,
                                  "column": 6
                                },
                                "end": {
                                  "line": 14,
                                  "column": 38
                                }
                              },
                              "method": false,
                              "shorthand": false,
                              "computed": false,
                              "key": {
                                "type": "Identifier",
                                "start": 350,
                                "end": 360,
                                "loc": {
                                  "start": {
                                    "line": 14,
                                    "column": 6
                                  },
                                  "end": {
                                    "line": 14,
                                    "column": 16
                                  },
                                  "identifierName": "components"
                                },
                                "name": "components"
                              },
                              "value": {
                                "type": "Identifier",
                                "start": 362,
                                "end": 382,
                                "loc": {
                                  "start": {
                                    "line": 14,
                                    "column": 18
                                  },
                                  "end": {
                                    "line": 14,
                                    "column": 38
                                  },
                                  "identifierName": "SelectEditValidation"
                                },
                                "name": "SelectEditValidation"
                              }
                            }
                          ]
                        }
                      ]
                    }
                  ]
                }
              }
            ],
            "directives": []
          },
          "leadingComments": [],
          "trailingComments": []
        }
      }
    ],
    "directives": []
  },
  "comments": [],
  "tokens": [
    {
      "type": {
        "label": "import",
        "keyword": "import",
        "beforeExpr": false,
        "startsExpr": true,
        "rightAssociative": false,
        "isLoop": false,
        "isAssign": false,
        "prefix": false,
        "postfix": false,
        "binop": null,
        "updateContext": null
      },
      "value": "import",
      "start": 0,
      "end": 6,
      "loc": {
        "start": {
          "line": 1,
          "column": 0
        },
        "end": {
          "line": 1,
          "column": 6
        }
      }
    },
    {
      "type": {
        "label": "name",
        "beforeExpr": false,
        "startsExpr": true,
        "rightAssociative": false,
        "isLoop": false,
        "isAssign": false,
        "prefix": false,
        "postfix": false,
        "binop": null
      },
      "value": "baseEditForm",
      "start": 7,
      "end": 19,
      "loc": {
        "start": {
          "line": 1,
          "column": 7
        },
        "end": {
          "line": 1,
          "column": 19
        }
      }
    },
    {
      "type": {
        "label": "name",
        "beforeExpr": false,
        "startsExpr": true,
        "rightAssociative": false,
        "isLoop": false,
        "isAssign": false,
        "prefix": false,
        "postfix": false,
        "binop": null
      },
      "value": "from",
      "start": 20,
      "end": 24,
      "loc": {
        "start": {
          "line": 1,
          "column": 20
        },
        "end": {
          "line": 1,
          "column": 24
        }
      }
    },
    {
      "type": {
        "label": "string",
        "beforeExpr": false,
        "startsExpr": true,
        "rightAssociative": false,
        "isLoop": false,
        "isAssign": false,
        "prefix": false,
        "postfix": false,
        "binop": null,
        "updateContext": null
      },
      "value": "../base/Base.form",
      "start": 25,
      "end": 44,
      "loc": {
        "start": {
          "line": 1,
          "column": 25
        },
        "end": {
          "line": 1,
          "column": 44
        }
      }
    },
    {
      "type": {
        "label": ";",
        "beforeExpr": true,
        "startsExpr": false,
        "rightAssociative": false,
        "isLoop": false,
        "isAssign": false,
        "prefix": false,
        "postfix": false,
        "binop": null,
        "updateContext": null
      },
      "start": 44,
      "end": 45,
      "loc": {
        "start": {
          "line": 1,
          "column": 44
        },
        "end": {
          "line": 1,
          "column": 45
        }
      }
    },
    {
      "type": {
        "label": "import",
        "keyword": "import",
        "beforeExpr": false,
        "startsExpr": true,
        "rightAssociative": false,
        "isLoop": false,
        "isAssign": false,
        "prefix": false,
        "postfix": false,
        "binop": null,
        "updateContext": null
      },
      "value": "import",
      "start": 47,
      "end": 53,
      "loc": {
        "start": {
          "line": 3,
          "column": 0
        },
        "end": {
          "line": 3,
          "column": 6
        }
      }
    },
    {
      "type": {
        "label": "name",
        "beforeExpr": false,
        "startsExpr": true,
        "rightAssociative": false,
        "isLoop": false,
        "isAssign": false,
        "prefix": false,
        "postfix": false,
        "binop": null
      },
      "value": "SelectEditData",
      "start": 54,
      "end": 68,
      "loc": {
        "start": {
          "line": 3,
          "column": 7
        },
        "end": {
          "line": 3,
          "column": 21
        }
      }
    },
    {
      "type": {
        "label": "name",
        "beforeExpr": false,
        "startsExpr": true,
        "rightAssociative": false,
        "isLoop": false,
        "isAssign": false,
        "prefix": false,
        "postfix": false,
        "binop": null
      },
      "value": "from",
      "start": 69,
      "end": 73,
      "loc": {
        "start": {
          "line": 3,
          "column": 22
        },
        "end": {
          "line": 3,
          "column": 26
        }
      }
    },
    {
      "type": {
        "label": "string",
        "beforeExpr": false,
        "startsExpr": true,
        "rightAssociative": false,
        "isLoop": false,
        "isAssign": false,
        "prefix": false,
        "postfix": false,
        "binop": null,
        "updateContext": null
      },
      "value": "./editForm/Select.edit.data",
      "start": 74,
      "end": 103,
      "loc": {
        "start": {
          "line": 3,
          "column": 27
        },
        "end": {
          "line": 3,
          "column": 56
        }
      }
    },
    {
      "type": {
        "label": ";",
        "beforeExpr": true,
        "startsExpr": false,
        "rightAssociative": false,
        "isLoop": false,
        "isAssign": false,
        "prefix": false,
        "postfix": false,
        "binop": null,
        "updateContext": null
      },
      "start": 103,
      "end": 104,
      "loc": {
        "start": {
          "line": 3,
          "column": 56
        },
        "end": {
          "line": 3,
          "column": 57
        }
      }
    },
    {
      "type": {
        "label": "import",
        "keyword": "import",
        "beforeExpr": false,
        "startsExpr": true,
        "rightAssociative": false,
        "isLoop": false,
        "isAssign": false,
        "prefix": false,
        "postfix": false,
        "binop": null,
        "updateContext": null
      },
      "value": "import",
      "start": 105,
      "end": 111,
      "loc": {
        "start": {
          "line": 4,
          "column": 0
        },
        "end": {
          "line": 4,
          "column": 6
        }
      }
    },
    {
      "type": {
        "label": "name",
        "beforeExpr": false,
        "startsExpr": true,
        "rightAssociative": false,
        "isLoop": false,
        "isAssign": false,
        "prefix": false,
        "postfix": false,
        "binop": null
      },
      "value": "SelectEditValidation",
      "start": 112,
      "end": 132,
      "loc": {
        "start": {
          "line": 4,
          "column": 7
        },
        "end": {
          "line": 4,
          "column": 27
        }
      }
    },
    {
      "type": {
        "label": "name",
        "beforeExpr": false,
        "startsExpr": true,
        "rightAssociative": false,
        "isLoop": false,
        "isAssign": false,
        "prefix": false,
        "postfix": false,
        "binop": null
      },
      "value": "from",
      "start": 133,
      "end": 137,
      "loc": {
        "start": {
          "line": 4,
          "column": 28
        },
        "end": {
          "line": 4,
          "column": 32
        }
      }
    },
    {
      "type": {
        "label": "string",
        "beforeExpr": false,
        "startsExpr": true,
        "rightAssociative": false,
        "isLoop": false,
        "isAssign": false,
        "prefix": false,
        "postfix": false,
        "binop": null,
        "updateContext": null
      },
      "value": "./editForm/Select.edit.validation",
      "start": 138,
      "end": 173,
      "loc": {
        "start": {
          "line": 4,
          "column": 33
        },
        "end": {
          "line": 4,
          "column": 68
        }
      }
    },
    {
      "type": {
        "label": ";",
        "beforeExpr": true,
        "startsExpr": false,
        "rightAssociative": false,
        "isLoop": false,
        "isAssign": false,
        "prefix": false,
        "postfix": false,
        "binop": null,
        "updateContext": null
      },
      "start": 173,
      "end": 174,
      "loc": {
        "start": {
          "line": 4,
          "column": 68
        },
        "end": {
          "line": 4,
          "column": 69
        }
      }
    },
    {
      "type": {
        "label": "export",
        "keyword": "export",
        "beforeExpr": false,
        "startsExpr": false,
        "rightAssociative": false,
        "isLoop": false,
        "isAssign": false,
        "prefix": false,
        "postfix": false,
        "binop": null,
        "updateContext": null
      },
      "value": "export",
      "start": 176,
      "end": 182,
      "loc": {
        "start": {
          "line": 6,
          "column": 0
        },
        "end": {
          "line": 6,
          "column": 6
        }
      }
    },
    {
      "type": {
        "label": "default",
        "keyword": "default",
        "beforeExpr": true,
        "startsExpr": false,
        "rightAssociative": false,
        "isLoop": false,
        "isAssign": false,
        "prefix": false,
        "postfix": false,
        "binop": null,
        "updateContext": null
      },
      "value": "default",
      "start": 183,
      "end": 190,
      "loc": {
        "start": {
          "line": 6,
          "column": 7
        },
        "end": {
          "line": 6,
          "column": 14
        }
      }
    },
    {
      "type": {
        "label": "function",
        "keyword": "function",
        "beforeExpr": false,
        "startsExpr": true,
        "rightAssociative": false,
        "isLoop": false,
        "isAssign": false,
        "prefix": false,
        "postfix": false,
        "binop": null
      },
      "value": "function",
      "start": 191,
      "end": 199,
      "loc": {
        "start": {
          "line": 6,
          "column": 15
        },
        "end": {
          "line": 6,
          "column": 23
        }
      }
    },
    {
      "type": {
        "label": "(",
        "beforeExpr": true,
        "startsExpr": true,
        "rightAssociative": false,
        "isLoop": false,
        "isAssign": false,
        "prefix": false,
        "postfix": false,
        "binop": null
      },
      "start": 199,
      "end": 200,
      "loc": {
        "start": {
          "line": 6,
          "column": 23
        },
        "end": {
          "line": 6,
          "column": 24
        }
      }
    },
    {
      "type": {
        "label": "...",
        "beforeExpr": true,
        "startsExpr": false,
        "rightAssociative": false,
        "isLoop": false,
        "isAssign": false,
        "prefix": false,
        "postfix": false,
        "binop": null,
        "updateContext": null
      },
      "start": 200,
      "end": 203,
      "loc": {
        "start": {
          "line": 6,
          "column": 24
        },
        "end": {
          "line": 6,
          "column": 27
        }
      }
    },
    {
      "type": {
        "label": "name",
        "beforeExpr": false,
        "startsExpr": true,
        "rightAssociative": false,
        "isLoop": false,
        "isAssign": false,
        "prefix": false,
        "postfix": false,
        "binop": null
      },
      "value": "extend",
      "start": 203,
      "end": 209,
      "loc": {
        "start": {
          "line": 6,
          "column": 27
        },
        "end": {
          "line": 6,
          "column": 33
        }
      }
    },
    {
      "type": {
        "label": ")",
        "beforeExpr": false,
        "startsExpr": false,
        "rightAssociative": false,
        "isLoop": false,
        "isAssign": false,
        "prefix": false,
        "postfix": false,
        "binop": null
      },
      "start": 209,
      "end": 210,
      "loc": {
        "start": {
          "line": 6,
          "column": 33
        },
        "end": {
          "line": 6,
          "column": 34
        }
      }
    },
    {
      "type": {
        "label": "{",
        "beforeExpr": true,
        "startsExpr": true,
        "rightAssociative": false,
        "isLoop": false,
        "isAssign": false,
        "prefix": false,
        "postfix": false,
        "binop": null
      },
      "start": 211,
      "end": 212,
      "loc": {
        "start": {
          "line": 6,
          "column": 35
        },
        "end": {
          "line": 6,
          "column": 36
        }
      }
    },
    {
      "type": {
        "label": "return",
        "keyword": "return",
        "beforeExpr": true,
        "startsExpr": false,
        "rightAssociative": false,
        "isLoop": false,
        "isAssign": false,
        "prefix": false,
        "postfix": false,
        "binop": null,
        "updateContext": null
      },
      "value": "return",
      "start": 215,
      "end": 221,
      "loc": {
        "start": {
          "line": 7,
          "column": 2
        },
        "end": {
          "line": 7,
          "column": 8
        }
      }
    },
    {
      "type": {
        "label": "name",
        "beforeExpr": false,
        "startsExpr": true,
        "rightAssociative": false,
        "isLoop": false,
        "isAssign": false,
        "prefix": false,
        "postfix": false,
        "binop": null
      },
      "value": "baseEditForm",
      "start": 222,
      "end": 234,
      "loc": {
        "start": {
          "line": 7,
          "column": 9
        },
        "end": {
          "line": 7,
          "column": 21
        }
      }
    },
    {
      "type": {
        "label": "(",
        "beforeExpr": true,
        "startsExpr": true,
        "rightAssociative": false,
        "isLoop": false,
        "isAssign": false,
        "prefix": false,
        "postfix": false,
        "binop": null
      },
      "start": 234,
      "end": 235,
      "loc": {
        "start": {
          "line": 7,
          "column": 21
        },
        "end": {
          "line": 7,
          "column": 22
        }
      }
    },
    {
      "type": {
        "label": "...",
        "beforeExpr": true,
        "startsExpr": false,
        "rightAssociative": false,
        "isLoop": false,
        "isAssign": false,
        "prefix": false,
        "postfix": false,
        "binop": null,
        "updateContext": null
      },
      "start": 235,
      "end": 238,
      "loc": {
        "start": {
          "line": 7,
          "column": 22
        },
        "end": {
          "line": 7,
          "column": 25
        }
      }
    },
    {
      "type": {
        "label": "name",
        "beforeExpr": false,
        "startsExpr": true,
        "rightAssociative": false,
        "isLoop": false,
        "isAssign": false,
        "prefix": false,
        "postfix": false,
        "binop": null
      },
      "value": "extend",
      "start": 238,
      "end": 244,
      "loc": {
        "start": {
          "line": 7,
          "column": 25
        },
        "end": {
          "line": 7,
          "column": 31
        }
      }
    },
    {
      "type": {
        "label": ",",
        "beforeExpr": true,
        "startsExpr": false,
        "rightAssociative": false,
        "isLoop": false,
        "isAssign": false,
        "prefix": false,
        "postfix": false,
        "binop": null,
        "updateContext": null
      },
      "start": 244,
      "end": 245,
      "loc": {
        "start": {
          "line": 7,
          "column": 31
        },
        "end": {
          "line": 7,
          "column": 32
        }
      }
    },
    {
      "type": {
        "label": "[",
        "beforeExpr": true,
        "startsExpr": true,
        "rightAssociative": false,
        "isLoop": false,
        "isAssign": false,
        "prefix": false,
        "postfix": false,
        "binop": null,
        "updateContext": null
      },
      "start": 246,
      "end": 247,
      "loc": {
        "start": {
          "line": 7,
          "column": 33
        },
        "end": {
          "line": 7,
          "column": 34
        }
      }
    },
    {
      "type": {
        "label": "{",
        "beforeExpr": true,
        "startsExpr": true,
        "rightAssociative": false,
        "isLoop": false,
        "isAssign": false,
        "prefix": false,
        "postfix": false,
        "binop": null
      },
      "start": 252,
      "end": 253,
      "loc": {
        "start": {
          "line": 8,
          "column": 4
        },
        "end": {
          "line": 8,
          "column": 5
        }
      }
    },
    {
      "type": {
        "label": "name",
        "beforeExpr": false,
        "startsExpr": true,
        "rightAssociative": false,
        "isLoop": false,
        "isAssign": false,
        "prefix": false,
        "postfix": false,
        "binop": null
      },
      "value": "key",
      "start": 260,
      "end": 263,
      "loc": {
        "start": {
          "line": 9,
          "column": 6
        },
        "end": {
          "line": 9,
          "column": 9
        }
      }
    },
    {
      "type": {
        "label": ":",
        "beforeExpr": true,
        "startsExpr": false,
        "rightAssociative": false,
        "isLoop": false,
        "isAssign": false,
        "prefix": false,
        "postfix": false,
        "binop": null,
        "updateContext": null
      },
      "start": 263,
      "end": 264,
      "loc": {
        "start": {
          "line": 9,
          "column": 9
        },
        "end": {
          "line": 9,
          "column": 10
        }
      }
    },
    {
      "type": {
        "label": "string",
        "beforeExpr": false,
        "startsExpr": true,
        "rightAssociative": false,
        "isLoop": false,
        "isAssign": false,
        "prefix": false,
        "postfix": false,
        "binop": null,
        "updateContext": null
      },
      "value": "data",
      "start": 265,
      "end": 271,
      "loc": {
        "start": {
          "line": 9,
          "column": 11
        },
        "end": {
          "line": 9,
          "column": 17
        }
      }
    },
    {
      "type": {
        "label": ",",
        "beforeExpr": true,
        "startsExpr": false,
        "rightAssociative": false,
        "isLoop": false,
        "isAssign": false,
        "prefix": false,
        "postfix": false,
        "binop": null,
        "updateContext": null
      },
      "start": 271,
      "end": 272,
      "loc": {
        "start": {
          "line": 9,
          "column": 17
        },
        "end": {
          "line": 9,
          "column": 18
        }
      }
    },
    {
      "type": {
        "label": "name",
        "beforeExpr": false,
        "startsExpr": true,
        "rightAssociative": false,
        "isLoop": false,
        "isAssign": false,
        "prefix": false,
        "postfix": false,
        "binop": null
      },
      "value": "components",
      "start": 279,
      "end": 289,
      "loc": {
        "start": {
          "line": 10,
          "column": 6
        },
        "end": {
          "line": 10,
          "column": 16
        }
      }
    },
    {
      "type": {
        "label": ":",
        "beforeExpr": true,
        "startsExpr": false,
        "rightAssociative": false,
        "isLoop": false,
        "isAssign": false,
        "prefix": false,
        "postfix": false,
        "binop": null,
        "updateContext": null
      },
      "start": 289,
      "end": 290,
      "loc": {
        "start": {
          "line": 10,
          "column": 16
        },
        "end": {
          "line": 10,
          "column": 17
        }
      }
    },
    {
      "type": {
        "label": "name",
        "beforeExpr": false,
        "startsExpr": true,
        "rightAssociative": false,
        "isLoop": false,
        "isAssign": false,
        "prefix": false,
        "postfix": false,
        "binop": null
      },
      "value": "SelectEditData",
      "start": 291,
      "end": 305,
      "loc": {
        "start": {
          "line": 10,
          "column": 18
        },
        "end": {
          "line": 10,
          "column": 32
        }
      }
    },
    {
      "type": {
        "label": "}",
        "beforeExpr": false,
        "startsExpr": false,
        "rightAssociative": false,
        "isLoop": false,
        "isAssign": false,
        "prefix": false,
        "postfix": false,
        "binop": null
      },
      "start": 310,
      "end": 311,
      "loc": {
        "start": {
          "line": 11,
          "column": 4
        },
        "end": {
          "line": 11,
          "column": 5
        }
      }
    },
    {
      "type": {
        "label": ",",
        "beforeExpr": true,
        "startsExpr": false,
        "rightAssociative": false,
        "isLoop": false,
        "isAssign": false,
        "prefix": false,
        "postfix": false,
        "binop": null,
        "updateContext": null
      },
      "start": 311,
      "end": 312,
      "loc": {
        "start": {
          "line": 11,
          "column": 5
        },
        "end": {
          "line": 11,
          "column": 6
        }
      }
    },
    {
      "type": {
        "label": "{",
        "beforeExpr": true,
        "startsExpr": true,
        "rightAssociative": false,
        "isLoop": false,
        "isAssign": false,
        "prefix": false,
        "postfix": false,
        "binop": null
      },
      "start": 317,
      "end": 318,
      "loc": {
        "start": {
          "line": 12,
          "column": 4
        },
        "end": {
          "line": 12,
          "column": 5
        }
      }
    },
    {
      "type": {
        "label": "name",
        "beforeExpr": false,
        "startsExpr": true,
        "rightAssociative": false,
        "isLoop": false,
        "isAssign": false,
        "prefix": false,
        "postfix": false,
        "binop": null
      },
      "value": "key",
      "start": 325,
      "end": 328,
      "loc": {
        "start": {
          "line": 13,
          "column": 6
        },
        "end": {
          "line": 13,
          "column": 9
        }
      }
    },
    {
      "type": {
        "label": ":",
        "beforeExpr": true,
        "startsExpr": false,
        "rightAssociative": false,
        "isLoop": false,
        "isAssign": false,
        "prefix": false,
        "postfix": false,
        "binop": null,
        "updateContext": null
      },
      "start": 328,
      "end": 329,
      "loc": {
        "start": {
          "line": 13,
          "column": 9
        },
        "end": {
          "line": 13,
          "column": 10
        }
      }
    },
    {
      "type": {
        "label": "string",
        "beforeExpr": false,
        "startsExpr": true,
        "rightAssociative": false,
        "isLoop": false,
        "isAssign": false,
        "prefix": false,
        "postfix": false,
        "binop": null,
        "updateContext": null
      },
      "value": "validation",
      "start": 330,
      "end": 342,
      "loc": {
        "start": {
          "line": 13,
          "column": 11
        },
        "end": {
          "line": 13,
          "column": 23
        }
      }
    },
    {
      "type": {
        "label": ",",
        "beforeExpr": true,
        "startsExpr": false,
        "rightAssociative": false,
        "isLoop": false,
        "isAssign": false,
        "prefix": false,
        "postfix": false,
        "binop": null,
        "updateContext": null
      },
      "start": 342,
      "end": 343,
      "loc": {
        "start": {
          "line": 13,
          "column": 23
        },
        "end": {
          "line": 13,
          "column": 24
        }
      }
    },
    {
      "type": {
        "label": "name",
        "beforeExpr": false,
        "startsExpr": true,
        "rightAssociative": false,
        "isLoop": false,
        "isAssign": false,
        "prefix": false,
        "postfix": false,
        "binop": null
      },
      "value": "components",
      "start": 350,
      "end": 360,
      "loc": {
        "start": {
          "line": 14,
          "column": 6
        },
        "end": {
          "line": 14,
          "column": 16
        }
      }
    },
    {
      "type": {
        "label": ":",
        "beforeExpr": true,
        "startsExpr": false,
        "rightAssociative": false,
        "isLoop": false,
        "isAssign": false,
        "prefix": false,
        "postfix": false,
        "binop": null,
        "updateContext": null
      },
      "start": 360,
      "end": 361,
      "loc": {
        "start": {
          "line": 14,
          "column": 16
        },
        "end": {
          "line": 14,
          "column": 17
        }
      }
    },
    {
      "type": {
        "label": "name",
        "beforeExpr": false,
        "startsExpr": true,
        "rightAssociative": false,
        "isLoop": false,
        "isAssign": false,
        "prefix": false,
        "postfix": false,
        "binop": null
      },
      "value": "SelectEditValidation",
      "start": 362,
      "end": 382,
      "loc": {
        "start": {
          "line": 14,
          "column": 18
        },
        "end": {
          "line": 14,
          "column": 38
        }
      }
    },
    {
      "type": {
        "label": "}",
        "beforeExpr": false,
        "startsExpr": false,
        "rightAssociative": false,
        "isLoop": false,
        "isAssign": false,
        "prefix": false,
        "postfix": false,
        "binop": null
      },
      "start": 387,
      "end": 388,
      "loc": {
        "start": {
          "line": 15,
          "column": 4
        },
        "end": {
          "line": 15,
          "column": 5
        }
      }
    },
    {
      "type": {
        "label": "]",
        "beforeExpr": false,
        "startsExpr": false,
        "rightAssociative": false,
        "isLoop": false,
        "isAssign": false,
        "prefix": false,
        "postfix": false,
        "binop": null,
        "updateContext": null
      },
      "start": 391,
      "end": 392,
      "loc": {
        "start": {
          "line": 16,
          "column": 2
        },
        "end": {
          "line": 16,
          "column": 3
        }
      }
    },
    {
      "type": {
        "label": ")",
        "beforeExpr": false,
        "startsExpr": false,
        "rightAssociative": false,
        "isLoop": false,
        "isAssign": false,
        "prefix": false,
        "postfix": false,
        "binop": null
      },
      "start": 392,
      "end": 393,
      "loc": {
        "start": {
          "line": 16,
          "column": 3
        },
        "end": {
          "line": 16,
          "column": 4
        }
      }
    },
    {
      "type": {
        "label": ";",
        "beforeExpr": true,
        "startsExpr": false,
        "rightAssociative": false,
        "isLoop": false,
        "isAssign": false,
        "prefix": false,
        "postfix": false,
        "binop": null,
        "updateContext": null
      },
      "start": 393,
      "end": 394,
      "loc": {
        "start": {
          "line": 16,
          "column": 4
        },
        "end": {
          "line": 16,
          "column": 5
        }
      }
    },
    {
      "type": {
        "label": "}",
        "beforeExpr": false,
        "startsExpr": false,
        "rightAssociative": false,
        "isLoop": false,
        "isAssign": false,
        "prefix": false,
        "postfix": false,
        "binop": null
      },
      "start": 395,
      "end": 396,
      "loc": {
        "start": {
          "line": 17,
          "column": 0
        },
        "end": {
          "line": 17,
          "column": 1
        }
      }
    },
    {
      "type": {
        "label": "eof",
        "beforeExpr": false,
        "startsExpr": false,
        "rightAssociative": false,
        "isLoop": false,
        "isAssign": false,
        "prefix": false,
        "postfix": false,
        "binop": null,
        "updateContext": null
      },
      "start": 397,
      "end": 397,
      "loc": {
        "start": {
          "line": 18,
          "column": 0
        },
        "end": {
          "line": 18,
          "column": 0
        }
      }
    }
  ]
}