{
  "type": "File",
  "start": 0,
  "end": 456,
  "loc": {
    "start": {
      "line": 1,
      "column": 0
    },
    "end": {
      "line": 14,
      "column": 0
    }
  },
  "program": {
    "type": "Program",
    "start": 0,
    "end": 456,
    "loc": {
      "start": {
        "line": 1,
        "column": 0
      },
      "end": {
        "line": 14,
        "column": 0
      }
    },
    "sourceType": "module",
    "body": [
      {
        "type": "ImportDeclaration",
        "start": 14,
        "end": 48,
        "loc": {
          "start": {
            "line": 2,
            "column": 0
          },
          "end": {
            "line": 2,
            "column": 34
          }
        },
        "specifiers": [
          {
            "type": "ImportDefaultSpecifier",
            "start": 21,
            "end": 27,
            "loc": {
              "start": {
                "line": 2,
                "column": 7
              },
              "end": {
                "line": 2,
                "column": 13
              }
            },
            "local": {
              "type": "Identifier",
              "start": 21,
              "end": 27,
              "loc": {
                "start": {
                  "line": 2,
                  "column": 7
                },
                "end": {
                  "line": 2,
                  "column": 13
                },
                "identifierName": "assert"
              },
              "name": "assert"
            }
          }
        ],
        "source": {
          "type": "StringLiteral",
          "start": 33,
          "end": 47,
          "loc": {
            "start": {
              "line": 2,
              "column": 19
            },
            "end": {
              "line": 2,
              "column": 33
            }
          },
          "extra": {
            "rawValue": "power-assert",
            "raw": "'power-assert'"
          },
          "value": "power-assert"
        }
      },
      {
        "type": "ImportDeclaration",
        "start": 49,
        "end": 90,
        "loc": {
          "start": {
            "line": 3,
            "column": 0
          },
          "end": {
            "line": 3,
            "column": 41
          }
        },
        "specifiers": [
          {
            "type": "ImportDefaultSpecifier",
            "start": 56,
            "end": 72,
            "loc": {
              "start": {
                "line": 3,
                "column": 7
              },
              "end": {
                "line": 3,
                "column": 23
              }
            },
            "local": {
              "type": "Identifier",
              "start": 56,
              "end": 72,
              "loc": {
                "start": {
                  "line": 3,
                  "column": 7
                },
                "end": {
                  "line": 3,
                  "column": 23
                },
                "identifierName": "ContentComponent"
              },
              "name": "ContentComponent"
            }
          }
        ],
        "source": {
          "type": "StringLiteral",
          "start": 78,
          "end": 89,
          "loc": {
            "start": {
              "line": 3,
              "column": 29
            },
            "end": {
              "line": 3,
              "column": 40
            }
          },
          "extra": {
            "rawValue": "./Content",
            "raw": "'./Content'"
          },
          "value": "./Content"
        }
      },
      {
        "type": "ImportDeclaration",
        "start": 91,
        "end": 144,
        "loc": {
          "start": {
            "line": 4,
            "column": 0
          },
          "end": {
            "line": 4,
            "column": 53
          }
        },
        "specifiers": [
          {
            "type": "ImportSpecifier",
            "start": 99,
            "end": 118,
            "loc": {
              "start": {
                "line": 4,
                "column": 8
              },
              "end": {
                "line": 4,
                "column": 27
              }
            },
            "imported": {
              "type": "Identifier",
              "start": 99,
              "end": 109,
              "loc": {
                "start": {
                  "line": 4,
                  "column": 8
                },
                "end": {
                  "line": 4,
                  "column": 18
                },
                "identifierName": "components"
              },
              "name": "components"
            },
            "local": {
              "type": "Identifier",
              "start": 113,
              "end": 118,
              "loc": {
                "start": {
                  "line": 4,
                  "column": 22
                },
                "end": {
                  "line": 4,
                  "column": 27
                },
                "identifierName": "comps"
              },
              "name": "comps"
            }
          }
        ],
        "source": {
          "type": "StringLiteral",
          "start": 125,
          "end": 143,
          "loc": {
            "start": {
              "line": 4,
              "column": 34
            },
            "end": {
              "line": 4,
              "column": 52
            }
          },
          "extra": {
            "rawValue": "./fixtures/index",
            "raw": "'./fixtures/index'"
          },
          "value": "./fixtures/index"
        }
      },
      {
        "type": "ImportDeclaration",
        "start": 145,
        "end": 189,
        "loc": {
          "start": {
            "line": 5,
            "column": 0
          },
          "end": {
            "line": 5,
            "column": 44
          }
        },
        "specifiers": [
          {
            "type": "ImportDefaultSpecifier",
            "start": 152,
            "end": 159,
            "loc": {
              "start": {
                "line": 5,
                "column": 7
              },
              "end": {
                "line": 5,
                "column": 14
              }
            },
            "local": {
              "type": "Identifier",
              "start": 152,
              "end": 159,
              "loc": {
                "start": {
                  "line": 5,
                  "column": 7
                },
                "end": {
                  "line": 5,
                  "column": 14
                },
                "identifierName": "Harness"
              },
              "name": "Harness"
            }
          }
        ],
        "source": {
          "type": "StringLiteral",
          "start": 165,
          "end": 188,
          "loc": {
            "start": {
              "line": 5,
              "column": 20
            },
            "end": {
              "line": 5,
              "column": 43
            }
          },
          "extra": {
            "rawValue": "../../../test/harness",
            "raw": "'../../../test/harness'"
          },
          "value": "../../../test/harness"
        }
      },
      {
        "type": "ExpressionStatement",
        "start": 190,
        "end": 455,
        "loc": {
          "start": {
            "line": 6,
            "column": 0
          },
          "end": {
            "line": 13,
            "column": 3
          }
        },
        "expression": {
          "type": "CallExpression",
          "start": 190,
          "end": 454,
          "loc": {
            "start": {
              "line": 6,
              "column": 0
            },
            "end": {
              "line": 13,
              "column": 2
            }
          },
          "callee": {
            "type": "Identifier",
            "start": 190,
            "end": 198,
            "loc": {
              "start": {
                "line": 6,
                "column": 0
              },
              "end": {
                "line": 6,
                "column": 8
              },
              "identifierName": "describe"
            },
            "name": "describe"
          },
          "arguments": [
            {
              "type": "StringLiteral",
              "start": 199,
              "end": 218,
              "loc": {
                "start": {
                  "line": 6,
                  "column": 9
                },
                "end": {
                  "line": 6,
                  "column": 28
                }
              },
              "extra": {
                "rawValue": "Content Component",
                "raw": "'Content Component'"
              },
              "value": "Content Component"
            },
            {
              "type": "ArrowFunctionExpression",
              "start": 220,
              "end": 453,
              "loc": {
                "start": {
                  "line": 6,
                  "column": 30
                },
                "end": {
                  "line": 13,
                  "column": 1
                }
              },
              "id": null,
              "generator": false,
              "expression": false,
              "async": false,
              "params": [],
              "body": {
                "type": "BlockStatement",
                "start": 226,
                "end": 453,
                "loc": {
                  "start": {
                    "line": 6,
                    "column": 36
                  },
                  "end": {
                    "line": 13,
                    "column": 1
                  }
                },
                "body": [
                  {
                    "type": "ExpressionStatement",
                    "start": 230,
                    "end": 451,
                    "loc": {
                      "start": {
                        "line": 7,
                        "column": 2
                      },
                      "end": {
                        "line": 12,
                        "column": 5
                      }
                    },
                    "expression": {
                      "type": "CallExpression",
                      "start": 230,
                      "end": 450,
                      "loc": {
                        "start": {
                          "line": 7,
                          "column": 2
                        },
                        "end": {
                          "line": 12,
                          "column": 4
                        }
                      },
                      "callee": {
                        "type": "Identifier",
                        "start": 230,
                        "end": 232,
                        "loc": {
                          "start": {
                            "line": 7,
                            "column": 2
                          },
                          "end": {
                            "line": 7,
                            "column": 4
                          },
                          "identifierName": "it"
                        },
                        "name": "it"
                      },
                      "arguments": [
                        {
                          "type": "StringLiteral",
                          "start": 233,
                          "end": 267,
                          "loc": {
                            "start": {
                              "line": 7,
                              "column": 5
                            },
                            "end": {
                              "line": 7,
                              "column": 39
                            }
                          },
                          "extra": {
                            "rawValue": "Should build a content component",
                            "raw": "'Should build a content component'"
                          },
                          "value": "Should build a content component"
                        },
                        {
                          "type": "ArrowFunctionExpression",
                          "start": 269,
                          "end": 449,
                          "loc": {
                            "start": {
                              "line": 7,
                              "column": 41
                            },
                            "end": {
                              "line": 12,
                              "column": 3
                            }
                          },
                          "id": null,
                          "generator": false,
                          "expression": false,
                          "async": false,
                          "params": [
                            {
                              "type": "Identifier",
                              "start": 270,
                              "end": 274,
                              "loc": {
                                "start": {
                                  "line": 7,
                                  "column": 42
                                },
                                "end": {
                                  "line": 7,
                                  "column": 46
                                },
                                "identifierName": "done"
                              },
                              "name": "done"
                            }
                          ],
                          "body": {
                            "type": "BlockStatement",
                            "start": 279,
                            "end": 449,
                            "loc": {
                              "start": {
                                "line": 7,
                                "column": 51
                              },
                              "end": {
                                "line": 12,
                                "column": 3
                              }
                            },
                            "body": [
                              {
                                "type": "ExpressionStatement",
                                "start": 285,
                                "end": 445,
                                "loc": {
                                  "start": {
                                    "line": 8,
                                    "column": 4
                                  },
                                  "end": {
                                    "line": 11,
                                    "column": 7
                                  }
                                },
                                "expression": {
                                  "type": "CallExpression",
                                  "start": 285,
                                  "end": 444,
                                  "loc": {
                                    "start": {
                                      "line": 8,
                                      "column": 4
                                    },
                                    "end": {
                                      "line": 11,
                                      "column": 6
                                    }
                                  },
                                  "callee": {
                                    "type": "MemberExpression",
                                    "start": 285,
                                    "end": 339,
                                    "loc": {
                                      "start": {
                                        "line": 8,
                                        "column": 4
                                      },
                                      "end": {
                                        "line": 8,
                                        "column": 58
                                      }
                                    },
                                    "object": {
                                      "type": "CallExpression",
                                      "start": 285,
                                      "end": 334,
                                      "loc": {
                                        "start": {
                                          "line": 8,
                                          "column": 4
                                        },
                                        "end": {
                                          "line": 8,
                                          "column": 53
                                        }
                                      },
                                      "callee": {
                                        "type": "MemberExpression",
                                        "start": 285,
                                        "end": 303,
                                        "loc": {
                                          "start": {
                                            "line": 8,
                                            "column": 4
                                          },
                                          "end": {
                                            "line": 8,
                                            "column": 22
                                          }
                                        },
                                        "object": {
                                          "type": "Identifier",
                                          "start": 285,
                                          "end": 292,
                                          "loc": {
                                            "start": {
                                              "line": 8,
                                              "column": 4
                                            },
                                            "end": {
                                              "line": 8,
                                              "column": 11
                                            },
                                            "identifierName": "Harness"
                                          },
                                          "name": "Harness"
                                        },
                                        "property": {
                                          "type": "Identifier",
                                          "start": 293,
                                          "end": 303,
                                          "loc": {
                                            "start": {
                                              "line": 8,
                                              "column": 12
                                            },
                                            "end": {
                                              "line": 8,
                                              "column": 22
                                            },
                                            "identifierName": "testCreate"
                                          },
                                          "name": "testCreate"
                                        },
                                        "computed": false
                                      },
                                      "arguments": [
                                        {
                                          "type": "Identifier",
                                          "start": 304,
                                          "end": 320,
                                          "loc": {
                                            "start": {
                                              "line": 8,
                                              "column": 23
                                            },
                                            "end": {
                                              "line": 8,
                                              "column": 39
                                            },
                                            "identifierName": "ContentComponent"
                                          },
                                          "name": "ContentComponent"
                                        },
                                        {
                                          "type": "MemberExpression",
                                          "start": 322,
                                          "end": 333,
                                          "loc": {
                                            "start": {
                                              "line": 8,
                                              "column": 41
                                            },
                                            "end": {
                                              "line": 8,
                                              "column": 52
                                            }
                                          },
                                          "object": {
                                            "type": "Identifier",
                                            "start": 322,
                                            "end": 327,
                                            "loc": {
                                              "start": {
                                                "line": 8,
                                                "column": 41
                                              },
                                              "end": {
                                                "line": 8,
                                                "column": 46
                                              },
                                              "identifierName": "comps"
                                            },
                                            "name": "comps"
                                          },
                                          "property": {
                                            "type": "Identifier",
                                            "start": 328,
                                            "end": 333,
                                            "loc": {
                                              "start": {
                                                "line": 8,
                                                "column": 47
                                              },
                                              "end": {
                                                "line": 8,
                                                "column": 52
                                              },
                                              "identifierName": "comp1"
                                            },
                                            "name": "comp1"
                                          },
                                          "computed": false
                                        }
                                      ]
                                    },
                                    "property": {
                                      "type": "Identifier",
                                      "start": 335,
                                      "end": 339,
                                      "loc": {
                                        "start": {
                                          "line": 8,
                                          "column": 54
                                        },
                                        "end": {
                                          "line": 8,
                                          "column": 58
                                        },
                                        "identifierName": "then"
                                      },
                                      "name": "then"
                                    },
                                    "computed": false
                                  },
                                  "arguments": [
                                    {
                                      "type": "ArrowFunctionExpression",
                                      "start": 340,
                                      "end": 443,
                                      "loc": {
                                        "start": {
                                          "line": 8,
                                          "column": 59
                                        },
                                        "end": {
                                          "line": 11,
                                          "column": 5
                                        }
                                      },
                                      "id": null,
                                      "generator": false,
                                      "expression": false,
                                      "async": false,
                                      "params": [
                                        {
                                          "type": "Identifier",
                                          "start": 341,
                                          "end": 350,
                                          "loc": {
                                            "start": {
                                              "line": 8,
                                              "column": 60
                                            },
                                            "end": {
                                              "line": 8,
                                              "column": 69
                                            },
                                            "identifierName": "component"
                                          },
                                          "name": "component"
                                        }
                                      ],
                                      "body": {
                                        "type": "BlockStatement",
                                        "start": 355,
                                        "end": 443,
                                        "loc": {
                                          "start": {
                                            "line": 8,
                                            "column": 74
                                          },
                                          "end": {
                                            "line": 11,
                                            "column": 5
                                          }
                                        },
                                        "body": [
                                          {
                                            "type": "ExpressionStatement",
                                            "start": 363,
                                            "end": 423,
                                            "loc": {
                                              "start": {
                                                "line": 9,
                                                "column": 6
                                              },
                                              "end": {
                                                "line": 9,
                                                "column": 66
                                              }
                                            },
                                            "expression": {
                                              "type": "CallExpression",
                                              "start": 363,
                                              "end": 422,
                                              "loc": {
                                                "start": {
                                                  "line": 9,
                                                  "column": 6
                                                },
                                                "end": {
                                                  "line": 9,
                                                  "column": 65
                                                }
                                              },
                                              "callee": {
                                                "type": "MemberExpression",
                                                "start": 363,
                                                "end": 375,
                                                "loc": {
                                                  "start": {
                                                    "line": 9,
                                                    "column": 6
                                                  },
                                                  "end": {
                                                    "line": 9,
                                                    "column": 18
                                                  }
                                                },
                                                "object": {
                                                  "type": "Identifier",
                                                  "start": 363,
                                                  "end": 369,
                                                  "loc": {
                                                    "start": {
                                                      "line": 9,
                                                      "column": 6
                                                    },
                                                    "end": {
                                                      "line": 9,
                                                      "column": 12
                                                    },
                                                    "identifierName": "assert"
                                                  },
                                                  "name": "assert"
                                                },
                                                "property": {
                                                  "type": "Identifier",
                                                  "start": 370,
                                                  "end": 375,
                                                  "loc": {
                                                    "start": {
                                                      "line": 9,
                                                      "column": 13
                                                    },
                                                    "end": {
                                                      "line": 9,
                                                      "column": 18
                                                    },
                                                    "identifierName": "equal"
                                                  },
                                                  "name": "equal"
                                                },
                                                "computed": false
                                              },
                                              "arguments": [
                                                {
                                                  "type": "MemberExpression",
                                                  "start": 376,
                                                  "end": 403,
                                                  "loc": {
                                                    "start": {
                                                      "line": 9,
                                                      "column": 19
                                                    },
                                                    "end": {
                                                      "line": 9,
                                                      "column": 46
                                                    }
                                                  },
                                                  "object": {
                                                    "type": "MemberExpression",
                                                    "start": 376,
                                                    "end": 393,
                                                    "loc": {
                                                      "start": {
                                                        "line": 9,
                                                        "column": 19
                                                      },
                                                      "end": {
                                                        "line": 9,
                                                        "column": 36
                                                      }
                                                    },
                                                    "object": {
                                                      "type": "Identifier",
                                                      "start": 376,
                                                      "end": 385,
                                                      "loc": {
                                                        "start": {
                                                          "line": 9,
                                                          "column": 19
                                                        },
                                                        "end": {
                                                          "line": 9,
                                                          "column": 28
                                                        },
                                                        "identifierName": "component"
                                                      },
                                                      "name": "component"
                                                    },
                                                    "property": {
                                                      "type": "Identifier",
                                                      "start": 386,
                                                      "end": 393,
                                                      "loc": {
                                                        "start": {
                                                          "line": 9,
                                                          "column": 29
                                                        },
                                                        "end": {
                                                          "line": 9,
                                                          "column": 36
                                                        },
                                                        "identifierName": "element"
                                                      },
                                                      "name": "element"
                                                    },
                                                    "computed": false
                                                  },
                                                  "property": {
                                                    "type": "Identifier",
                                                    "start": 394,
                                                    "end": 403,
                                                    "loc": {
                                                      "start": {
                                                        "line": 9,
                                                        "column": 37
                                                      },
                                                      "end": {
                                                        "line": 9,
                                                        "column": 46
                                                      },
                                                      "identifierName": "innerHTML"
                                                    },
                                                    "name": "innerHTML"
                                                  },
                                                  "computed": false
                                                },
                                                {
                                                  "type": "MemberExpression",
                                                  "start": 405,
                                                  "end": 421,
                                                  "loc": {
                                                    "start": {
                                                      "line": 9,
                                                      "column": 48
                                                    },
                                                    "end": {
                                                      "line": 9,
                                                      "column": 64
                                                    }
                                                  },
                                                  "object": {
                                                    "type": "MemberExpression",
                                                    "start": 405,
                                                    "end": 416,
                                                    "loc": {
                                                      "start": {
                                                        "line": 9,
                                                        "column": 48
                                                      },
                                                      "end": {
                                                        "line": 9,
                                                        "column": 59
                                                      }
                                                    },
                                                    "object": {
                                                      "type": "Identifier",
                                                      "start": 405,
                                                      "end": 410,
                                                      "loc": {
                                                        "start": {
                                                          "line": 9,
                                                          "column": 48
                                                        },
                                                        "end": {
                                                          "line": 9,
                                                          "column": 53
                                                        },
                                                        "identifierName": "comps"
                                                      },
                                                      "name": "comps"
                                                    },
                                                    "property": {
                                                      "type": "Identifier",
                                                      "start": 411,
                                                      "end": 416,
                                                      "loc": {
                                                        "start": {
                                                          "line": 9,
                                                          "column": 54
                                                        },
                                                        "end": {
                                                          "line": 9,
                                                          "column": 59
                                                        },
                                                        "identifierName": "comp1"
                                                      },
                                                      "name": "comp1"
                                                    },
                                                    "computed": false
                                                  },
                                                  "property": {
                                                    "type": "Identifier",
                                                    "start": 417,
                                                    "end": 421,
                                                    "loc": {
                                                      "start": {
                                                        "line": 9,
                                                        "column": 60
                                                      },
                                                      "end": {
                                                        "line": 9,
                                                        "column": 64
                                                      },
                                                      "identifierName": "html"
                                                    },
                                                    "name": "html"
                                                  },
                                                  "computed": false
                                                }
                                              ]
                                            }
                                          },
                                          {
                                            "type": "ExpressionStatement",
                                            "start": 430,
                                            "end": 437,
                                            "loc": {
                                              "start": {
                                                "line": 10,
                                                "column": 6
                                              },
                                              "end": {
                                                "line": 10,
                                                "column": 13
                                              }
                                            },
                                            "expression": {
                                              "type": "CallExpression",
                                              "start": 430,
                                              "end": 436,
                                              "loc": {
                                                "start": {
                                                  "line": 10,
                                                  "column": 6
                                                },
                                                "end": {
                                                  "line": 10,
                                                  "column": 12
                                                }
                                              },
                                              "callee": {
                                                "type": "Identifier",
                                                "start": 430,
                                                "end": 434,
                                                "loc": {
                                                  "start": {
                                                    "line": 10,
                                                    "column": 6
                                                  },
                                                  "end": {
                                                    "line": 10,
                                                    "column": 10
                                                  },
                                                  "identifierName": "done"
                                                },
                                                "name": "done"
                                              },
                                              "arguments": []
                                            }
                                          }
                                        ],
                                        "directives": []
                                      }
                                    }
                                  ]
                                }
                              }
                            ],
                            "directives": []
                          }
                        }
                      ]
                    }
                  }
                ],
                "directives": []
              }
            }
          ]
        }
      }
    ],
    "directives": [
      {
        "type": "Directive",
        "start": 0,
        "end": 13,
        "loc": {
          "start": {
            "line": 1,
            "column": 0
          },
          "end": {
            "line": 1,
            "column": 13
          }
        },
        "value": {
          "type": "DirectiveLiteral",
          "start": 0,
          "end": 12,
          "loc": {
            "start": {
              "line": 1,
              "column": 0
            },
            "end": {
              "line": 1,
              "column": 12
            }
          },
          "value": "use strict",
          "extra": {
            "raw": "'use strict'",
            "rawValue": "use strict"
          }
        }
      }
    ]
  },
  "comments": [],
  "tokens": [
    {
      "type": {
        "label": "string",
        "beforeExpr": false,
        "startsExpr": true,
        "rightAssociative": false,
        "isLoop": false,
        "isAssign": false,
        "prefix": false,
        "postfix": false,
        "binop": null,
        "updateContext": null
      },
      "value": "use strict",
      "start": 0,
      "end": 12,
      "loc": {
        "start": {
          "line": 1,
          "column": 0
        },
        "end": {
          "line": 1,
          "column": 12
        }
      }
    },
    {
      "type": {
        "label": ";",
        "beforeExpr": true,
        "startsExpr": false,
        "rightAssociative": false,
        "isLoop": false,
        "isAssign": false,
        "prefix": false,
        "postfix": false,
        "binop": null,
        "updateContext": null
      },
      "start": 12,
      "end": 13,
      "loc": {
        "start": {
          "line": 1,
          "column": 12
        },
        "end": {
          "line": 1,
          "column": 13
        }
      }
    },
    {
      "type": {
        "label": "import",
        "keyword": "import",
        "beforeExpr": false,
        "startsExpr": true,
        "rightAssociative": false,
        "isLoop": false,
        "isAssign": false,
        "prefix": false,
        "postfix": false,
        "binop": null,
        "updateContext": null
      },
      "value": "import",
      "start": 14,
      "end": 20,
      "loc": {
        "start": {
          "line": 2,
          "column": 0
        },
        "end": {
          "line": 2,
          "column": 6
        }
      }
    },
    {
      "type": {
        "label": "name",
        "beforeExpr": false,
        "startsExpr": true,
        "rightAssociative": false,
        "isLoop": false,
        "isAssign": false,
        "prefix": false,
        "postfix": false,
        "binop": null
      },
      "value": "assert",
      "start": 21,
      "end": 27,
      "loc": {
        "start": {
          "line": 2,
          "column": 7
        },
        "end": {
          "line": 2,
          "column": 13
        }
      }
    },
    {
      "type": {
        "label": "name",
        "beforeExpr": false,
        "startsExpr": true,
        "rightAssociative": false,
        "isLoop": false,
        "isAssign": false,
        "prefix": false,
        "postfix": false,
        "binop": null
      },
      "value": "from",
      "start": 28,
      "end": 32,
      "loc": {
        "start": {
          "line": 2,
          "column": 14
        },
        "end": {
          "line": 2,
          "column": 18
        }
      }
    },
    {
      "type": {
        "label": "string",
        "beforeExpr": false,
        "startsExpr": true,
        "rightAssociative": false,
        "isLoop": false,
        "isAssign": false,
        "prefix": false,
        "postfix": false,
        "binop": null,
        "updateContext": null
      },
      "value": "power-assert",
      "start": 33,
      "end": 47,
      "loc": {
        "start": {
          "line": 2,
          "column": 19
        },
        "end": {
          "line": 2,
          "column": 33
        }
      }
    },
    {
      "type": {
        "label": ";",
        "beforeExpr": true,
        "startsExpr": false,
        "rightAssociative": false,
        "isLoop": false,
        "isAssign": false,
        "prefix": false,
        "postfix": false,
        "binop": null,
        "updateContext": null
      },
      "start": 47,
      "end": 48,
      "loc": {
        "start": {
          "line": 2,
          "column": 33
        },
        "end": {
          "line": 2,
          "column": 34
        }
      }
    },
    {
      "type": {
        "label": "import",
        "keyword": "import",
        "beforeExpr": false,
        "startsExpr": true,
        "rightAssociative": false,
        "isLoop": false,
        "isAssign": false,
        "prefix": false,
        "postfix": false,
        "binop": null,
        "updateContext": null
      },
      "value": "import",
      "start": 49,
      "end": 55,
      "loc": {
        "start": {
          "line": 3,
          "column": 0
        },
        "end": {
          "line": 3,
          "column": 6
        }
      }
    },
    {
      "type": {
        "label": "name",
        "beforeExpr": false,
        "startsExpr": true,
        "rightAssociative": false,
        "isLoop": false,
        "isAssign": false,
        "prefix": false,
        "postfix": false,
        "binop": null
      },
      "value": "ContentComponent",
      "start": 56,
      "end": 72,
      "loc": {
        "start": {
          "line": 3,
          "column": 7
        },
        "end": {
          "line": 3,
          "column": 23
        }
      }
    },
    {
      "type": {
        "label": "name",
        "beforeExpr": false,
        "startsExpr": true,
        "rightAssociative": false,
        "isLoop": false,
        "isAssign": false,
        "prefix": false,
        "postfix": false,
        "binop": null
      },
      "value": "from",
      "start": 73,
      "end": 77,
      "loc": {
        "start": {
          "line": 3,
          "column": 24
        },
        "end": {
          "line": 3,
          "column": 28
        }
      }
    },
    {
      "type": {
        "label": "string",
        "beforeExpr": false,
        "startsExpr": true,
        "rightAssociative": false,
        "isLoop": false,
        "isAssign": false,
        "prefix": false,
        "postfix": false,
        "binop": null,
        "updateContext": null
      },
      "value": "./Content",
      "start": 78,
      "end": 89,
      "loc": {
        "start": {
          "line": 3,
          "column": 29
        },
        "end": {
          "line": 3,
          "column": 40
        }
      }
    },
    {
      "type": {
        "label": ";",
        "beforeExpr": true,
        "startsExpr": false,
        "rightAssociative": false,
        "isLoop": false,
        "isAssign": false,
        "prefix": false,
        "postfix": false,
        "binop": null,
        "updateContext": null
      },
      "start": 89,
      "end": 90,
      "loc": {
        "start": {
          "line": 3,
          "column": 40
        },
        "end": {
          "line": 3,
          "column": 41
        }
      }
    },
    {
      "type": {
        "label": "import",
        "keyword": "import",
        "beforeExpr": false,
        "startsExpr": true,
        "rightAssociative": false,
        "isLoop": false,
        "isAssign": false,
        "prefix": false,
        "postfix": false,
        "binop": null,
        "updateContext": null
      },
      "value": "import",
      "start": 91,
      "end": 97,
      "loc": {
        "start": {
          "line": 4,
          "column": 0
        },
        "end": {
          "line": 4,
          "column": 6
        }
      }
    },
    {
      "type": {
        "label": "{",
        "beforeExpr": true,
        "startsExpr": true,
        "rightAssociative": false,
        "isLoop": false,
        "isAssign": false,
        "prefix": false,
        "postfix": false,
        "binop": null
      },
      "start": 98,
      "end": 99,
      "loc": {
        "start": {
          "line": 4,
          "column": 7
        },
        "end": {
          "line": 4,
          "column": 8
        }
      }
    },
    {
      "type": {
        "label": "name",
        "beforeExpr": false,
        "startsExpr": true,
        "rightAssociative": false,
        "isLoop": false,
        "isAssign": false,
        "prefix": false,
        "postfix": false,
        "binop": null
      },
      "value": "components",
      "start": 99,
      "end": 109,
      "loc": {
        "start": {
          "line": 4,
          "column": 8
        },
        "end": {
          "line": 4,
          "column": 18
        }
      }
    },
    {
      "type": {
        "label": "name",
        "beforeExpr": false,
        "startsExpr": true,
        "rightAssociative": false,
        "isLoop": false,
        "isAssign": false,
        "prefix": false,
        "postfix": false,
        "binop": null
      },
      "value": "as",
      "start": 110,
      "end": 112,
      "loc": {
        "start": {
          "line": 4,
          "column": 19
        },
        "end": {
          "line": 4,
          "column": 21
        }
      }
    },
    {
      "type": {
        "label": "name",
        "beforeExpr": false,
        "startsExpr": true,
        "rightAssociative": false,
        "isLoop": false,
        "isAssign": false,
        "prefix": false,
        "postfix": false,
        "binop": null
      },
      "value": "comps",
      "start": 113,
      "end": 118,
      "loc": {
        "start": {
          "line": 4,
          "column": 22
        },
        "end": {
          "line": 4,
          "column": 27
        }
      }
    },
    {
      "type": {
        "label": "}",
        "beforeExpr": false,
        "startsExpr": false,
        "rightAssociative": false,
        "isLoop": false,
        "isAssign": false,
        "prefix": false,
        "postfix": false,
        "binop": null
      },
      "start": 118,
      "end": 119,
      "loc": {
        "start": {
          "line": 4,
          "column": 27
        },
        "end": {
          "line": 4,
          "column": 28
        }
      }
    },
    {
      "type": {
        "label": "name",
        "beforeExpr": false,
        "startsExpr": true,
        "rightAssociative": false,
        "isLoop": false,
        "isAssign": false,
        "prefix": false,
        "postfix": false,
        "binop": null
      },
      "value": "from",
      "start": 120,
      "end": 124,
      "loc": {
        "start": {
          "line": 4,
          "column": 29
        },
        "end": {
          "line": 4,
          "column": 33
        }
      }
    },
    {
      "type": {
        "label": "string",
        "beforeExpr": false,
        "startsExpr": true,
        "rightAssociative": false,
        "isLoop": false,
        "isAssign": false,
        "prefix": false,
        "postfix": false,
        "binop": null,
        "updateContext": null
      },
      "value": "./fixtures/index",
      "start": 125,
      "end": 143,
      "loc": {
        "start": {
          "line": 4,
          "column": 34
        },
        "end": {
          "line": 4,
          "column": 52
        }
      }
    },
    {
      "type": {
        "label": ";",
        "beforeExpr": true,
        "startsExpr": false,
        "rightAssociative": false,
        "isLoop": false,
        "isAssign": false,
        "prefix": false,
        "postfix": false,
        "binop": null,
        "updateContext": null
      },
      "start": 143,
      "end": 144,
      "loc": {
        "start": {
          "line": 4,
          "column": 52
        },
        "end": {
          "line": 4,
          "column": 53
        }
      }
    },
    {
      "type": {
        "label": "import",
        "keyword": "import",
        "beforeExpr": false,
        "startsExpr": true,
        "rightAssociative": false,
        "isLoop": false,
        "isAssign": false,
        "prefix": false,
        "postfix": false,
        "binop": null,
        "updateContext": null
      },
      "value": "import",
      "start": 145,
      "end": 151,
      "loc": {
        "start": {
          "line": 5,
          "column": 0
        },
        "end": {
          "line": 5,
          "column": 6
        }
      }
    },
    {
      "type": {
        "label": "name",
        "beforeExpr": false,
        "startsExpr": true,
        "rightAssociative": false,
        "isLoop": false,
        "isAssign": false,
        "prefix": false,
        "postfix": false,
        "binop": null
      },
      "value": "Harness",
      "start": 152,
      "end": 159,
      "loc": {
        "start": {
          "line": 5,
          "column": 7
        },
        "end": {
          "line": 5,
          "column": 14
        }
      }
    },
    {
      "type": {
        "label": "name",
        "beforeExpr": false,
        "startsExpr": true,
        "rightAssociative": false,
        "isLoop": false,
        "isAssign": false,
        "prefix": false,
        "postfix": false,
        "binop": null
      },
      "value": "from",
      "start": 160,
      "end": 164,
      "loc": {
        "start": {
          "line": 5,
          "column": 15
        },
        "end": {
          "line": 5,
          "column": 19
        }
      }
    },
    {
      "type": {
        "label": "string",
        "beforeExpr": false,
        "startsExpr": true,
        "rightAssociative": false,
        "isLoop": false,
        "isAssign": false,
        "prefix": false,
        "postfix": false,
        "binop": null,
        "updateContext": null
      },
      "value": "../../../test/harness",
      "start": 165,
      "end": 188,
      "loc": {
        "start": {
          "line": 5,
          "column": 20
        },
        "end": {
          "line": 5,
          "column": 43
        }
      }
    },
    {
      "type": {
        "label": ";",
        "beforeExpr": true,
        "startsExpr": false,
        "rightAssociative": false,
        "isLoop": false,
        "isAssign": false,
        "prefix": false,
        "postfix": false,
        "binop": null,
        "updateContext": null
      },
      "start": 188,
      "end": 189,
      "loc": {
        "start": {
          "line": 5,
          "column": 43
        },
        "end": {
          "line": 5,
          "column": 44
        }
      }
    },
    {
      "type": {
        "label": "name",
        "beforeExpr": false,
        "startsExpr": true,
        "rightAssociative": false,
        "isLoop": false,
        "isAssign": false,
        "prefix": false,
        "postfix": false,
        "binop": null
      },
      "value": "describe",
      "start": 190,
      "end": 198,
      "loc": {
        "start": {
          "line": 6,
          "column": 0
        },
        "end": {
          "line": 6,
          "column": 8
        }
      }
    },
    {
      "type": {
        "label": "(",
        "beforeExpr": true,
        "startsExpr": true,
        "rightAssociative": false,
        "isLoop": false,
        "isAssign": false,
        "prefix": false,
        "postfix": false,
        "binop": null
      },
      "start": 198,
      "end": 199,
      "loc": {
        "start": {
          "line": 6,
          "column": 8
        },
        "end": {
          "line": 6,
          "column": 9
        }
      }
    },
    {
      "type": {
        "label": "string",
        "beforeExpr": false,
        "startsExpr": true,
        "rightAssociative": false,
        "isLoop": false,
        "isAssign": false,
        "prefix": false,
        "postfix": false,
        "binop": null,
        "updateContext": null
      },
      "value": "Content Component",
      "start": 199,
      "end": 218,
      "loc": {
        "start": {
          "line": 6,
          "column": 9
        },
        "end": {
          "line": 6,
          "column": 28
        }
      }
    },
    {
      "type": {
        "label": ",",
        "beforeExpr": true,
        "startsExpr": false,
        "rightAssociative": false,
        "isLoop": false,
        "isAssign": false,
        "prefix": false,
        "postfix": false,
        "binop": null,
        "updateContext": null
      },
      "start": 218,
      "end": 219,
      "loc": {
        "start": {
          "line": 6,
          "column": 28
        },
        "end": {
          "line": 6,
          "column": 29
        }
      }
    },
    {
      "type": {
        "label": "(",
        "beforeExpr": true,
        "startsExpr": true,
        "rightAssociative": false,
        "isLoop": false,
        "isAssign": false,
        "prefix": false,
        "postfix": false,
        "binop": null
      },
      "start": 220,
      "end": 221,
      "loc": {
        "start": {
          "line": 6,
          "column": 30
        },
        "end": {
          "line": 6,
          "column": 31
        }
      }
    },
    {
      "type": {
        "label": ")",
        "beforeExpr": false,
        "startsExpr": false,
        "rightAssociative": false,
        "isLoop": false,
        "isAssign": false,
        "prefix": false,
        "postfix": false,
        "binop": null
      },
      "start": 221,
      "end": 222,
      "loc": {
        "start": {
          "line": 6,
          "column": 31
        },
        "end": {
          "line": 6,
          "column": 32
        }
      }
    },
    {
      "type": {
        "label": "=>",
        "beforeExpr": true,
        "startsExpr": false,
        "rightAssociative": false,
        "isLoop": false,
        "isAssign": false,
        "prefix": false,
        "postfix": false,
        "binop": null,
        "updateContext": null
      },
      "start": 223,
      "end": 225,
      "loc": {
        "start": {
          "line": 6,
          "column": 33
        },
        "end": {
          "line": 6,
          "column": 35
        }
      }
    },
    {
      "type": {
        "label": "{",
        "beforeExpr": true,
        "startsExpr": true,
        "rightAssociative": false,
        "isLoop": false,
        "isAssign": false,
        "prefix": false,
        "postfix": false,
        "binop": null
      },
      "start": 226,
      "end": 227,
      "loc": {
        "start": {
          "line": 6,
          "column": 36
        },
        "end": {
          "line": 6,
          "column": 37
        }
      }
    },
    {
      "type": {
        "label": "name",
        "beforeExpr": false,
        "startsExpr": true,
        "rightAssociative": false,
        "isLoop": false,
        "isAssign": false,
        "prefix": false,
        "postfix": false,
        "binop": null
      },
      "value": "it",
      "start": 230,
      "end": 232,
      "loc": {
        "start": {
          "line": 7,
          "column": 2
        },
        "end": {
          "line": 7,
          "column": 4
        }
      }
    },
    {
      "type": {
        "label": "(",
        "beforeExpr": true,
        "startsExpr": true,
        "rightAssociative": false,
        "isLoop": false,
        "isAssign": false,
        "prefix": false,
        "postfix": false,
        "binop": null
      },
      "start": 232,
      "end": 233,
      "loc": {
        "start": {
          "line": 7,
          "column": 4
        },
        "end": {
          "line": 7,
          "column": 5
        }
      }
    },
    {
      "type": {
        "label": "string",
        "beforeExpr": false,
        "startsExpr": true,
        "rightAssociative": false,
        "isLoop": false,
        "isAssign": false,
        "prefix": false,
        "postfix": false,
        "binop": null,
        "updateContext": null
      },
      "value": "Should build a content component",
      "start": 233,
      "end": 267,
      "loc": {
        "start": {
          "line": 7,
          "column": 5
        },
        "end": {
          "line": 7,
          "column": 39
        }
      }
    },
    {
      "type": {
        "label": ",",
        "beforeExpr": true,
        "startsExpr": false,
        "rightAssociative": false,
        "isLoop": false,
        "isAssign": false,
        "prefix": false,
        "postfix": false,
        "binop": null,
        "updateContext": null
      },
      "start": 267,
      "end": 268,
      "loc": {
        "start": {
          "line": 7,
          "column": 39
        },
        "end": {
          "line": 7,
          "column": 40
        }
      }
    },
    {
      "type": {
        "label": "(",
        "beforeExpr": true,
        "startsExpr": true,
        "rightAssociative": false,
        "isLoop": false,
        "isAssign": false,
        "prefix": false,
        "postfix": false,
        "binop": null
      },
      "start": 269,
      "end": 270,
      "loc": {
        "start": {
          "line": 7,
          "column": 41
        },
        "end": {
          "line": 7,
          "column": 42
        }
      }
    },
    {
      "type": {
        "label": "name",
        "beforeExpr": false,
        "startsExpr": true,
        "rightAssociative": false,
        "isLoop": false,
        "isAssign": false,
        "prefix": false,
        "postfix": false,
        "binop": null
      },
      "value": "done",
      "start": 270,
      "end": 274,
      "loc": {
        "start": {
          "line": 7,
          "column": 42
        },
        "end": {
          "line": 7,
          "column": 46
        }
      }
    },
    {
      "type": {
        "label": ")",
        "beforeExpr": false,
        "startsExpr": false,
        "rightAssociative": false,
        "isLoop": false,
        "isAssign": false,
        "prefix": false,
        "postfix": false,
        "binop": null
      },
      "start": 274,
      "end": 275,
      "loc": {
        "start": {
          "line": 7,
          "column": 46
        },
        "end": {
          "line": 7,
          "column": 47
        }
      }
    },
    {
      "type": {
        "label": "=>",
        "beforeExpr": true,
        "startsExpr": false,
        "rightAssociative": false,
        "isLoop": false,
        "isAssign": false,
        "prefix": false,
        "postfix": false,
        "binop": null,
        "updateContext": null
      },
      "start": 276,
      "end": 278,
      "loc": {
        "start": {
          "line": 7,
          "column": 48
        },
        "end": {
          "line": 7,
          "column": 50
        }
      }
    },
    {
      "type": {
        "label": "{",
        "beforeExpr": true,
        "startsExpr": true,
        "rightAssociative": false,
        "isLoop": false,
        "isAssign": false,
        "prefix": false,
        "postfix": false,
        "binop": null
      },
      "start": 279,
      "end": 280,
      "loc": {
        "start": {
          "line": 7,
          "column": 51
        },
        "end": {
          "line": 7,
          "column": 52
        }
      }
    },
    {
      "type": {
        "label": "name",
        "beforeExpr": false,
        "startsExpr": true,
        "rightAssociative": false,
        "isLoop": false,
        "isAssign": false,
        "prefix": false,
        "postfix": false,
        "binop": null
      },
      "value": "Harness",
      "start": 285,
      "end": 292,
      "loc": {
        "start": {
          "line": 8,
          "column": 4
        },
        "end": {
          "line": 8,
          "column": 11
        }
      }
    },
    {
      "type": {
        "label": ".",
        "beforeExpr": false,
        "startsExpr": false,
        "rightAssociative": false,
        "isLoop": false,
        "isAssign": false,
        "prefix": false,
        "postfix": false,
        "binop": null,
        "updateContext": null
      },
      "start": 292,
      "end": 293,
      "loc": {
        "start": {
          "line": 8,
          "column": 11
        },
        "end": {
          "line": 8,
          "column": 12
        }
      }
    },
    {
      "type": {
        "label": "name",
        "beforeExpr": false,
        "startsExpr": true,
        "rightAssociative": false,
        "isLoop": false,
        "isAssign": false,
        "prefix": false,
        "postfix": false,
        "binop": null
      },
      "value": "testCreate",
      "start": 293,
      "end": 303,
      "loc": {
        "start": {
          "line": 8,
          "column": 12
        },
        "end": {
          "line": 8,
          "column": 22
        }
      }
    },
    {
      "type": {
        "label": "(",
        "beforeExpr": true,
        "startsExpr": true,
        "rightAssociative": false,
        "isLoop": false,
        "isAssign": false,
        "prefix": false,
        "postfix": false,
        "binop": null
      },
      "start": 303,
      "end": 304,
      "loc": {
        "start": {
          "line": 8,
          "column": 22
        },
        "end": {
          "line": 8,
          "column": 23
        }
      }
    },
    {
      "type": {
        "label": "name",
        "beforeExpr": false,
        "startsExpr": true,
        "rightAssociative": false,
        "isLoop": false,
        "isAssign": false,
        "prefix": false,
        "postfix": false,
        "binop": null
      },
      "value": "ContentComponent",
      "start": 304,
      "end": 320,
      "loc": {
        "start": {
          "line": 8,
          "column": 23
        },
        "end": {
          "line": 8,
          "column": 39
        }
      }
    },
    {
      "type": {
        "label": ",",
        "beforeExpr": true,
        "startsExpr": false,
        "rightAssociative": false,
        "isLoop": false,
        "isAssign": false,
        "prefix": false,
        "postfix": false,
        "binop": null,
        "updateContext": null
      },
      "start": 320,
      "end": 321,
      "loc": {
        "start": {
          "line": 8,
          "column": 39
        },
        "end": {
          "line": 8,
          "column": 40
        }
      }
    },
    {
      "type": {
        "label": "name",
        "beforeExpr": false,
        "startsExpr": true,
        "rightAssociative": false,
        "isLoop": false,
        "isAssign": false,
        "prefix": false,
        "postfix": false,
        "binop": null
      },
      "value": "comps",
      "start": 322,
      "end": 327,
      "loc": {
        "start": {
          "line": 8,
          "column": 41
        },
        "end": {
          "line": 8,
          "column": 46
        }
      }
    },
    {
      "type": {
        "label": ".",
        "beforeExpr": false,
        "startsExpr": false,
        "rightAssociative": false,
        "isLoop": false,
        "isAssign": false,
        "prefix": false,
        "postfix": false,
        "binop": null,
        "updateContext": null
      },
      "start": 327,
      "end": 328,
      "loc": {
        "start": {
          "line": 8,
          "column": 46
        },
        "end": {
          "line": 8,
          "column": 47
        }
      }
    },
    {
      "type": {
        "label": "name",
        "beforeExpr": false,
        "startsExpr": true,
        "rightAssociative": false,
        "isLoop": false,
        "isAssign": false,
        "prefix": false,
        "postfix": false,
        "binop": null
      },
      "value": "comp1",
      "start": 328,
      "end": 333,
      "loc": {
        "start": {
          "line": 8,
          "column": 47
        },
        "end": {
          "line": 8,
          "column": 52
        }
      }
    },
    {
      "type": {
        "label": ")",
        "beforeExpr": false,
        "startsExpr": false,
        "rightAssociative": false,
        "isLoop": false,
        "isAssign": false,
        "prefix": false,
        "postfix": false,
        "binop": null
      },
      "start": 333,
      "end": 334,
      "loc": {
        "start": {
          "line": 8,
          "column": 52
        },
        "end": {
          "line": 8,
          "column": 53
        }
      }
    },
    {
      "type": {
        "label": ".",
        "beforeExpr": false,
        "startsExpr": false,
        "rightAssociative": false,
        "isLoop": false,
        "isAssign": false,
        "prefix": false,
        "postfix": false,
        "binop": null,
        "updateContext": null
      },
      "start": 334,
      "end": 335,
      "loc": {
        "start": {
          "line": 8,
          "column": 53
        },
        "end": {
          "line": 8,
          "column": 54
        }
      }
    },
    {
      "type": {
        "label": "name",
        "beforeExpr": false,
        "startsExpr": true,
        "rightAssociative": false,
        "isLoop": false,
        "isAssign": false,
        "prefix": false,
        "postfix": false,
        "binop": null
      },
      "value": "then",
      "start": 335,
      "end": 339,
      "loc": {
        "start": {
          "line": 8,
          "column": 54
        },
        "end": {
          "line": 8,
          "column": 58
        }
      }
    },
    {
      "type": {
        "label": "(",
        "beforeExpr": true,
        "startsExpr": true,
        "rightAssociative": false,
        "isLoop": false,
        "isAssign": false,
        "prefix": false,
        "postfix": false,
        "binop": null
      },
      "start": 339,
      "end": 340,
      "loc": {
        "start": {
          "line": 8,
          "column": 58
        },
        "end": {
          "line": 8,
          "column": 59
        }
      }
    },
    {
      "type": {
        "label": "(",
        "beforeExpr": true,
        "startsExpr": true,
        "rightAssociative": false,
        "isLoop": false,
        "isAssign": false,
        "prefix": false,
        "postfix": false,
        "binop": null
      },
      "start": 340,
      "end": 341,
      "loc": {
        "start": {
          "line": 8,
          "column": 59
        },
        "end": {
          "line": 8,
          "column": 60
        }
      }
    },
    {
      "type": {
        "label": "name",
        "beforeExpr": false,
        "startsExpr": true,
        "rightAssociative": false,
        "isLoop": false,
        "isAssign": false,
        "prefix": false,
        "postfix": false,
        "binop": null
      },
      "value": "component",
      "start": 341,
      "end": 350,
      "loc": {
        "start": {
          "line": 8,
          "column": 60
        },
        "end": {
          "line": 8,
          "column": 69
        }
      }
    },
    {
      "type": {
        "label": ")",
        "beforeExpr": false,
        "startsExpr": false,
        "rightAssociative": false,
        "isLoop": false,
        "isAssign": false,
        "prefix": false,
        "postfix": false,
        "binop": null
      },
      "start": 350,
      "end": 351,
      "loc": {
        "start": {
          "line": 8,
          "column": 69
        },
        "end": {
          "line": 8,
          "column": 70
        }
      }
    },
    {
      "type": {
        "label": "=>",
        "beforeExpr": true,
        "startsExpr": false,
        "rightAssociative": false,
        "isLoop": false,
        "isAssign": false,
        "prefix": false,
        "postfix": false,
        "binop": null,
        "updateContext": null
      },
      "start": 352,
      "end": 354,
      "loc": {
        "start": {
          "line": 8,
          "column": 71
        },
        "end": {
          "line": 8,
          "column": 73
        }
      }
    },
    {
      "type": {
        "label": "{",
        "beforeExpr": true,
        "startsExpr": true,
        "rightAssociative": false,
        "isLoop": false,
        "isAssign": false,
        "prefix": false,
        "postfix": false,
        "binop": null
      },
      "start": 355,
      "end": 356,
      "loc": {
        "start": {
          "line": 8,
          "column": 74
        },
        "end": {
          "line": 8,
          "column": 75
        }
      }
    },
    {
      "type": {
        "label": "name",
        "beforeExpr": false,
        "startsExpr": true,
        "rightAssociative": false,
        "isLoop": false,
        "isAssign": false,
        "prefix": false,
        "postfix": false,
        "binop": null
      },
      "value": "assert",
      "start": 363,
      "end": 369,
      "loc": {
        "start": {
          "line": 9,
          "column": 6
        },
        "end": {
          "line": 9,
          "column": 12
        }
      }
    },
    {
      "type": {
        "label": ".",
        "beforeExpr": false,
        "startsExpr": false,
        "rightAssociative": false,
        "isLoop": false,
        "isAssign": false,
        "prefix": false,
        "postfix": false,
        "binop": null,
        "updateContext": null
      },
      "start": 369,
      "end": 370,
      "loc": {
        "start": {
          "line": 9,
          "column": 12
        },
        "end": {
          "line": 9,
          "column": 13
        }
      }
    },
    {
      "type": {
        "label": "name",
        "beforeExpr": false,
        "startsExpr": true,
        "rightAssociative": false,
        "isLoop": false,
        "isAssign": false,
        "prefix": false,
        "postfix": false,
        "binop": null
      },
      "value": "equal",
      "start": 370,
      "end": 375,
      "loc": {
        "start": {
          "line": 9,
          "column": 13
        },
        "end": {
          "line": 9,
          "column": 18
        }
      }
    },
    {
      "type": {
        "label": "(",
        "beforeExpr": true,
        "startsExpr": true,
        "rightAssociative": false,
        "isLoop": false,
        "isAssign": false,
        "prefix": false,
        "postfix": false,
        "binop": null
      },
      "start": 375,
      "end": 376,
      "loc": {
        "start": {
          "line": 9,
          "column": 18
        },
        "end": {
          "line": 9,
          "column": 19
        }
      }
    },
    {
      "type": {
        "label": "name",
        "beforeExpr": false,
        "startsExpr": true,
        "rightAssociative": false,
        "isLoop": false,
        "isAssign": false,
        "prefix": false,
        "postfix": false,
        "binop": null
      },
      "value": "component",
      "start": 376,
      "end": 385,
      "loc": {
        "start": {
          "line": 9,
          "column": 19
        },
        "end": {
          "line": 9,
          "column": 28
        }
      }
    },
    {
      "type": {
        "label": ".",
        "beforeExpr": false,
        "startsExpr": false,
        "rightAssociative": false,
        "isLoop": false,
        "isAssign": false,
        "prefix": false,
        "postfix": false,
        "binop": null,
        "updateContext": null
      },
      "start": 385,
      "end": 386,
      "loc": {
        "start": {
          "line": 9,
          "column": 28
        },
        "end": {
          "line": 9,
          "column": 29
        }
      }
    },
    {
      "type": {
        "label": "name",
        "beforeExpr": false,
        "startsExpr": true,
        "rightAssociative": false,
        "isLoop": false,
        "isAssign": false,
        "prefix": false,
        "postfix": false,
        "binop": null
      },
      "value": "element",
      "start": 386,
      "end": 393,
      "loc": {
        "start": {
          "line": 9,
          "column": 29
        },
        "end": {
          "line": 9,
          "column": 36
        }
      }
    },
    {
      "type": {
        "label": ".",
        "beforeExpr": false,
        "startsExpr": false,
        "rightAssociative": false,
        "isLoop": false,
        "isAssign": false,
        "prefix": false,
        "postfix": false,
        "binop": null,
        "updateContext": null
      },
      "start": 393,
      "end": 394,
      "loc": {
        "start": {
          "line": 9,
          "column": 36
        },
        "end": {
          "line": 9,
          "column": 37
        }
      }
    },
    {
      "type": {
        "label": "name",
        "beforeExpr": false,
        "startsExpr": true,
        "rightAssociative": false,
        "isLoop": false,
        "isAssign": false,
        "prefix": false,
        "postfix": false,
        "binop": null
      },
      "value": "innerHTML",
      "start": 394,
      "end": 403,
      "loc": {
        "start": {
          "line": 9,
          "column": 37
        },
        "end": {
          "line": 9,
          "column": 46
        }
      }
    },
    {
      "type": {
        "label": ",",
        "beforeExpr": true,
        "startsExpr": false,
        "rightAssociative": false,
        "isLoop": false,
        "isAssign": false,
        "prefix": false,
        "postfix": false,
        "binop": null,
        "updateContext": null
      },
      "start": 403,
      "end": 404,
      "loc": {
        "start": {
          "line": 9,
          "column": 46
        },
        "end": {
          "line": 9,
          "column": 47
        }
      }
    },
    {
      "type": {
        "label": "name",
        "beforeExpr": false,
        "startsExpr": true,
        "rightAssociative": false,
        "isLoop": false,
        "isAssign": false,
        "prefix": false,
        "postfix": false,
        "binop": null
      },
      "value": "comps",
      "start": 405,
      "end": 410,
      "loc": {
        "start": {
          "line": 9,
          "column": 48
        },
        "end": {
          "line": 9,
          "column": 53
        }
      }
    },
    {
      "type": {
        "label": ".",
        "beforeExpr": false,
        "startsExpr": false,
        "rightAssociative": false,
        "isLoop": false,
        "isAssign": false,
        "prefix": false,
        "postfix": false,
        "binop": null,
        "updateContext": null
      },
      "start": 410,
      "end": 411,
      "loc": {
        "start": {
          "line": 9,
          "column": 53
        },
        "end": {
          "line": 9,
          "column": 54
        }
      }
    },
    {
      "type": {
        "label": "name",
        "beforeExpr": false,
        "startsExpr": true,
        "rightAssociative": false,
        "isLoop": false,
        "isAssign": false,
        "prefix": false,
        "postfix": false,
        "binop": null
      },
      "value": "comp1",
      "start": 411,
      "end": 416,
      "loc": {
        "start": {
          "line": 9,
          "column": 54
        },
        "end": {
          "line": 9,
          "column": 59
        }
      }
    },
    {
      "type": {
        "label": ".",
        "beforeExpr": false,
        "startsExpr": false,
        "rightAssociative": false,
        "isLoop": false,
        "isAssign": false,
        "prefix": false,
        "postfix": false,
        "binop": null,
        "updateContext": null
      },
      "start": 416,
      "end": 417,
      "loc": {
        "start": {
          "line": 9,
          "column": 59
        },
        "end": {
          "line": 9,
          "column": 60
        }
      }
    },
    {
      "type": {
        "label": "name",
        "beforeExpr": false,
        "startsExpr": true,
        "rightAssociative": false,
        "isLoop": false,
        "isAssign": false,
        "prefix": false,
        "postfix": false,
        "binop": null
      },
      "value": "html",
      "start": 417,
      "end": 421,
      "loc": {
        "start": {
          "line": 9,
          "column": 60
        },
        "end": {
          "line": 9,
          "column": 64
        }
      }
    },
    {
      "type": {
        "label": ")",
        "beforeExpr": false,
        "startsExpr": false,
        "rightAssociative": false,
        "isLoop": false,
        "isAssign": false,
        "prefix": false,
        "postfix": false,
        "binop": null
      },
      "start": 421,
      "end": 422,
      "loc": {
        "start": {
          "line": 9,
          "column": 64
        },
        "end": {
          "line": 9,
          "column": 65
        }
      }
    },
    {
      "type": {
        "label": ";",
        "beforeExpr": true,
        "startsExpr": false,
        "rightAssociative": false,
        "isLoop": false,
        "isAssign": false,
        "prefix": false,
        "postfix": false,
        "binop": null,
        "updateContext": null
      },
      "start": 422,
      "end": 423,
      "loc": {
        "start": {
          "line": 9,
          "column": 65
        },
        "end": {
          "line": 9,
          "column": 66
        }
      }
    },
    {
      "type": {
        "label": "name",
        "beforeExpr": false,
        "startsExpr": true,
        "rightAssociative": false,
        "isLoop": false,
        "isAssign": false,
        "prefix": false,
        "postfix": false,
        "binop": null
      },
      "value": "done",
      "start": 430,
      "end": 434,
      "loc": {
        "start": {
          "line": 10,
          "column": 6
        },
        "end": {
          "line": 10,
          "column": 10
        }
      }
    },
    {
      "type": {
        "label": "(",
        "beforeExpr": true,
        "startsExpr": true,
        "rightAssociative": false,
        "isLoop": false,
        "isAssign": false,
        "prefix": false,
        "postfix": false,
        "binop": null
      },
      "start": 434,
      "end": 435,
      "loc": {
        "start": {
          "line": 10,
          "column": 10
        },
        "end": {
          "line": 10,
          "column": 11
        }
      }
    },
    {
      "type": {
        "label": ")",
        "beforeExpr": false,
        "startsExpr": false,
        "rightAssociative": false,
        "isLoop": false,
        "isAssign": false,
        "prefix": false,
        "postfix": false,
        "binop": null
      },
      "start": 435,
      "end": 436,
      "loc": {
        "start": {
          "line": 10,
          "column": 11
        },
        "end": {
          "line": 10,
          "column": 12
        }
      }
    },
    {
      "type": {
        "label": ";",
        "beforeExpr": true,
        "startsExpr": false,
        "rightAssociative": false,
        "isLoop": false,
        "isAssign": false,
        "prefix": false,
        "postfix": false,
        "binop": null,
        "updateContext": null
      },
      "start": 436,
      "end": 437,
      "loc": {
        "start": {
          "line": 10,
          "column": 12
        },
        "end": {
          "line": 10,
          "column": 13
        }
      }
    },
    {
      "type": {
        "label": "}",
        "beforeExpr": false,
        "startsExpr": false,
        "rightAssociative": false,
        "isLoop": false,
        "isAssign": false,
        "prefix": false,
        "postfix": false,
        "binop": null
      },
      "start": 442,
      "end": 443,
      "loc": {
        "start": {
          "line": 11,
          "column": 4
        },
        "end": {
          "line": 11,
          "column": 5
        }
      }
    },
    {
      "type": {
        "label": ")",
        "beforeExpr": false,
        "startsExpr": false,
        "rightAssociative": false,
        "isLoop": false,
        "isAssign": false,
        "prefix": false,
        "postfix": false,
        "binop": null
      },
      "start": 443,
      "end": 444,
      "loc": {
        "start": {
          "line": 11,
          "column": 5
        },
        "end": {
          "line": 11,
          "column": 6
        }
      }
    },
    {
      "type": {
        "label": ";",
        "beforeExpr": true,
        "startsExpr": false,
        "rightAssociative": false,
        "isLoop": false,
        "isAssign": false,
        "prefix": false,
        "postfix": false,
        "binop": null,
        "updateContext": null
      },
      "start": 444,
      "end": 445,
      "loc": {
        "start": {
          "line": 11,
          "column": 6
        },
        "end": {
          "line": 11,
          "column": 7
        }
      }
    },
    {
      "type": {
        "label": "}",
        "beforeExpr": false,
        "startsExpr": false,
        "rightAssociative": false,
        "isLoop": false,
        "isAssign": false,
        "prefix": false,
        "postfix": false,
        "binop": null
      },
      "start": 448,
      "end": 449,
      "loc": {
        "start": {
          "line": 12,
          "column": 2
        },
        "end": {
          "line": 12,
          "column": 3
        }
      }
    },
    {
      "type": {
        "label": ")",
        "beforeExpr": false,
        "startsExpr": false,
        "rightAssociative": false,
        "isLoop": false,
        "isAssign": false,
        "prefix": false,
        "postfix": false,
        "binop": null
      },
      "start": 449,
      "end": 450,
      "loc": {
        "start": {
          "line": 12,
          "column": 3
        },
        "end": {
          "line": 12,
          "column": 4
        }
      }
    },
    {
      "type": {
        "label": ";",
        "beforeExpr": true,
        "startsExpr": false,
        "rightAssociative": false,
        "isLoop": false,
        "isAssign": false,
        "prefix": false,
        "postfix": false,
        "binop": null,
        "updateContext": null
      },
      "start": 450,
      "end": 451,
      "loc": {
        "start": {
          "line": 12,
          "column": 4
        },
        "end": {
          "line": 12,
          "column": 5
        }
      }
    },
    {
      "type": {
        "label": "}",
        "beforeExpr": false,
        "startsExpr": false,
        "rightAssociative": false,
        "isLoop": false,
        "isAssign": false,
        "prefix": false,
        "postfix": false,
        "binop": null
      },
      "start": 452,
      "end": 453,
      "loc": {
        "start": {
          "line": 13,
          "column": 0
        },
        "end": {
          "line": 13,
          "column": 1
        }
      }
    },
    {
      "type": {
        "label": ")",
        "beforeExpr": false,
        "startsExpr": false,
        "rightAssociative": false,
        "isLoop": false,
        "isAssign": false,
        "prefix": false,
        "postfix": false,
        "binop": null
      },
      "start": 453,
      "end": 454,
      "loc": {
        "start": {
          "line": 13,
          "column": 1
        },
        "end": {
          "line": 13,
          "column": 2
        }
      }
    },
    {
      "type": {
        "label": ";",
        "beforeExpr": true,
        "startsExpr": false,
        "rightAssociative": false,
        "isLoop": false,
        "isAssign": false,
        "prefix": false,
        "postfix": false,
        "binop": null,
        "updateContext": null
      },
      "start": 454,
      "end": 455,
      "loc": {
        "start": {
          "line": 13,
          "column": 2
        },
        "end": {
          "line": 13,
          "column": 3
        }
      }
    },
    {
      "type": {
        "label": "eof",
        "beforeExpr": false,
        "startsExpr": false,
        "rightAssociative": false,
        "isLoop": false,
        "isAssign": false,
        "prefix": false,
        "postfix": false,
        "binop": null,
        "updateContext": null
      },
      "start": 456,
      "end": 456,
      "loc": {
        "start": {
          "line": 14,
          "column": 0
        },
        "end": {
          "line": 14,
          "column": 0
        }
      }
    }
  ]
}