{
  "type": "File",
  "start": 0,
  "end": 119,
  "loc": {
    "start": {
      "line": 1,
      "column": 0
    },
    "end": {
      "line": 5,
      "column": 0
    }
  },
  "program": {
    "type": "Program",
    "start": 0,
    "end": 119,
    "loc": {
      "start": {
        "line": 1,
        "column": 0
      },
      "end": {
        "line": 5,
        "column": 0
      }
    },
    "sourceType": "module",
    "body": [
      {
        "type": "ImportDeclaration",
        "start": 0,
        "end": 45,
        "loc": {
          "start": {
            "line": 1,
            "column": 0
          },
          "end": {
            "line": 1,
            "column": 45
          }
        },
        "specifiers": [
          {
            "type": "ImportDefaultSpecifier",
            "start": 7,
            "end": 19,
            "loc": {
              "start": {
                "line": 1,
                "column": 7
              },
              "end": {
                "line": 1,
                "column": 19
              }
            },
            "local": {
              "type": "Identifier",
              "start": 7,
              "end": 19,
              "loc": {
                "start": {
                  "line": 1,
                  "column": 7
                },
                "end": {
                  "line": 1,
                  "column": 19
                },
                "identifierName": "baseEditForm"
              },
              "name": "baseEditForm"
            }
          }
        ],
        "source": {
          "type": "StringLiteral",
          "start": 25,
          "end": 44,
          "loc": {
            "start": {
              "line": 1,
              "column": 25
            },
            "end": {
              "line": 1,
              "column": 44
            }
          },
          "extra": {
            "rawValue": "../base/Base.form",
            "raw": "'../base/Base.form'"
          },
          "value": "../base/Base.form"
        }
      },
      {
        "type": "ExportDefaultDeclaration",
        "start": 46,
        "end": 118,
        "loc": {
          "start": {
            "line": 2,
            "column": 0
          },
          "end": {
            "line": 4,
            "column": 1
          }
        },
        "declaration": {
          "type": "FunctionDeclaration",
          "start": 61,
          "end": 118,
          "loc": {
            "start": {
              "line": 2,
              "column": 15
            },
            "end": {
              "line": 4,
              "column": 1
            }
          },
          "id": null,
          "generator": false,
          "expression": false,
          "async": false,
          "params": [
            {
              "type": "RestElement",
              "start": 70,
              "end": 79,
              "loc": {
                "start": {
                  "line": 2,
                  "column": 24
                },
                "end": {
                  "line": 2,
                  "column": 33
                }
              },
              "argument": {
                "type": "Identifier",
                "start": 73,
                "end": 79,
                "loc": {
                  "start": {
                    "line": 2,
                    "column": 27
                  },
                  "end": {
                    "line": 2,
                    "column": 33
                  },
                  "identifierName": "extend"
                },
                "name": "extend"
              }
            }
          ],
          "body": {
            "type": "BlockStatement",
            "start": 81,
            "end": 118,
            "loc": {
              "start": {
                "line": 2,
                "column": 35
              },
              "end": {
                "line": 4,
                "column": 1
              }
            },
            "body": [
              {
                "type": "ReturnStatement",
                "start": 85,
                "end": 116,
                "loc": {
                  "start": {
                    "line": 3,
                    "column": 2
                  },
                  "end": {
                    "line": 3,
                    "column": 33
                  }
                },
                "argument": {
                  "type": "CallExpression",
                  "start": 92,
                  "end": 115,
                  "loc": {
                    "start": {
                      "line": 3,
                      "column": 9
                    },
                    "end": {
                      "line": 3,
                      "column": 32
                    }
                  },
                  "callee": {
                    "type": "Identifier",
                    "start": 92,
                    "end": 104,
                    "loc": {
                      "start": {
                        "line": 3,
                        "column": 9
                      },
                      "end": {
                        "line": 3,
                        "column": 21
                      },
                      "identifierName": "baseEditForm"
                    },
                    "name": "baseEditForm"
                  },
                  "arguments": [
                    {
                      "type": "SpreadElement",
                      "start": 105,
                      "end": 114,
                      "loc": {
                        "start": {
                          "line": 3,
                          "column": 22
                        },
                        "end": {
                          "line": 3,
                          "column": 31
                        }
                      },
                      "argument": {
                        "type": "Identifier",
                        "start": 108,
                        "end": 114,
                        "loc": {
                          "start": {
                            "line": 3,
                            "column": 25
                          },
                          "end": {
                            "line": 3,
                            "column": 31
                          },
                          "identifierName": "extend"
                        },
                        "name": "extend"
                      }
                    }
                  ]
                }
              }
            ],
            "directives": []
          },
          "leadingComments": [],
          "trailingComments": []
        }
      }
    ],
    "directives": []
  },
  "comments": [],
  "tokens": [
    {
      "type": {
        "label": "import",
        "keyword": "import",
        "beforeExpr": false,
        "startsExpr": true,
        "rightAssociative": false,
        "isLoop": false,
        "isAssign": false,
        "prefix": false,
        "postfix": false,
        "binop": null,
        "updateContext": null
      },
      "value": "import",
      "start": 0,
      "end": 6,
      "loc": {
        "start": {
          "line": 1,
          "column": 0
        },
        "end": {
          "line": 1,
          "column": 6
        }
      }
    },
    {
      "type": {
        "label": "name",
        "beforeExpr": false,
        "startsExpr": true,
        "rightAssociative": false,
        "isLoop": false,
        "isAssign": false,
        "prefix": false,
        "postfix": false,
        "binop": null
      },
      "value": "baseEditForm",
      "start": 7,
      "end": 19,
      "loc": {
        "start": {
          "line": 1,
          "column": 7
        },
        "end": {
          "line": 1,
          "column": 19
        }
      }
    },
    {
      "type": {
        "label": "name",
        "beforeExpr": false,
        "startsExpr": true,
        "rightAssociative": false,
        "isLoop": false,
        "isAssign": false,
        "prefix": false,
        "postfix": false,
        "binop": null
      },
      "value": "from",
      "start": 20,
      "end": 24,
      "loc": {
        "start": {
          "line": 1,
          "column": 20
        },
        "end": {
          "line": 1,
          "column": 24
        }
      }
    },
    {
      "type": {
        "label": "string",
        "beforeExpr": false,
        "startsExpr": true,
        "rightAssociative": false,
        "isLoop": false,
        "isAssign": false,
        "prefix": false,
        "postfix": false,
        "binop": null,
        "updateContext": null
      },
      "value": "../base/Base.form",
      "start": 25,
      "end": 44,
      "loc": {
        "start": {
          "line": 1,
          "column": 25
        },
        "end": {
          "line": 1,
          "column": 44
        }
      }
    },
    {
      "type": {
        "label": ";",
        "beforeExpr": true,
        "startsExpr": false,
        "rightAssociative": false,
        "isLoop": false,
        "isAssign": false,
        "prefix": false,
        "postfix": false,
        "binop": null,
        "updateContext": null
      },
      "start": 44,
      "end": 45,
      "loc": {
        "start": {
          "line": 1,
          "column": 44
        },
        "end": {
          "line": 1,
          "column": 45
        }
      }
    },
    {
      "type": {
        "label": "export",
        "keyword": "export",
        "beforeExpr": false,
        "startsExpr": false,
        "rightAssociative": false,
        "isLoop": false,
        "isAssign": false,
        "prefix": false,
        "postfix": false,
        "binop": null,
        "updateContext": null
      },
      "value": "export",
      "start": 46,
      "end": 52,
      "loc": {
        "start": {
          "line": 2,
          "column": 0
        },
        "end": {
          "line": 2,
          "column": 6
        }
      }
    },
    {
      "type": {
        "label": "default",
        "keyword": "default",
        "beforeExpr": true,
        "startsExpr": false,
        "rightAssociative": false,
        "isLoop": false,
        "isAssign": false,
        "prefix": false,
        "postfix": false,
        "binop": null,
        "updateContext": null
      },
      "value": "default",
      "start": 53,
      "end": 60,
      "loc": {
        "start": {
          "line": 2,
          "column": 7
        },
        "end": {
          "line": 2,
          "column": 14
        }
      }
    },
    {
      "type": {
        "label": "function",
        "keyword": "function",
        "beforeExpr": false,
        "startsExpr": true,
        "rightAssociative": false,
        "isLoop": false,
        "isAssign": false,
        "prefix": false,
        "postfix": false,
        "binop": null
      },
      "value": "function",
      "start": 61,
      "end": 69,
      "loc": {
        "start": {
          "line": 2,
          "column": 15
        },
        "end": {
          "line": 2,
          "column": 23
        }
      }
    },
    {
      "type": {
        "label": "(",
        "beforeExpr": true,
        "startsExpr": true,
        "rightAssociative": false,
        "isLoop": false,
        "isAssign": false,
        "prefix": false,
        "postfix": false,
        "binop": null
      },
      "start": 69,
      "end": 70,
      "loc": {
        "start": {
          "line": 2,
          "column": 23
        },
        "end": {
          "line": 2,
          "column": 24
        }
      }
    },
    {
      "type": {
        "label": "...",
        "beforeExpr": true,
        "startsExpr": false,
        "rightAssociative": false,
        "isLoop": false,
        "isAssign": false,
        "prefix": false,
        "postfix": false,
        "binop": null,
        "updateContext": null
      },
      "start": 70,
      "end": 73,
      "loc": {
        "start": {
          "line": 2,
          "column": 24
        },
        "end": {
          "line": 2,
          "column": 27
        }
      }
    },
    {
      "type": {
        "label": "name",
        "beforeExpr": false,
        "startsExpr": true,
        "rightAssociative": false,
        "isLoop": false,
        "isAssign": false,
        "prefix": false,
        "postfix": false,
        "binop": null
      },
      "value": "extend",
      "start": 73,
      "end": 79,
      "loc": {
        "start": {
          "line": 2,
          "column": 27
        },
        "end": {
          "line": 2,
          "column": 33
        }
      }
    },
    {
      "type": {
        "label": ")",
        "beforeExpr": false,
        "startsExpr": false,
        "rightAssociative": false,
        "isLoop": false,
        "isAssign": false,
        "prefix": false,
        "postfix": false,
        "binop": null
      },
      "start": 79,
      "end": 80,
      "loc": {
        "start": {
          "line": 2,
          "column": 33
        },
        "end": {
          "line": 2,
          "column": 34
        }
      }
    },
    {
      "type": {
        "label": "{",
        "beforeExpr": true,
        "startsExpr": true,
        "rightAssociative": false,
        "isLoop": false,
        "isAssign": false,
        "prefix": false,
        "postfix": false,
        "binop": null
      },
      "start": 81,
      "end": 82,
      "loc": {
        "start": {
          "line": 2,
          "column": 35
        },
        "end": {
          "line": 2,
          "column": 36
        }
      }
    },
    {
      "type": {
        "label": "return",
        "keyword": "return",
        "beforeExpr": true,
        "startsExpr": false,
        "rightAssociative": false,
        "isLoop": false,
        "isAssign": false,
        "prefix": false,
        "postfix": false,
        "binop": null,
        "updateContext": null
      },
      "value": "return",
      "start": 85,
      "end": 91,
      "loc": {
        "start": {
          "line": 3,
          "column": 2
        },
        "end": {
          "line": 3,
          "column": 8
        }
      }
    },
    {
      "type": {
        "label": "name",
        "beforeExpr": false,
        "startsExpr": true,
        "rightAssociative": false,
        "isLoop": false,
        "isAssign": false,
        "prefix": false,
        "postfix": false,
        "binop": null
      },
      "value": "baseEditForm",
      "start": 92,
      "end": 104,
      "loc": {
        "start": {
          "line": 3,
          "column": 9
        },
        "end": {
          "line": 3,
          "column": 21
        }
      }
    },
    {
      "type": {
        "label": "(",
        "beforeExpr": true,
        "startsExpr": true,
        "rightAssociative": false,
        "isLoop": false,
        "isAssign": false,
        "prefix": false,
        "postfix": false,
        "binop": null
      },
      "start": 104,
      "end": 105,
      "loc": {
        "start": {
          "line": 3,
          "column": 21
        },
        "end": {
          "line": 3,
          "column": 22
        }
      }
    },
    {
      "type": {
        "label": "...",
        "beforeExpr": true,
        "startsExpr": false,
        "rightAssociative": false,
        "isLoop": false,
        "isAssign": false,
        "prefix": false,
        "postfix": false,
        "binop": null,
        "updateContext": null
      },
      "start": 105,
      "end": 108,
      "loc": {
        "start": {
          "line": 3,
          "column": 22
        },
        "end": {
          "line": 3,
          "column": 25
        }
      }
    },
    {
      "type": {
        "label": "name",
        "beforeExpr": false,
        "startsExpr": true,
        "rightAssociative": false,
        "isLoop": false,
        "isAssign": false,
        "prefix": false,
        "postfix": false,
        "binop": null
      },
      "value": "extend",
      "start": 108,
      "end": 114,
      "loc": {
        "start": {
          "line": 3,
          "column": 25
        },
        "end": {
          "line": 3,
          "column": 31
        }
      }
    },
    {
      "type": {
        "label": ")",
        "beforeExpr": false,
        "startsExpr": false,
        "rightAssociative": false,
        "isLoop": false,
        "isAssign": false,
        "prefix": false,
        "postfix": false,
        "binop": null
      },
      "start": 114,
      "end": 115,
      "loc": {
        "start": {
          "line": 3,
          "column": 31
        },
        "end": {
          "line": 3,
          "column": 32
        }
      }
    },
    {
      "type": {
        "label": ";",
        "beforeExpr": true,
        "startsExpr": false,
        "rightAssociative": false,
        "isLoop": false,
        "isAssign": false,
        "prefix": false,
        "postfix": false,
        "binop": null,
        "updateContext": null
      },
      "start": 115,
      "end": 116,
      "loc": {
        "start": {
          "line": 3,
          "column": 32
        },
        "end": {
          "line": 3,
          "column": 33
        }
      }
    },
    {
      "type": {
        "label": "}",
        "beforeExpr": false,
        "startsExpr": false,
        "rightAssociative": false,
        "isLoop": false,
        "isAssign": false,
        "prefix": false,
        "postfix": false,
        "binop": null
      },
      "start": 117,
      "end": 118,
      "loc": {
        "start": {
          "line": 4,
          "column": 0
        },
        "end": {
          "line": 4,
          "column": 1
        }
      }
    },
    {
      "type": {
        "label": "eof",
        "beforeExpr": false,
        "startsExpr": false,
        "rightAssociative": false,
        "isLoop": false,
        "isAssign": false,
        "prefix": false,
        "postfix": false,
        "binop": null,
        "updateContext": null
      },
      "start": 119,
      "end": 119,
      "loc": {
        "start": {
          "line": 5,
          "column": 0
        },
        "end": {
          "line": 5,
          "column": 0
        }
      }
    }
  ]
}