{
  "type": "File",
  "start": 0,
  "end": 274,
  "loc": {
    "start": {
      "line": 1,
      "column": 0
    },
    "end": {
      "line": 13,
      "column": 0
    }
  },
  "program": {
    "type": "Program",
    "start": 0,
    "end": 274,
    "loc": {
      "start": {
        "line": 1,
        "column": 0
      },
      "end": {
        "line": 13,
        "column": 0
      }
    },
    "sourceType": "module",
    "body": [
      {
        "type": "ImportDeclaration",
        "start": 0,
        "end": 45,
        "loc": {
          "start": {
            "line": 1,
            "column": 0
          },
          "end": {
            "line": 1,
            "column": 45
          }
        },
        "specifiers": [
          {
            "type": "ImportDefaultSpecifier",
            "start": 7,
            "end": 19,
            "loc": {
              "start": {
                "line": 1,
                "column": 7
              },
              "end": {
                "line": 1,
                "column": 19
              }
            },
            "local": {
              "type": "Identifier",
              "start": 7,
              "end": 19,
              "loc": {
                "start": {
                  "line": 1,
                  "column": 7
                },
                "end": {
                  "line": 1,
                  "column": 19
                },
                "identifierName": "baseEditForm"
              },
              "name": "baseEditForm"
            }
          }
        ],
        "source": {
          "type": "StringLiteral",
          "start": 25,
          "end": 44,
          "loc": {
            "start": {
              "line": 1,
              "column": 25
            },
            "end": {
              "line": 1,
              "column": 44
            }
          },
          "extra": {
            "rawValue": "../base/Base.form",
            "raw": "'../base/Base.form'"
          },
          "value": "../base/Base.form"
        }
      },
      {
        "type": "ImportDeclaration",
        "start": 47,
        "end": 116,
        "loc": {
          "start": {
            "line": 3,
            "column": 0
          },
          "end": {
            "line": 3,
            "column": 69
          }
        },
        "specifiers": [
          {
            "type": "ImportDefaultSpecifier",
            "start": 54,
            "end": 74,
            "loc": {
              "start": {
                "line": 3,
                "column": 7
              },
              "end": {
                "line": 3,
                "column": 27
              }
            },
            "local": {
              "type": "Identifier",
              "start": 54,
              "end": 74,
              "loc": {
                "start": {
                  "line": 3,
                  "column": 7
                },
                "end": {
                  "line": 3,
                  "column": 27
                },
                "identifierName": "NumberEditValidation"
              },
              "name": "NumberEditValidation"
            }
          }
        ],
        "source": {
          "type": "StringLiteral",
          "start": 80,
          "end": 115,
          "loc": {
            "start": {
              "line": 3,
              "column": 33
            },
            "end": {
              "line": 3,
              "column": 68
            }
          },
          "extra": {
            "rawValue": "./editForm/Number.edit.validation",
            "raw": "'./editForm/Number.edit.validation'"
          },
          "value": "./editForm/Number.edit.validation"
        }
      },
      {
        "type": "ExportDefaultDeclaration",
        "start": 118,
        "end": 273,
        "loc": {
          "start": {
            "line": 5,
            "column": 0
          },
          "end": {
            "line": 12,
            "column": 1
          }
        },
        "declaration": {
          "type": "FunctionDeclaration",
          "start": 133,
          "end": 273,
          "loc": {
            "start": {
              "line": 5,
              "column": 15
            },
            "end": {
              "line": 12,
              "column": 1
            }
          },
          "id": null,
          "generator": false,
          "expression": false,
          "async": false,
          "params": [
            {
              "type": "RestElement",
              "start": 142,
              "end": 151,
              "loc": {
                "start": {
                  "line": 5,
                  "column": 24
                },
                "end": {
                  "line": 5,
                  "column": 33
                }
              },
              "argument": {
                "type": "Identifier",
                "start": 145,
                "end": 151,
                "loc": {
                  "start": {
                    "line": 5,
                    "column": 27
                  },
                  "end": {
                    "line": 5,
                    "column": 33
                  },
                  "identifierName": "extend"
                },
                "name": "extend"
              }
            }
          ],
          "body": {
            "type": "BlockStatement",
            "start": 153,
            "end": 273,
            "loc": {
              "start": {
                "line": 5,
                "column": 35
              },
              "end": {
                "line": 12,
                "column": 1
              }
            },
            "body": [
              {
                "type": "ReturnStatement",
                "start": 157,
                "end": 271,
                "loc": {
                  "start": {
                    "line": 6,
                    "column": 2
                  },
                  "end": {
                    "line": 11,
                    "column": 5
                  }
                },
                "argument": {
                  "type": "CallExpression",
                  "start": 164,
                  "end": 270,
                  "loc": {
                    "start": {
                      "line": 6,
                      "column": 9
                    },
                    "end": {
                      "line": 11,
                      "column": 4
                    }
                  },
                  "callee": {
                    "type": "Identifier",
                    "start": 164,
                    "end": 176,
                    "loc": {
                      "start": {
                        "line": 6,
                        "column": 9
                      },
                      "end": {
                        "line": 6,
                        "column": 21
                      },
                      "identifierName": "baseEditForm"
                    },
                    "name": "baseEditForm"
                  },
                  "arguments": [
                    {
                      "type": "SpreadElement",
                      "start": 177,
                      "end": 186,
                      "loc": {
                        "start": {
                          "line": 6,
                          "column": 22
                        },
                        "end": {
                          "line": 6,
                          "column": 31
                        }
                      },
                      "argument": {
                        "type": "Identifier",
                        "start": 180,
                        "end": 186,
                        "loc": {
                          "start": {
                            "line": 6,
                            "column": 25
                          },
                          "end": {
                            "line": 6,
                            "column": 31
                          },
                          "identifierName": "extend"
                        },
                        "name": "extend"
                      }
                    },
                    {
                      "type": "ArrayExpression",
                      "start": 188,
                      "end": 269,
                      "loc": {
                        "start": {
                          "line": 6,
                          "column": 33
                        },
                        "end": {
                          "line": 11,
                          "column": 3
                        }
                      },
                      "elements": [
                        {
                          "type": "ObjectExpression",
                          "start": 194,
                          "end": 265,
                          "loc": {
                            "start": {
                              "line": 7,
                              "column": 4
                            },
                            "end": {
                              "line": 10,
                              "column": 5
                            }
                          },
                          "properties": [
                            {
                              "type": "ObjectProperty",
                              "start": 202,
                              "end": 219,
                              "loc": {
                                "start": {
                                  "line": 8,
                                  "column": 6
                                },
                                "end": {
                                  "line": 8,
                                  "column": 23
                                }
                              },
                              "method": false,
                              "shorthand": false,
                              "computed": false,
                              "key": {
                                "type": "Identifier",
                                "start": 202,
                                "end": 205,
                                "loc": {
                                  "start": {
                                    "line": 8,
                                    "column": 6
                                  },
                                  "end": {
                                    "line": 8,
                                    "column": 9
                                  },
                                  "identifierName": "key"
                                },
                                "name": "key"
                              },
                              "value": {
                                "type": "StringLiteral",
                                "start": 207,
                                "end": 219,
                                "loc": {
                                  "start": {
                                    "line": 8,
                                    "column": 11
                                  },
                                  "end": {
                                    "line": 8,
                                    "column": 23
                                  }
                                },
                                "extra": {
                                  "rawValue": "validation",
                                  "raw": "'validation'"
                                },
                                "value": "validation"
                              }
                            },
                            {
                              "type": "ObjectProperty",
                              "start": 227,
                              "end": 259,
                              "loc": {
                                "start": {
                                  "line": 9,
                                  "column": 6
                                },
                                "end": {
                                  "line": 9,
                                  "column": 38
                                }
                              },
                              "method": false,
                              "shorthand": false,
                              "computed": false,
                              "key": {
                                "type": "Identifier",
                                "start": 227,
                                "end": 237,
                                "loc": {
                                  "start": {
                                    "line": 9,
                                    "column": 6
                                  },
                                  "end": {
                                    "line": 9,
                                    "column": 16
                                  },
                                  "identifierName": "components"
                                },
                                "name": "components"
                              },
                              "value": {
                                "type": "Identifier",
                                "start": 239,
                                "end": 259,
                                "loc": {
                                  "start": {
                                    "line": 9,
                                    "column": 18
                                  },
                                  "end": {
                                    "line": 9,
                                    "column": 38
                                  },
                                  "identifierName": "NumberEditValidation"
                                },
                                "name": "NumberEditValidation"
                              }
                            }
                          ]
                        }
                      ]
                    }
                  ]
                }
              }
            ],
            "directives": []
          },
          "leadingComments": [],
          "trailingComments": []
        }
      }
    ],
    "directives": []
  },
  "comments": [],
  "tokens": [
    {
      "type": {
        "label": "import",
        "keyword": "import",
        "beforeExpr": false,
        "startsExpr": true,
        "rightAssociative": false,
        "isLoop": false,
        "isAssign": false,
        "prefix": false,
        "postfix": false,
        "binop": null,
        "updateContext": null
      },
      "value": "import",
      "start": 0,
      "end": 6,
      "loc": {
        "start": {
          "line": 1,
          "column": 0
        },
        "end": {
          "line": 1,
          "column": 6
        }
      }
    },
    {
      "type": {
        "label": "name",
        "beforeExpr": false,
        "startsExpr": true,
        "rightAssociative": false,
        "isLoop": false,
        "isAssign": false,
        "prefix": false,
        "postfix": false,
        "binop": null
      },
      "value": "baseEditForm",
      "start": 7,
      "end": 19,
      "loc": {
        "start": {
          "line": 1,
          "column": 7
        },
        "end": {
          "line": 1,
          "column": 19
        }
      }
    },
    {
      "type": {
        "label": "name",
        "beforeExpr": false,
        "startsExpr": true,
        "rightAssociative": false,
        "isLoop": false,
        "isAssign": false,
        "prefix": false,
        "postfix": false,
        "binop": null
      },
      "value": "from",
      "start": 20,
      "end": 24,
      "loc": {
        "start": {
          "line": 1,
          "column": 20
        },
        "end": {
          "line": 1,
          "column": 24
        }
      }
    },
    {
      "type": {
        "label": "string",
        "beforeExpr": false,
        "startsExpr": true,
        "rightAssociative": false,
        "isLoop": false,
        "isAssign": false,
        "prefix": false,
        "postfix": false,
        "binop": null,
        "updateContext": null
      },
      "value": "../base/Base.form",
      "start": 25,
      "end": 44,
      "loc": {
        "start": {
          "line": 1,
          "column": 25
        },
        "end": {
          "line": 1,
          "column": 44
        }
      }
    },
    {
      "type": {
        "label": ";",
        "beforeExpr": true,
        "startsExpr": false,
        "rightAssociative": false,
        "isLoop": false,
        "isAssign": false,
        "prefix": false,
        "postfix": false,
        "binop": null,
        "updateContext": null
      },
      "start": 44,
      "end": 45,
      "loc": {
        "start": {
          "line": 1,
          "column": 44
        },
        "end": {
          "line": 1,
          "column": 45
        }
      }
    },
    {
      "type": {
        "label": "import",
        "keyword": "import",
        "beforeExpr": false,
        "startsExpr": true,
        "rightAssociative": false,
        "isLoop": false,
        "isAssign": false,
        "prefix": false,
        "postfix": false,
        "binop": null,
        "updateContext": null
      },
      "value": "import",
      "start": 47,
      "end": 53,
      "loc": {
        "start": {
          "line": 3,
          "column": 0
        },
        "end": {
          "line": 3,
          "column": 6
        }
      }
    },
    {
      "type": {
        "label": "name",
        "beforeExpr": false,
        "startsExpr": true,
        "rightAssociative": false,
        "isLoop": false,
        "isAssign": false,
        "prefix": false,
        "postfix": false,
        "binop": null
      },
      "value": "NumberEditValidation",
      "start": 54,
      "end": 74,
      "loc": {
        "start": {
          "line": 3,
          "column": 7
        },
        "end": {
          "line": 3,
          "column": 27
        }
      }
    },
    {
      "type": {
        "label": "name",
        "beforeExpr": false,
        "startsExpr": true,
        "rightAssociative": false,
        "isLoop": false,
        "isAssign": false,
        "prefix": false,
        "postfix": false,
        "binop": null
      },
      "value": "from",
      "start": 75,
      "end": 79,
      "loc": {
        "start": {
          "line": 3,
          "column": 28
        },
        "end": {
          "line": 3,
          "column": 32
        }
      }
    },
    {
      "type": {
        "label": "string",
        "beforeExpr": false,
        "startsExpr": true,
        "rightAssociative": false,
        "isLoop": false,
        "isAssign": false,
        "prefix": false,
        "postfix": false,
        "binop": null,
        "updateContext": null
      },
      "value": "./editForm/Number.edit.validation",
      "start": 80,
      "end": 115,
      "loc": {
        "start": {
          "line": 3,
          "column": 33
        },
        "end": {
          "line": 3,
          "column": 68
        }
      }
    },
    {
      "type": {
        "label": ";",
        "beforeExpr": true,
        "startsExpr": false,
        "rightAssociative": false,
        "isLoop": false,
        "isAssign": false,
        "prefix": false,
        "postfix": false,
        "binop": null,
        "updateContext": null
      },
      "start": 115,
      "end": 116,
      "loc": {
        "start": {
          "line": 3,
          "column": 68
        },
        "end": {
          "line": 3,
          "column": 69
        }
      }
    },
    {
      "type": {
        "label": "export",
        "keyword": "export",
        "beforeExpr": false,
        "startsExpr": false,
        "rightAssociative": false,
        "isLoop": false,
        "isAssign": false,
        "prefix": false,
        "postfix": false,
        "binop": null,
        "updateContext": null
      },
      "value": "export",
      "start": 118,
      "end": 124,
      "loc": {
        "start": {
          "line": 5,
          "column": 0
        },
        "end": {
          "line": 5,
          "column": 6
        }
      }
    },
    {
      "type": {
        "label": "default",
        "keyword": "default",
        "beforeExpr": true,
        "startsExpr": false,
        "rightAssociative": false,
        "isLoop": false,
        "isAssign": false,
        "prefix": false,
        "postfix": false,
        "binop": null,
        "updateContext": null
      },
      "value": "default",
      "start": 125,
      "end": 132,
      "loc": {
        "start": {
          "line": 5,
          "column": 7
        },
        "end": {
          "line": 5,
          "column": 14
        }
      }
    },
    {
      "type": {
        "label": "function",
        "keyword": "function",
        "beforeExpr": false,
        "startsExpr": true,
        "rightAssociative": false,
        "isLoop": false,
        "isAssign": false,
        "prefix": false,
        "postfix": false,
        "binop": null
      },
      "value": "function",
      "start": 133,
      "end": 141,
      "loc": {
        "start": {
          "line": 5,
          "column": 15
        },
        "end": {
          "line": 5,
          "column": 23
        }
      }
    },
    {
      "type": {
        "label": "(",
        "beforeExpr": true,
        "startsExpr": true,
        "rightAssociative": false,
        "isLoop": false,
        "isAssign": false,
        "prefix": false,
        "postfix": false,
        "binop": null
      },
      "start": 141,
      "end": 142,
      "loc": {
        "start": {
          "line": 5,
          "column": 23
        },
        "end": {
          "line": 5,
          "column": 24
        }
      }
    },
    {
      "type": {
        "label": "...",
        "beforeExpr": true,
        "startsExpr": false,
        "rightAssociative": false,
        "isLoop": false,
        "isAssign": false,
        "prefix": false,
        "postfix": false,
        "binop": null,
        "updateContext": null
      },
      "start": 142,
      "end": 145,
      "loc": {
        "start": {
          "line": 5,
          "column": 24
        },
        "end": {
          "line": 5,
          "column": 27
        }
      }
    },
    {
      "type": {
        "label": "name",
        "beforeExpr": false,
        "startsExpr": true,
        "rightAssociative": false,
        "isLoop": false,
        "isAssign": false,
        "prefix": false,
        "postfix": false,
        "binop": null
      },
      "value": "extend",
      "start": 145,
      "end": 151,
      "loc": {
        "start": {
          "line": 5,
          "column": 27
        },
        "end": {
          "line": 5,
          "column": 33
        }
      }
    },
    {
      "type": {
        "label": ")",
        "beforeExpr": false,
        "startsExpr": false,
        "rightAssociative": false,
        "isLoop": false,
        "isAssign": false,
        "prefix": false,
        "postfix": false,
        "binop": null
      },
      "start": 151,
      "end": 152,
      "loc": {
        "start": {
          "line": 5,
          "column": 33
        },
        "end": {
          "line": 5,
          "column": 34
        }
      }
    },
    {
      "type": {
        "label": "{",
        "beforeExpr": true,
        "startsExpr": true,
        "rightAssociative": false,
        "isLoop": false,
        "isAssign": false,
        "prefix": false,
        "postfix": false,
        "binop": null
      },
      "start": 153,
      "end": 154,
      "loc": {
        "start": {
          "line": 5,
          "column": 35
        },
        "end": {
          "line": 5,
          "column": 36
        }
      }
    },
    {
      "type": {
        "label": "return",
        "keyword": "return",
        "beforeExpr": true,
        "startsExpr": false,
        "rightAssociative": false,
        "isLoop": false,
        "isAssign": false,
        "prefix": false,
        "postfix": false,
        "binop": null,
        "updateContext": null
      },
      "value": "return",
      "start": 157,
      "end": 163,
      "loc": {
        "start": {
          "line": 6,
          "column": 2
        },
        "end": {
          "line": 6,
          "column": 8
        }
      }
    },
    {
      "type": {
        "label": "name",
        "beforeExpr": false,
        "startsExpr": true,
        "rightAssociative": false,
        "isLoop": false,
        "isAssign": false,
        "prefix": false,
        "postfix": false,
        "binop": null
      },
      "value": "baseEditForm",
      "start": 164,
      "end": 176,
      "loc": {
        "start": {
          "line": 6,
          "column": 9
        },
        "end": {
          "line": 6,
          "column": 21
        }
      }
    },
    {
      "type": {
        "label": "(",
        "beforeExpr": true,
        "startsExpr": true,
        "rightAssociative": false,
        "isLoop": false,
        "isAssign": false,
        "prefix": false,
        "postfix": false,
        "binop": null
      },
      "start": 176,
      "end": 177,
      "loc": {
        "start": {
          "line": 6,
          "column": 21
        },
        "end": {
          "line": 6,
          "column": 22
        }
      }
    },
    {
      "type": {
        "label": "...",
        "beforeExpr": true,
        "startsExpr": false,
        "rightAssociative": false,
        "isLoop": false,
        "isAssign": false,
        "prefix": false,
        "postfix": false,
        "binop": null,
        "updateContext": null
      },
      "start": 177,
      "end": 180,
      "loc": {
        "start": {
          "line": 6,
          "column": 22
        },
        "end": {
          "line": 6,
          "column": 25
        }
      }
    },
    {
      "type": {
        "label": "name",
        "beforeExpr": false,
        "startsExpr": true,
        "rightAssociative": false,
        "isLoop": false,
        "isAssign": false,
        "prefix": false,
        "postfix": false,
        "binop": null
      },
      "value": "extend",
      "start": 180,
      "end": 186,
      "loc": {
        "start": {
          "line": 6,
          "column": 25
        },
        "end": {
          "line": 6,
          "column": 31
        }
      }
    },
    {
      "type": {
        "label": ",",
        "beforeExpr": true,
        "startsExpr": false,
        "rightAssociative": false,
        "isLoop": false,
        "isAssign": false,
        "prefix": false,
        "postfix": false,
        "binop": null,
        "updateContext": null
      },
      "start": 186,
      "end": 187,
      "loc": {
        "start": {
          "line": 6,
          "column": 31
        },
        "end": {
          "line": 6,
          "column": 32
        }
      }
    },
    {
      "type": {
        "label": "[",
        "beforeExpr": true,
        "startsExpr": true,
        "rightAssociative": false,
        "isLoop": false,
        "isAssign": false,
        "prefix": false,
        "postfix": false,
        "binop": null,
        "updateContext": null
      },
      "start": 188,
      "end": 189,
      "loc": {
        "start": {
          "line": 6,
          "column": 33
        },
        "end": {
          "line": 6,
          "column": 34
        }
      }
    },
    {
      "type": {
        "label": "{",
        "beforeExpr": true,
        "startsExpr": true,
        "rightAssociative": false,
        "isLoop": false,
        "isAssign": false,
        "prefix": false,
        "postfix": false,
        "binop": null
      },
      "start": 194,
      "end": 195,
      "loc": {
        "start": {
          "line": 7,
          "column": 4
        },
        "end": {
          "line": 7,
          "column": 5
        }
      }
    },
    {
      "type": {
        "label": "name",
        "beforeExpr": false,
        "startsExpr": true,
        "rightAssociative": false,
        "isLoop": false,
        "isAssign": false,
        "prefix": false,
        "postfix": false,
        "binop": null
      },
      "value": "key",
      "start": 202,
      "end": 205,
      "loc": {
        "start": {
          "line": 8,
          "column": 6
        },
        "end": {
          "line": 8,
          "column": 9
        }
      }
    },
    {
      "type": {
        "label": ":",
        "beforeExpr": true,
        "startsExpr": false,
        "rightAssociative": false,
        "isLoop": false,
        "isAssign": false,
        "prefix": false,
        "postfix": false,
        "binop": null,
        "updateContext": null
      },
      "start": 205,
      "end": 206,
      "loc": {
        "start": {
          "line": 8,
          "column": 9
        },
        "end": {
          "line": 8,
          "column": 10
        }
      }
    },
    {
      "type": {
        "label": "string",
        "beforeExpr": false,
        "startsExpr": true,
        "rightAssociative": false,
        "isLoop": false,
        "isAssign": false,
        "prefix": false,
        "postfix": false,
        "binop": null,
        "updateContext": null
      },
      "value": "validation",
      "start": 207,
      "end": 219,
      "loc": {
        "start": {
          "line": 8,
          "column": 11
        },
        "end": {
          "line": 8,
          "column": 23
        }
      }
    },
    {
      "type": {
        "label": ",",
        "beforeExpr": true,
        "startsExpr": false,
        "rightAssociative": false,
        "isLoop": false,
        "isAssign": false,
        "prefix": false,
        "postfix": false,
        "binop": null,
        "updateContext": null
      },
      "start": 219,
      "end": 220,
      "loc": {
        "start": {
          "line": 8,
          "column": 23
        },
        "end": {
          "line": 8,
          "column": 24
        }
      }
    },
    {
      "type": {
        "label": "name",
        "beforeExpr": false,
        "startsExpr": true,
        "rightAssociative": false,
        "isLoop": false,
        "isAssign": false,
        "prefix": false,
        "postfix": false,
        "binop": null
      },
      "value": "components",
      "start": 227,
      "end": 237,
      "loc": {
        "start": {
          "line": 9,
          "column": 6
        },
        "end": {
          "line": 9,
          "column": 16
        }
      }
    },
    {
      "type": {
        "label": ":",
        "beforeExpr": true,
        "startsExpr": false,
        "rightAssociative": false,
        "isLoop": false,
        "isAssign": false,
        "prefix": false,
        "postfix": false,
        "binop": null,
        "updateContext": null
      },
      "start": 237,
      "end": 238,
      "loc": {
        "start": {
          "line": 9,
          "column": 16
        },
        "end": {
          "line": 9,
          "column": 17
        }
      }
    },
    {
      "type": {
        "label": "name",
        "beforeExpr": false,
        "startsExpr": true,
        "rightAssociative": false,
        "isLoop": false,
        "isAssign": false,
        "prefix": false,
        "postfix": false,
        "binop": null
      },
      "value": "NumberEditValidation",
      "start": 239,
      "end": 259,
      "loc": {
        "start": {
          "line": 9,
          "column": 18
        },
        "end": {
          "line": 9,
          "column": 38
        }
      }
    },
    {
      "type": {
        "label": "}",
        "beforeExpr": false,
        "startsExpr": false,
        "rightAssociative": false,
        "isLoop": false,
        "isAssign": false,
        "prefix": false,
        "postfix": false,
        "binop": null
      },
      "start": 264,
      "end": 265,
      "loc": {
        "start": {
          "line": 10,
          "column": 4
        },
        "end": {
          "line": 10,
          "column": 5
        }
      }
    },
    {
      "type": {
        "label": "]",
        "beforeExpr": false,
        "startsExpr": false,
        "rightAssociative": false,
        "isLoop": false,
        "isAssign": false,
        "prefix": false,
        "postfix": false,
        "binop": null,
        "updateContext": null
      },
      "start": 268,
      "end": 269,
      "loc": {
        "start": {
          "line": 11,
          "column": 2
        },
        "end": {
          "line": 11,
          "column": 3
        }
      }
    },
    {
      "type": {
        "label": ")",
        "beforeExpr": false,
        "startsExpr": false,
        "rightAssociative": false,
        "isLoop": false,
        "isAssign": false,
        "prefix": false,
        "postfix": false,
        "binop": null
      },
      "start": 269,
      "end": 270,
      "loc": {
        "start": {
          "line": 11,
          "column": 3
        },
        "end": {
          "line": 11,
          "column": 4
        }
      }
    },
    {
      "type": {
        "label": ";",
        "beforeExpr": true,
        "startsExpr": false,
        "rightAssociative": false,
        "isLoop": false,
        "isAssign": false,
        "prefix": false,
        "postfix": false,
        "binop": null,
        "updateContext": null
      },
      "start": 270,
      "end": 271,
      "loc": {
        "start": {
          "line": 11,
          "column": 4
        },
        "end": {
          "line": 11,
          "column": 5
        }
      }
    },
    {
      "type": {
        "label": "}",
        "beforeExpr": false,
        "startsExpr": false,
        "rightAssociative": false,
        "isLoop": false,
        "isAssign": false,
        "prefix": false,
        "postfix": false,
        "binop": null
      },
      "start": 272,
      "end": 273,
      "loc": {
        "start": {
          "line": 12,
          "column": 0
        },
        "end": {
          "line": 12,
          "column": 1
        }
      }
    },
    {
      "type": {
        "label": "eof",
        "beforeExpr": false,
        "startsExpr": false,
        "rightAssociative": false,
        "isLoop": false,
        "isAssign": false,
        "prefix": false,
        "postfix": false,
        "binop": null,
        "updateContext": null
      },
      "start": 274,
      "end": 274,
      "loc": {
        "start": {
          "line": 13,
          "column": 0
        },
        "end": {
          "line": 13,
          "column": 0
        }
      }
    }
  ]
}