{
  "type": "File",
  "start": 0,
  "end": 173,
  "loc": {
    "start": {
      "line": 1,
      "column": 0
    },
    "end": {
      "line": 7,
      "column": 0
    }
  },
  "program": {
    "type": "Program",
    "start": 0,
    "end": 173,
    "loc": {
      "start": {
        "line": 1,
        "column": 0
      },
      "end": {
        "line": 7,
        "column": 0
      }
    },
    "sourceType": "module",
    "body": [
      {
        "type": "IfStatement",
        "start": 0,
        "end": 172,
        "loc": {
          "start": {
            "line": 1,
            "column": 0
          },
          "end": {
            "line": 6,
            "column": 1
          }
        },
        "test": {
          "type": "BinaryExpression",
          "start": 4,
          "end": 33,
          "loc": {
            "start": {
              "line": 1,
              "column": 4
            },
            "end": {
              "line": 1,
              "column": 33
            }
          },
          "left": {
            "type": "UnaryExpression",
            "start": 4,
            "end": 17,
            "loc": {
              "start": {
                "line": 1,
                "column": 4
              },
              "end": {
                "line": 1,
                "column": 17
              }
            },
            "operator": "typeof",
            "prefix": true,
            "argument": {
              "type": "Identifier",
              "start": 11,
              "end": 17,
              "loc": {
                "start": {
                  "line": 1,
                  "column": 11
                },
                "end": {
                  "line": 1,
                  "column": 17
                },
                "identifierName": "Formio"
              },
              "name": "Formio"
            },
            "extra": {
              "parenthesizedArgument": false
            }
          },
          "operator": "!==",
          "right": {
            "type": "StringLiteral",
            "start": 22,
            "end": 33,
            "loc": {
              "start": {
                "line": 1,
                "column": 22
              },
              "end": {
                "line": 1,
                "column": 33
              }
            },
            "extra": {
              "rawValue": "undefined",
              "raw": "'undefined'"
            },
            "value": "undefined"
          }
        },
        "consequent": {
          "type": "BlockStatement",
          "start": 35,
          "end": 79,
          "loc": {
            "start": {
              "line": 1,
              "column": 35
            },
            "end": {
              "line": 3,
              "column": 1
            }
          },
          "body": [
            {
              "type": "ExpressionStatement",
              "start": 39,
              "end": 77,
              "loc": {
                "start": {
                  "line": 2,
                  "column": 2
                },
                "end": {
                  "line": 2,
                  "column": 40
                }
              },
              "expression": {
                "type": "AssignmentExpression",
                "start": 39,
                "end": 76,
                "loc": {
                  "start": {
                    "line": 2,
                    "column": 2
                  },
                  "end": {
                    "line": 2,
                    "column": 39
                  }
                },
                "operator": "=",
                "left": {
                  "type": "MemberExpression",
                  "start": 39,
                  "end": 53,
                  "loc": {
                    "start": {
                      "line": 2,
                      "column": 2
                    },
                    "end": {
                      "line": 2,
                      "column": 16
                    }
                  },
                  "object": {
                    "type": "Identifier",
                    "start": 39,
                    "end": 45,
                    "loc": {
                      "start": {
                        "line": 2,
                        "column": 2
                      },
                      "end": {
                        "line": 2,
                        "column": 8
                      },
                      "identifierName": "Formio"
                    },
                    "name": "Formio"
                  },
                  "property": {
                    "type": "Identifier",
                    "start": 46,
                    "end": 53,
                    "loc": {
                      "start": {
                        "line": 2,
                        "column": 9
                      },
                      "end": {
                        "line": 2,
                        "column": 16
                      },
                      "identifierName": "contrib"
                    },
                    "name": "contrib"
                  },
                  "computed": false
                },
                "right": {
                  "type": "CallExpression",
                  "start": 56,
                  "end": 76,
                  "loc": {
                    "start": {
                      "line": 2,
                      "column": 19
                    },
                    "end": {
                      "line": 2,
                      "column": 39
                    }
                  },
                  "callee": {
                    "type": "Identifier",
                    "start": 56,
                    "end": 63,
                    "loc": {
                      "start": {
                        "line": 2,
                        "column": 19
                      },
                      "end": {
                        "line": 2,
                        "column": 26
                      },
                      "identifierName": "require"
                    },
                    "name": "require"
                  },
                  "arguments": [
                    {
                      "type": "StringLiteral",
                      "start": 64,
                      "end": 75,
                      "loc": {
                        "start": {
                          "line": 2,
                          "column": 27
                        },
                        "end": {
                          "line": 2,
                          "column": 38
                        }
                      },
                      "extra": {
                        "rawValue": "./contrib",
                        "raw": "'./contrib'"
                      },
                      "value": "./contrib"
                    }
                  ]
                }
              }
            }
          ],
          "directives": []
        },
        "alternate": {
          "type": "BlockStatement",
          "start": 85,
          "end": 172,
          "loc": {
            "start": {
              "line": 4,
              "column": 5
            },
            "end": {
              "line": 6,
              "column": 1
            }
          },
          "body": [
            {
              "type": "ExpressionStatement",
              "start": 89,
              "end": 170,
              "loc": {
                "start": {
                  "line": 5,
                  "column": 2
                },
                "end": {
                  "line": 5,
                  "column": 83
                }
              },
              "expression": {
                "type": "CallExpression",
                "start": 89,
                "end": 169,
                "loc": {
                  "start": {
                    "line": 5,
                    "column": 2
                  },
                  "end": {
                    "line": 5,
                    "column": 82
                  }
                },
                "callee": {
                  "type": "MemberExpression",
                  "start": 89,
                  "end": 101,
                  "loc": {
                    "start": {
                      "line": 5,
                      "column": 2
                    },
                    "end": {
                      "line": 5,
                      "column": 14
                    }
                  },
                  "object": {
                    "type": "Identifier",
                    "start": 89,
                    "end": 96,
                    "loc": {
                      "start": {
                        "line": 5,
                        "column": 2
                      },
                      "end": {
                        "line": 5,
                        "column": 9
                      },
                      "identifierName": "console"
                    },
                    "name": "console"
                  },
                  "property": {
                    "type": "Identifier",
                    "start": 97,
                    "end": 101,
                    "loc": {
                      "start": {
                        "line": 5,
                        "column": 10
                      },
                      "end": {
                        "line": 5,
                        "column": 14
                      },
                      "identifierName": "warn"
                    },
                    "name": "warn"
                  },
                  "computed": false
                },
                "arguments": [
                  {
                    "type": "StringLiteral",
                    "start": 102,
                    "end": 168,
                    "loc": {
                      "start": {
                        "line": 5,
                        "column": 15
                      },
                      "end": {
                        "line": 5,
                        "column": 81
                      }
                    },
                    "extra": {
                      "rawValue": "You must include formio.full to include the Contributed modules.",
                      "raw": "'You must include formio.full to include the Contributed modules.'"
                    },
                    "value": "You must include formio.full to include the Contributed modules."
                  }
                ]
              }
            }
          ],
          "directives": []
        }
      }
    ],
    "directives": []
  },
  "comments": [],
  "tokens": [
    {
      "type": {
        "label": "if",
        "keyword": "if",
        "beforeExpr": false,
        "startsExpr": false,
        "rightAssociative": false,
        "isLoop": false,
        "isAssign": false,
        "prefix": false,
        "postfix": false,
        "binop": null,
        "updateContext": null
      },
      "value": "if",
      "start": 0,
      "end": 2,
      "loc": {
        "start": {
          "line": 1,
          "column": 0
        },
        "end": {
          "line": 1,
          "column": 2
        }
      }
    },
    {
      "type": {
        "label": "(",
        "beforeExpr": true,
        "startsExpr": true,
        "rightAssociative": false,
        "isLoop": false,
        "isAssign": false,
        "prefix": false,
        "postfix": false,
        "binop": null
      },
      "start": 3,
      "end": 4,
      "loc": {
        "start": {
          "line": 1,
          "column": 3
        },
        "end": {
          "line": 1,
          "column": 4
        }
      }
    },
    {
      "type": {
        "label": "typeof",
        "keyword": "typeof",
        "beforeExpr": true,
        "startsExpr": true,
        "rightAssociative": false,
        "isLoop": false,
        "isAssign": false,
        "prefix": true,
        "postfix": false,
        "binop": null,
        "updateContext": null
      },
      "value": "typeof",
      "start": 4,
      "end": 10,
      "loc": {
        "start": {
          "line": 1,
          "column": 4
        },
        "end": {
          "line": 1,
          "column": 10
        }
      }
    },
    {
      "type": {
        "label": "name",
        "beforeExpr": false,
        "startsExpr": true,
        "rightAssociative": false,
        "isLoop": false,
        "isAssign": false,
        "prefix": false,
        "postfix": false,
        "binop": null
      },
      "value": "Formio",
      "start": 11,
      "end": 17,
      "loc": {
        "start": {
          "line": 1,
          "column": 11
        },
        "end": {
          "line": 1,
          "column": 17
        }
      }
    },
    {
      "type": {
        "label": "==/!=",
        "beforeExpr": true,
        "startsExpr": false,
        "rightAssociative": false,
        "isLoop": false,
        "isAssign": false,
        "prefix": false,
        "postfix": false,
        "binop": 6,
        "updateContext": null
      },
      "value": "!==",
      "start": 18,
      "end": 21,
      "loc": {
        "start": {
          "line": 1,
          "column": 18
        },
        "end": {
          "line": 1,
          "column": 21
        }
      }
    },
    {
      "type": {
        "label": "string",
        "beforeExpr": false,
        "startsExpr": true,
        "rightAssociative": false,
        "isLoop": false,
        "isAssign": false,
        "prefix": false,
        "postfix": false,
        "binop": null,
        "updateContext": null
      },
      "value": "undefined",
      "start": 22,
      "end": 33,
      "loc": {
        "start": {
          "line": 1,
          "column": 22
        },
        "end": {
          "line": 1,
          "column": 33
        }
      }
    },
    {
      "type": {
        "label": ")",
        "beforeExpr": false,
        "startsExpr": false,
        "rightAssociative": false,
        "isLoop": false,
        "isAssign": false,
        "prefix": false,
        "postfix": false,
        "binop": null
      },
      "start": 33,
      "end": 34,
      "loc": {
        "start": {
          "line": 1,
          "column": 33
        },
        "end": {
          "line": 1,
          "column": 34
        }
      }
    },
    {
      "type": {
        "label": "{",
        "beforeExpr": true,
        "startsExpr": true,
        "rightAssociative": false,
        "isLoop": false,
        "isAssign": false,
        "prefix": false,
        "postfix": false,
        "binop": null
      },
      "start": 35,
      "end": 36,
      "loc": {
        "start": {
          "line": 1,
          "column": 35
        },
        "end": {
          "line": 1,
          "column": 36
        }
      }
    },
    {
      "type": {
        "label": "name",
        "beforeExpr": false,
        "startsExpr": true,
        "rightAssociative": false,
        "isLoop": false,
        "isAssign": false,
        "prefix": false,
        "postfix": false,
        "binop": null
      },
      "value": "Formio",
      "start": 39,
      "end": 45,
      "loc": {
        "start": {
          "line": 2,
          "column": 2
        },
        "end": {
          "line": 2,
          "column": 8
        }
      }
    },
    {
      "type": {
        "label": ".",
        "beforeExpr": false,
        "startsExpr": false,
        "rightAssociative": false,
        "isLoop": false,
        "isAssign": false,
        "prefix": false,
        "postfix": false,
        "binop": null,
        "updateContext": null
      },
      "start": 45,
      "end": 46,
      "loc": {
        "start": {
          "line": 2,
          "column": 8
        },
        "end": {
          "line": 2,
          "column": 9
        }
      }
    },
    {
      "type": {
        "label": "name",
        "beforeExpr": false,
        "startsExpr": true,
        "rightAssociative": false,
        "isLoop": false,
        "isAssign": false,
        "prefix": false,
        "postfix": false,
        "binop": null
      },
      "value": "contrib",
      "start": 46,
      "end": 53,
      "loc": {
        "start": {
          "line": 2,
          "column": 9
        },
        "end": {
          "line": 2,
          "column": 16
        }
      }
    },
    {
      "type": {
        "label": "=",
        "beforeExpr": true,
        "startsExpr": false,
        "rightAssociative": false,
        "isLoop": false,
        "isAssign": true,
        "prefix": false,
        "postfix": false,
        "binop": null,
        "updateContext": null
      },
      "value": "=",
      "start": 54,
      "end": 55,
      "loc": {
        "start": {
          "line": 2,
          "column": 17
        },
        "end": {
          "line": 2,
          "column": 18
        }
      }
    },
    {
      "type": {
        "label": "name",
        "beforeExpr": false,
        "startsExpr": true,
        "rightAssociative": false,
        "isLoop": false,
        "isAssign": false,
        "prefix": false,
        "postfix": false,
        "binop": null
      },
      "value": "require",
      "start": 56,
      "end": 63,
      "loc": {
        "start": {
          "line": 2,
          "column": 19
        },
        "end": {
          "line": 2,
          "column": 26
        }
      }
    },
    {
      "type": {
        "label": "(",
        "beforeExpr": true,
        "startsExpr": true,
        "rightAssociative": false,
        "isLoop": false,
        "isAssign": false,
        "prefix": false,
        "postfix": false,
        "binop": null
      },
      "start": 63,
      "end": 64,
      "loc": {
        "start": {
          "line": 2,
          "column": 26
        },
        "end": {
          "line": 2,
          "column": 27
        }
      }
    },
    {
      "type": {
        "label": "string",
        "beforeExpr": false,
        "startsExpr": true,
        "rightAssociative": false,
        "isLoop": false,
        "isAssign": false,
        "prefix": false,
        "postfix": false,
        "binop": null,
        "updateContext": null
      },
      "value": "./contrib",
      "start": 64,
      "end": 75,
      "loc": {
        "start": {
          "line": 2,
          "column": 27
        },
        "end": {
          "line": 2,
          "column": 38
        }
      }
    },
    {
      "type": {
        "label": ")",
        "beforeExpr": false,
        "startsExpr": false,
        "rightAssociative": false,
        "isLoop": false,
        "isAssign": false,
        "prefix": false,
        "postfix": false,
        "binop": null
      },
      "start": 75,
      "end": 76,
      "loc": {
        "start": {
          "line": 2,
          "column": 38
        },
        "end": {
          "line": 2,
          "column": 39
        }
      }
    },
    {
      "type": {
        "label": ";",
        "beforeExpr": true,
        "startsExpr": false,
        "rightAssociative": false,
        "isLoop": false,
        "isAssign": false,
        "prefix": false,
        "postfix": false,
        "binop": null,
        "updateContext": null
      },
      "start": 76,
      "end": 77,
      "loc": {
        "start": {
          "line": 2,
          "column": 39
        },
        "end": {
          "line": 2,
          "column": 40
        }
      }
    },
    {
      "type": {
        "label": "}",
        "beforeExpr": false,
        "startsExpr": false,
        "rightAssociative": false,
        "isLoop": false,
        "isAssign": false,
        "prefix": false,
        "postfix": false,
        "binop": null
      },
      "start": 78,
      "end": 79,
      "loc": {
        "start": {
          "line": 3,
          "column": 0
        },
        "end": {
          "line": 3,
          "column": 1
        }
      }
    },
    {
      "type": {
        "label": "else",
        "keyword": "else",
        "beforeExpr": true,
        "startsExpr": false,
        "rightAssociative": false,
        "isLoop": false,
        "isAssign": false,
        "prefix": false,
        "postfix": false,
        "binop": null,
        "updateContext": null
      },
      "value": "else",
      "start": 80,
      "end": 84,
      "loc": {
        "start": {
          "line": 4,
          "column": 0
        },
        "end": {
          "line": 4,
          "column": 4
        }
      }
    },
    {
      "type": {
        "label": "{",
        "beforeExpr": true,
        "startsExpr": true,
        "rightAssociative": false,
        "isLoop": false,
        "isAssign": false,
        "prefix": false,
        "postfix": false,
        "binop": null
      },
      "start": 85,
      "end": 86,
      "loc": {
        "start": {
          "line": 4,
          "column": 5
        },
        "end": {
          "line": 4,
          "column": 6
        }
      }
    },
    {
      "type": {
        "label": "name",
        "beforeExpr": false,
        "startsExpr": true,
        "rightAssociative": false,
        "isLoop": false,
        "isAssign": false,
        "prefix": false,
        "postfix": false,
        "binop": null
      },
      "value": "console",
      "start": 89,
      "end": 96,
      "loc": {
        "start": {
          "line": 5,
          "column": 2
        },
        "end": {
          "line": 5,
          "column": 9
        }
      }
    },
    {
      "type": {
        "label": ".",
        "beforeExpr": false,
        "startsExpr": false,
        "rightAssociative": false,
        "isLoop": false,
        "isAssign": false,
        "prefix": false,
        "postfix": false,
        "binop": null,
        "updateContext": null
      },
      "start": 96,
      "end": 97,
      "loc": {
        "start": {
          "line": 5,
          "column": 9
        },
        "end": {
          "line": 5,
          "column": 10
        }
      }
    },
    {
      "type": {
        "label": "name",
        "beforeExpr": false,
        "startsExpr": true,
        "rightAssociative": false,
        "isLoop": false,
        "isAssign": false,
        "prefix": false,
        "postfix": false,
        "binop": null
      },
      "value": "warn",
      "start": 97,
      "end": 101,
      "loc": {
        "start": {
          "line": 5,
          "column": 10
        },
        "end": {
          "line": 5,
          "column": 14
        }
      }
    },
    {
      "type": {
        "label": "(",
        "beforeExpr": true,
        "startsExpr": true,
        "rightAssociative": false,
        "isLoop": false,
        "isAssign": false,
        "prefix": false,
        "postfix": false,
        "binop": null
      },
      "start": 101,
      "end": 102,
      "loc": {
        "start": {
          "line": 5,
          "column": 14
        },
        "end": {
          "line": 5,
          "column": 15
        }
      }
    },
    {
      "type": {
        "label": "string",
        "beforeExpr": false,
        "startsExpr": true,
        "rightAssociative": false,
        "isLoop": false,
        "isAssign": false,
        "prefix": false,
        "postfix": false,
        "binop": null,
        "updateContext": null
      },
      "value": "You must include formio.full to include the Contributed modules.",
      "start": 102,
      "end": 168,
      "loc": {
        "start": {
          "line": 5,
          "column": 15
        },
        "end": {
          "line": 5,
          "column": 81
        }
      }
    },
    {
      "type": {
        "label": ")",
        "beforeExpr": false,
        "startsExpr": false,
        "rightAssociative": false,
        "isLoop": false,
        "isAssign": false,
        "prefix": false,
        "postfix": false,
        "binop": null
      },
      "start": 168,
      "end": 169,
      "loc": {
        "start": {
          "line": 5,
          "column": 81
        },
        "end": {
          "line": 5,
          "column": 82
        }
      }
    },
    {
      "type": {
        "label": ";",
        "beforeExpr": true,
        "startsExpr": false,
        "rightAssociative": false,
        "isLoop": false,
        "isAssign": false,
        "prefix": false,
        "postfix": false,
        "binop": null,
        "updateContext": null
      },
      "start": 169,
      "end": 170,
      "loc": {
        "start": {
          "line": 5,
          "column": 82
        },
        "end": {
          "line": 5,
          "column": 83
        }
      }
    },
    {
      "type": {
        "label": "}",
        "beforeExpr": false,
        "startsExpr": false,
        "rightAssociative": false,
        "isLoop": false,
        "isAssign": false,
        "prefix": false,
        "postfix": false,
        "binop": null
      },
      "start": 171,
      "end": 172,
      "loc": {
        "start": {
          "line": 6,
          "column": 0
        },
        "end": {
          "line": 6,
          "column": 1
        }
      }
    },
    {
      "type": {
        "label": "eof",
        "beforeExpr": false,
        "startsExpr": false,
        "rightAssociative": false,
        "isLoop": false,
        "isAssign": false,
        "prefix": false,
        "postfix": false,
        "binop": null,
        "updateContext": null
      },
      "start": 173,
      "end": 173,
      "loc": {
        "start": {
          "line": 7,
          "column": 0
        },
        "end": {
          "line": 7,
          "column": 0
        }
      }
    }
  ]
}