{
  "type": "File",
  "start": 0,
  "end": 523,
  "loc": {
    "start": {
      "line": 1,
      "column": 0
    },
    "end": {
      "line": 14,
      "column": 0
    }
  },
  "program": {
    "type": "Program",
    "start": 0,
    "end": 523,
    "loc": {
      "start": {
        "line": 1,
        "column": 0
      },
      "end": {
        "line": 14,
        "column": 0
      }
    },
    "sourceType": "module",
    "body": [
      {
        "type": "ImportDeclaration",
        "start": 14,
        "end": 56,
        "loc": {
          "start": {
            "line": 2,
            "column": 0
          },
          "end": {
            "line": 2,
            "column": 42
          }
        },
        "specifiers": [
          {
            "type": "ImportSpecifier",
            "start": 23,
            "end": 30,
            "loc": {
              "start": {
                "line": 2,
                "column": 9
              },
              "end": {
                "line": 2,
                "column": 16
              }
            },
            "imported": {
              "type": "Identifier",
              "start": 23,
              "end": 30,
              "loc": {
                "start": {
                  "line": 2,
                  "column": 9
                },
                "end": {
                  "line": 2,
                  "column": 16
                },
                "identifierName": "Harness"
              },
              "name": "Harness"
            },
            "local": {
              "type": "Identifier",
              "start": 23,
              "end": 30,
              "loc": {
                "start": {
                  "line": 2,
                  "column": 9
                },
                "end": {
                  "line": 2,
                  "column": 16
                },
                "identifierName": "Harness"
              },
              "name": "Harness"
            }
          }
        ],
        "source": {
          "type": "StringLiteral",
          "start": 38,
          "end": 55,
          "loc": {
            "start": {
              "line": 2,
              "column": 24
            },
            "end": {
              "line": 2,
              "column": 41
            }
          },
          "extra": {
            "rawValue": "../test/harness",
            "raw": "'../test/harness'"
          },
          "value": "../test/harness"
        }
      },
      {
        "type": "ImportDeclaration",
        "start": 57,
        "end": 115,
        "loc": {
          "start": {
            "line": 3,
            "column": 0
          },
          "end": {
            "line": 3,
            "column": 58
          }
        },
        "specifiers": [
          {
            "type": "ImportSpecifier",
            "start": 66,
            "end": 83,
            "loc": {
              "start": {
                "line": 3,
                "column": 9
              },
              "end": {
                "line": 3,
                "column": 26
              }
            },
            "imported": {
              "type": "Identifier",
              "start": 66,
              "end": 83,
              "loc": {
                "start": {
                  "line": 3,
                  "column": 9
                },
                "end": {
                  "line": 3,
                  "column": 26
                },
                "identifierName": "FormioFormBuilder"
              },
              "name": "FormioFormBuilder"
            },
            "local": {
              "type": "Identifier",
              "start": 66,
              "end": 83,
              "loc": {
                "start": {
                  "line": 3,
                  "column": 9
                },
                "end": {
                  "line": 3,
                  "column": 26
                },
                "identifierName": "FormioFormBuilder"
              },
              "name": "FormioFormBuilder"
            }
          }
        ],
        "source": {
          "type": "StringLiteral",
          "start": 91,
          "end": 114,
          "loc": {
            "start": {
              "line": 3,
              "column": 34
            },
            "end": {
              "line": 3,
              "column": 57
            }
          },
          "extra": {
            "rawValue": "./formio.form.builder",
            "raw": "\"./formio.form.builder\""
          },
          "value": "./formio.form.builder"
        }
      },
      {
        "type": "ImportDeclaration",
        "start": 116,
        "end": 150,
        "loc": {
          "start": {
            "line": 4,
            "column": 0
          },
          "end": {
            "line": 4,
            "column": 34
          }
        },
        "specifiers": [
          {
            "type": "ImportDefaultSpecifier",
            "start": 123,
            "end": 129,
            "loc": {
              "start": {
                "line": 4,
                "column": 7
              },
              "end": {
                "line": 4,
                "column": 13
              }
            },
            "local": {
              "type": "Identifier",
              "start": 123,
              "end": 129,
              "loc": {
                "start": {
                  "line": 4,
                  "column": 7
                },
                "end": {
                  "line": 4,
                  "column": 13
                },
                "identifierName": "assert"
              },
              "name": "assert"
            }
          }
        ],
        "source": {
          "type": "StringLiteral",
          "start": 135,
          "end": 149,
          "loc": {
            "start": {
              "line": 4,
              "column": 19
            },
            "end": {
              "line": 4,
              "column": 33
            }
          },
          "extra": {
            "rawValue": "power-assert",
            "raw": "'power-assert'"
          },
          "value": "power-assert"
        }
      },
      {
        "type": "ExpressionStatement",
        "start": 151,
        "end": 522,
        "loc": {
          "start": {
            "line": 5,
            "column": 0
          },
          "end": {
            "line": 13,
            "column": 3
          }
        },
        "expression": {
          "type": "CallExpression",
          "start": 151,
          "end": 521,
          "loc": {
            "start": {
              "line": 5,
              "column": 0
            },
            "end": {
              "line": 13,
              "column": 2
            }
          },
          "callee": {
            "type": "Identifier",
            "start": 151,
            "end": 159,
            "loc": {
              "start": {
                "line": 5,
                "column": 0
              },
              "end": {
                "line": 5,
                "column": 8
              },
              "identifierName": "describe"
            },
            "name": "describe"
          },
          "arguments": [
            {
              "type": "StringLiteral",
              "start": 160,
              "end": 187,
              "loc": {
                "start": {
                  "line": 5,
                  "column": 9
                },
                "end": {
                  "line": 5,
                  "column": 36
                }
              },
              "extra": {
                "rawValue": "Formio Form Builder tests",
                "raw": "'Formio Form Builder tests'"
              },
              "value": "Formio Form Builder tests"
            },
            {
              "type": "ArrowFunctionExpression",
              "start": 189,
              "end": 520,
              "loc": {
                "start": {
                  "line": 5,
                  "column": 38
                },
                "end": {
                  "line": 13,
                  "column": 1
                }
              },
              "id": null,
              "generator": false,
              "expression": false,
              "async": false,
              "params": [],
              "body": {
                "type": "BlockStatement",
                "start": 195,
                "end": 520,
                "loc": {
                  "start": {
                    "line": 5,
                    "column": 44
                  },
                  "end": {
                    "line": 13,
                    "column": 1
                  }
                },
                "body": [
                  {
                    "type": "ExpressionStatement",
                    "start": 199,
                    "end": 245,
                    "loc": {
                      "start": {
                        "line": 6,
                        "column": 2
                      },
                      "end": {
                        "line": 6,
                        "column": 48
                      }
                    },
                    "expression": {
                      "type": "CallExpression",
                      "start": 199,
                      "end": 244,
                      "loc": {
                        "start": {
                          "line": 6,
                          "column": 2
                        },
                        "end": {
                          "line": 6,
                          "column": 47
                        }
                      },
                      "callee": {
                        "type": "Identifier",
                        "start": 199,
                        "end": 205,
                        "loc": {
                          "start": {
                            "line": 6,
                            "column": 2
                          },
                          "end": {
                            "line": 6,
                            "column": 8
                          },
                          "identifierName": "before"
                        },
                        "name": "before"
                      },
                      "arguments": [
                        {
                          "type": "ArrowFunctionExpression",
                          "start": 206,
                          "end": 243,
                          "loc": {
                            "start": {
                              "line": 6,
                              "column": 9
                            },
                            "end": {
                              "line": 6,
                              "column": 46
                            }
                          },
                          "id": null,
                          "generator": false,
                          "expression": true,
                          "async": false,
                          "params": [
                            {
                              "type": "Identifier",
                              "start": 207,
                              "end": 211,
                              "loc": {
                                "start": {
                                  "line": 6,
                                  "column": 10
                                },
                                "end": {
                                  "line": 6,
                                  "column": 14
                                },
                                "identifierName": "done"
                              },
                              "name": "done"
                            }
                          ],
                          "body": {
                            "type": "CallExpression",
                            "start": 216,
                            "end": 243,
                            "loc": {
                              "start": {
                                "line": 6,
                                "column": 19
                              },
                              "end": {
                                "line": 6,
                                "column": 46
                              }
                            },
                            "callee": {
                              "type": "MemberExpression",
                              "start": 216,
                              "end": 237,
                              "loc": {
                                "start": {
                                  "line": 6,
                                  "column": 19
                                },
                                "end": {
                                  "line": 6,
                                  "column": 40
                                }
                              },
                              "object": {
                                "type": "Identifier",
                                "start": 216,
                                "end": 223,
                                "loc": {
                                  "start": {
                                    "line": 6,
                                    "column": 19
                                  },
                                  "end": {
                                    "line": 6,
                                    "column": 26
                                  },
                                  "identifierName": "Harness"
                                },
                                "name": "Harness"
                              },
                              "property": {
                                "type": "Identifier",
                                "start": 224,
                                "end": 237,
                                "loc": {
                                  "start": {
                                    "line": 6,
                                    "column": 27
                                  },
                                  "end": {
                                    "line": 6,
                                    "column": 40
                                  },
                                  "identifierName": "builderBefore"
                                },
                                "name": "builderBefore"
                              },
                              "computed": false
                            },
                            "arguments": [
                              {
                                "type": "Identifier",
                                "start": 238,
                                "end": 242,
                                "loc": {
                                  "start": {
                                    "line": 6,
                                    "column": 41
                                  },
                                  "end": {
                                    "line": 6,
                                    "column": 45
                                  },
                                  "identifierName": "done"
                                },
                                "name": "done"
                              }
                            ]
                          }
                        }
                      ]
                    }
                  },
                  {
                    "type": "ExpressionStatement",
                    "start": 248,
                    "end": 284,
                    "loc": {
                      "start": {
                        "line": 7,
                        "column": 2
                      },
                      "end": {
                        "line": 7,
                        "column": 38
                      }
                    },
                    "expression": {
                      "type": "CallExpression",
                      "start": 248,
                      "end": 283,
                      "loc": {
                        "start": {
                          "line": 7,
                          "column": 2
                        },
                        "end": {
                          "line": 7,
                          "column": 37
                        }
                      },
                      "callee": {
                        "type": "Identifier",
                        "start": 248,
                        "end": 253,
                        "loc": {
                          "start": {
                            "line": 7,
                            "column": 2
                          },
                          "end": {
                            "line": 7,
                            "column": 7
                          },
                          "identifierName": "after"
                        },
                        "name": "after"
                      },
                      "arguments": [
                        {
                          "type": "ArrowFunctionExpression",
                          "start": 254,
                          "end": 282,
                          "loc": {
                            "start": {
                              "line": 7,
                              "column": 8
                            },
                            "end": {
                              "line": 7,
                              "column": 36
                            }
                          },
                          "id": null,
                          "generator": false,
                          "expression": true,
                          "async": false,
                          "params": [],
                          "body": {
                            "type": "CallExpression",
                            "start": 260,
                            "end": 282,
                            "loc": {
                              "start": {
                                "line": 7,
                                "column": 14
                              },
                              "end": {
                                "line": 7,
                                "column": 36
                              }
                            },
                            "callee": {
                              "type": "MemberExpression",
                              "start": 260,
                              "end": 280,
                              "loc": {
                                "start": {
                                  "line": 7,
                                  "column": 14
                                },
                                "end": {
                                  "line": 7,
                                  "column": 34
                                }
                              },
                              "object": {
                                "type": "Identifier",
                                "start": 260,
                                "end": 267,
                                "loc": {
                                  "start": {
                                    "line": 7,
                                    "column": 14
                                  },
                                  "end": {
                                    "line": 7,
                                    "column": 21
                                  },
                                  "identifierName": "Harness"
                                },
                                "name": "Harness"
                              },
                              "property": {
                                "type": "Identifier",
                                "start": 268,
                                "end": 280,
                                "loc": {
                                  "start": {
                                    "line": 7,
                                    "column": 22
                                  },
                                  "end": {
                                    "line": 7,
                                    "column": 34
                                  },
                                  "identifierName": "builderAfter"
                                },
                                "name": "builderAfter"
                              },
                              "computed": false
                            },
                            "arguments": []
                          }
                        }
                      ]
                    }
                  },
                  {
                    "type": "ExpressionStatement",
                    "start": 287,
                    "end": 518,
                    "loc": {
                      "start": {
                        "line": 8,
                        "column": 2
                      },
                      "end": {
                        "line": 12,
                        "column": 5
                      }
                    },
                    "expression": {
                      "type": "CallExpression",
                      "start": 287,
                      "end": 517,
                      "loc": {
                        "start": {
                          "line": 8,
                          "column": 2
                        },
                        "end": {
                          "line": 12,
                          "column": 4
                        }
                      },
                      "callee": {
                        "type": "Identifier",
                        "start": 287,
                        "end": 289,
                        "loc": {
                          "start": {
                            "line": 8,
                            "column": 2
                          },
                          "end": {
                            "line": 8,
                            "column": 4
                          },
                          "identifierName": "it"
                        },
                        "name": "it"
                      },
                      "arguments": [
                        {
                          "type": "StringLiteral",
                          "start": 290,
                          "end": 330,
                          "loc": {
                            "start": {
                              "line": 8,
                              "column": 5
                            },
                            "end": {
                              "line": 8,
                              "column": 45
                            }
                          },
                          "extra": {
                            "rawValue": "Should create a new form builder class",
                            "raw": "'Should create a new form builder class'"
                          },
                          "value": "Should create a new form builder class"
                        },
                        {
                          "type": "ArrowFunctionExpression",
                          "start": 332,
                          "end": 516,
                          "loc": {
                            "start": {
                              "line": 8,
                              "column": 47
                            },
                            "end": {
                              "line": 12,
                              "column": 3
                            }
                          },
                          "id": null,
                          "generator": false,
                          "expression": false,
                          "async": false,
                          "params": [
                            {
                              "type": "Identifier",
                              "start": 333,
                              "end": 337,
                              "loc": {
                                "start": {
                                  "line": 8,
                                  "column": 48
                                },
                                "end": {
                                  "line": 8,
                                  "column": 52
                                },
                                "identifierName": "done"
                              },
                              "name": "done"
                            }
                          ],
                          "body": {
                            "type": "BlockStatement",
                            "start": 342,
                            "end": 516,
                            "loc": {
                              "start": {
                                "line": 8,
                                "column": 57
                              },
                              "end": {
                                "line": 12,
                                "column": 3
                              }
                            },
                            "body": [
                              {
                                "type": "VariableDeclaration",
                                "start": 348,
                                "end": 398,
                                "loc": {
                                  "start": {
                                    "line": 9,
                                    "column": 4
                                  },
                                  "end": {
                                    "line": 9,
                                    "column": 54
                                  }
                                },
                                "declarations": [
                                  {
                                    "type": "VariableDeclarator",
                                    "start": 352,
                                    "end": 397,
                                    "loc": {
                                      "start": {
                                        "line": 9,
                                        "column": 8
                                      },
                                      "end": {
                                        "line": 9,
                                        "column": 53
                                      }
                                    },
                                    "id": {
                                      "type": "Identifier",
                                      "start": 352,
                                      "end": 359,
                                      "loc": {
                                        "start": {
                                          "line": 9,
                                          "column": 8
                                        },
                                        "end": {
                                          "line": 9,
                                          "column": 15
                                        },
                                        "identifierName": "builder"
                                      },
                                      "name": "builder"
                                    },
                                    "init": {
                                      "type": "CallExpression",
                                      "start": 362,
                                      "end": 397,
                                      "loc": {
                                        "start": {
                                          "line": 9,
                                          "column": 18
                                        },
                                        "end": {
                                          "line": 9,
                                          "column": 53
                                        }
                                      },
                                      "callee": {
                                        "type": "MemberExpression",
                                        "start": 362,
                                        "end": 384,
                                        "loc": {
                                          "start": {
                                            "line": 9,
                                            "column": 18
                                          },
                                          "end": {
                                            "line": 9,
                                            "column": 40
                                          }
                                        },
                                        "object": {
                                          "type": "Identifier",
                                          "start": 362,
                                          "end": 369,
                                          "loc": {
                                            "start": {
                                              "line": 9,
                                              "column": 18
                                            },
                                            "end": {
                                              "line": 9,
                                              "column": 25
                                            },
                                            "identifierName": "Harness"
                                          },
                                          "name": "Harness"
                                        },
                                        "property": {
                                          "type": "Identifier",
                                          "start": 370,
                                          "end": 384,
                                          "loc": {
                                            "start": {
                                              "line": 9,
                                              "column": 26
                                            },
                                            "end": {
                                              "line": 9,
                                              "column": 40
                                            },
                                            "identifierName": "buildComponent"
                                          },
                                          "name": "buildComponent"
                                        },
                                        "computed": false
                                      },
                                      "arguments": [
                                        {
                                          "type": "StringLiteral",
                                          "start": 385,
                                          "end": 396,
                                          "loc": {
                                            "start": {
                                              "line": 9,
                                              "column": 41
                                            },
                                            "end": {
                                              "line": 9,
                                              "column": 52
                                            }
                                          },
                                          "extra": {
                                            "rawValue": "textfield",
                                            "raw": "'textfield'"
                                          },
                                          "value": "textfield"
                                        }
                                      ]
                                    }
                                  }
                                ],
                                "kind": "let"
                              },
                              {
                                "type": "ExpressionStatement",
                                "start": 403,
                                "end": 500,
                                "loc": {
                                  "start": {
                                    "line": 10,
                                    "column": 4
                                  },
                                  "end": {
                                    "line": 10,
                                    "column": 101
                                  }
                                },
                                "expression": {
                                  "type": "CallExpression",
                                  "start": 403,
                                  "end": 499,
                                  "loc": {
                                    "start": {
                                      "line": 10,
                                      "column": 4
                                    },
                                    "end": {
                                      "line": 10,
                                      "column": 100
                                    }
                                  },
                                  "callee": {
                                    "type": "Identifier",
                                    "start": 403,
                                    "end": 409,
                                    "loc": {
                                      "start": {
                                        "line": 10,
                                        "column": 4
                                      },
                                      "end": {
                                        "line": 10,
                                        "column": 10
                                      },
                                      "identifierName": "assert"
                                    },
                                    "name": "assert"
                                  },
                                  "arguments": [
                                    {
                                      "type": "BinaryExpression",
                                      "start": 410,
                                      "end": 446,
                                      "loc": {
                                        "start": {
                                          "line": 10,
                                          "column": 11
                                        },
                                        "end": {
                                          "line": 10,
                                          "column": 47
                                        }
                                      },
                                      "left": {
                                        "type": "Identifier",
                                        "start": 410,
                                        "end": 417,
                                        "loc": {
                                          "start": {
                                            "line": 10,
                                            "column": 11
                                          },
                                          "end": {
                                            "line": 10,
                                            "column": 18
                                          },
                                          "identifierName": "builder"
                                        },
                                        "name": "builder"
                                      },
                                      "operator": "instanceof",
                                      "right": {
                                        "type": "Identifier",
                                        "start": 429,
                                        "end": 446,
                                        "loc": {
                                          "start": {
                                            "line": 10,
                                            "column": 30
                                          },
                                          "end": {
                                            "line": 10,
                                            "column": 47
                                          },
                                          "identifierName": "FormioFormBuilder"
                                        },
                                        "name": "FormioFormBuilder"
                                      }
                                    },
                                    {
                                      "type": "StringLiteral",
                                      "start": 448,
                                      "end": 498,
                                      "loc": {
                                        "start": {
                                          "line": 10,
                                          "column": 49
                                        },
                                        "end": {
                                          "line": 10,
                                          "column": 99
                                        }
                                      },
                                      "extra": {
                                        "rawValue": "Builder must be an instance of FormioFormBuilder",
                                        "raw": "'Builder must be an instance of FormioFormBuilder'"
                                      },
                                      "value": "Builder must be an instance of FormioFormBuilder"
                                    }
                                  ]
                                }
                              },
                              {
                                "type": "ExpressionStatement",
                                "start": 505,
                                "end": 512,
                                "loc": {
                                  "start": {
                                    "line": 11,
                                    "column": 4
                                  },
                                  "end": {
                                    "line": 11,
                                    "column": 11
                                  }
                                },
                                "expression": {
                                  "type": "CallExpression",
                                  "start": 505,
                                  "end": 511,
                                  "loc": {
                                    "start": {
                                      "line": 11,
                                      "column": 4
                                    },
                                    "end": {
                                      "line": 11,
                                      "column": 10
                                    }
                                  },
                                  "callee": {
                                    "type": "Identifier",
                                    "start": 505,
                                    "end": 509,
                                    "loc": {
                                      "start": {
                                        "line": 11,
                                        "column": 4
                                      },
                                      "end": {
                                        "line": 11,
                                        "column": 8
                                      },
                                      "identifierName": "done"
                                    },
                                    "name": "done"
                                  },
                                  "arguments": []
                                }
                              }
                            ],
                            "directives": []
                          }
                        }
                      ]
                    }
                  }
                ],
                "directives": []
              }
            }
          ]
        }
      }
    ],
    "directives": [
      {
        "type": "Directive",
        "start": 0,
        "end": 13,
        "loc": {
          "start": {
            "line": 1,
            "column": 0
          },
          "end": {
            "line": 1,
            "column": 13
          }
        },
        "value": {
          "type": "DirectiveLiteral",
          "start": 0,
          "end": 12,
          "loc": {
            "start": {
              "line": 1,
              "column": 0
            },
            "end": {
              "line": 1,
              "column": 12
            }
          },
          "value": "use strict",
          "extra": {
            "raw": "'use strict'",
            "rawValue": "use strict"
          }
        }
      }
    ]
  },
  "comments": [],
  "tokens": [
    {
      "type": {
        "label": "string",
        "beforeExpr": false,
        "startsExpr": true,
        "rightAssociative": false,
        "isLoop": false,
        "isAssign": false,
        "prefix": false,
        "postfix": false,
        "binop": null,
        "updateContext": null
      },
      "value": "use strict",
      "start": 0,
      "end": 12,
      "loc": {
        "start": {
          "line": 1,
          "column": 0
        },
        "end": {
          "line": 1,
          "column": 12
        }
      }
    },
    {
      "type": {
        "label": ";",
        "beforeExpr": true,
        "startsExpr": false,
        "rightAssociative": false,
        "isLoop": false,
        "isAssign": false,
        "prefix": false,
        "postfix": false,
        "binop": null,
        "updateContext": null
      },
      "start": 12,
      "end": 13,
      "loc": {
        "start": {
          "line": 1,
          "column": 12
        },
        "end": {
          "line": 1,
          "column": 13
        }
      }
    },
    {
      "type": {
        "label": "import",
        "keyword": "import",
        "beforeExpr": false,
        "startsExpr": true,
        "rightAssociative": false,
        "isLoop": false,
        "isAssign": false,
        "prefix": false,
        "postfix": false,
        "binop": null,
        "updateContext": null
      },
      "value": "import",
      "start": 14,
      "end": 20,
      "loc": {
        "start": {
          "line": 2,
          "column": 0
        },
        "end": {
          "line": 2,
          "column": 6
        }
      }
    },
    {
      "type": {
        "label": "{",
        "beforeExpr": true,
        "startsExpr": true,
        "rightAssociative": false,
        "isLoop": false,
        "isAssign": false,
        "prefix": false,
        "postfix": false,
        "binop": null
      },
      "start": 21,
      "end": 22,
      "loc": {
        "start": {
          "line": 2,
          "column": 7
        },
        "end": {
          "line": 2,
          "column": 8
        }
      }
    },
    {
      "type": {
        "label": "name",
        "beforeExpr": false,
        "startsExpr": true,
        "rightAssociative": false,
        "isLoop": false,
        "isAssign": false,
        "prefix": false,
        "postfix": false,
        "binop": null
      },
      "value": "Harness",
      "start": 23,
      "end": 30,
      "loc": {
        "start": {
          "line": 2,
          "column": 9
        },
        "end": {
          "line": 2,
          "column": 16
        }
      }
    },
    {
      "type": {
        "label": "}",
        "beforeExpr": false,
        "startsExpr": false,
        "rightAssociative": false,
        "isLoop": false,
        "isAssign": false,
        "prefix": false,
        "postfix": false,
        "binop": null
      },
      "start": 31,
      "end": 32,
      "loc": {
        "start": {
          "line": 2,
          "column": 17
        },
        "end": {
          "line": 2,
          "column": 18
        }
      }
    },
    {
      "type": {
        "label": "name",
        "beforeExpr": false,
        "startsExpr": true,
        "rightAssociative": false,
        "isLoop": false,
        "isAssign": false,
        "prefix": false,
        "postfix": false,
        "binop": null
      },
      "value": "from",
      "start": 33,
      "end": 37,
      "loc": {
        "start": {
          "line": 2,
          "column": 19
        },
        "end": {
          "line": 2,
          "column": 23
        }
      }
    },
    {
      "type": {
        "label": "string",
        "beforeExpr": false,
        "startsExpr": true,
        "rightAssociative": false,
        "isLoop": false,
        "isAssign": false,
        "prefix": false,
        "postfix": false,
        "binop": null,
        "updateContext": null
      },
      "value": "../test/harness",
      "start": 38,
      "end": 55,
      "loc": {
        "start": {
          "line": 2,
          "column": 24
        },
        "end": {
          "line": 2,
          "column": 41
        }
      }
    },
    {
      "type": {
        "label": ";",
        "beforeExpr": true,
        "startsExpr": false,
        "rightAssociative": false,
        "isLoop": false,
        "isAssign": false,
        "prefix": false,
        "postfix": false,
        "binop": null,
        "updateContext": null
      },
      "start": 55,
      "end": 56,
      "loc": {
        "start": {
          "line": 2,
          "column": 41
        },
        "end": {
          "line": 2,
          "column": 42
        }
      }
    },
    {
      "type": {
        "label": "import",
        "keyword": "import",
        "beforeExpr": false,
        "startsExpr": true,
        "rightAssociative": false,
        "isLoop": false,
        "isAssign": false,
        "prefix": false,
        "postfix": false,
        "binop": null,
        "updateContext": null
      },
      "value": "import",
      "start": 57,
      "end": 63,
      "loc": {
        "start": {
          "line": 3,
          "column": 0
        },
        "end": {
          "line": 3,
          "column": 6
        }
      }
    },
    {
      "type": {
        "label": "{",
        "beforeExpr": true,
        "startsExpr": true,
        "rightAssociative": false,
        "isLoop": false,
        "isAssign": false,
        "prefix": false,
        "postfix": false,
        "binop": null
      },
      "start": 64,
      "end": 65,
      "loc": {
        "start": {
          "line": 3,
          "column": 7
        },
        "end": {
          "line": 3,
          "column": 8
        }
      }
    },
    {
      "type": {
        "label": "name",
        "beforeExpr": false,
        "startsExpr": true,
        "rightAssociative": false,
        "isLoop": false,
        "isAssign": false,
        "prefix": false,
        "postfix": false,
        "binop": null
      },
      "value": "FormioFormBuilder",
      "start": 66,
      "end": 83,
      "loc": {
        "start": {
          "line": 3,
          "column": 9
        },
        "end": {
          "line": 3,
          "column": 26
        }
      }
    },
    {
      "type": {
        "label": "}",
        "beforeExpr": false,
        "startsExpr": false,
        "rightAssociative": false,
        "isLoop": false,
        "isAssign": false,
        "prefix": false,
        "postfix": false,
        "binop": null
      },
      "start": 84,
      "end": 85,
      "loc": {
        "start": {
          "line": 3,
          "column": 27
        },
        "end": {
          "line": 3,
          "column": 28
        }
      }
    },
    {
      "type": {
        "label": "name",
        "beforeExpr": false,
        "startsExpr": true,
        "rightAssociative": false,
        "isLoop": false,
        "isAssign": false,
        "prefix": false,
        "postfix": false,
        "binop": null
      },
      "value": "from",
      "start": 86,
      "end": 90,
      "loc": {
        "start": {
          "line": 3,
          "column": 29
        },
        "end": {
          "line": 3,
          "column": 33
        }
      }
    },
    {
      "type": {
        "label": "string",
        "beforeExpr": false,
        "startsExpr": true,
        "rightAssociative": false,
        "isLoop": false,
        "isAssign": false,
        "prefix": false,
        "postfix": false,
        "binop": null,
        "updateContext": null
      },
      "value": "./formio.form.builder",
      "start": 91,
      "end": 114,
      "loc": {
        "start": {
          "line": 3,
          "column": 34
        },
        "end": {
          "line": 3,
          "column": 57
        }
      }
    },
    {
      "type": {
        "label": ";",
        "beforeExpr": true,
        "startsExpr": false,
        "rightAssociative": false,
        "isLoop": false,
        "isAssign": false,
        "prefix": false,
        "postfix": false,
        "binop": null,
        "updateContext": null
      },
      "start": 114,
      "end": 115,
      "loc": {
        "start": {
          "line": 3,
          "column": 57
        },
        "end": {
          "line": 3,
          "column": 58
        }
      }
    },
    {
      "type": {
        "label": "import",
        "keyword": "import",
        "beforeExpr": false,
        "startsExpr": true,
        "rightAssociative": false,
        "isLoop": false,
        "isAssign": false,
        "prefix": false,
        "postfix": false,
        "binop": null,
        "updateContext": null
      },
      "value": "import",
      "start": 116,
      "end": 122,
      "loc": {
        "start": {
          "line": 4,
          "column": 0
        },
        "end": {
          "line": 4,
          "column": 6
        }
      }
    },
    {
      "type": {
        "label": "name",
        "beforeExpr": false,
        "startsExpr": true,
        "rightAssociative": false,
        "isLoop": false,
        "isAssign": false,
        "prefix": false,
        "postfix": false,
        "binop": null
      },
      "value": "assert",
      "start": 123,
      "end": 129,
      "loc": {
        "start": {
          "line": 4,
          "column": 7
        },
        "end": {
          "line": 4,
          "column": 13
        }
      }
    },
    {
      "type": {
        "label": "name",
        "beforeExpr": false,
        "startsExpr": true,
        "rightAssociative": false,
        "isLoop": false,
        "isAssign": false,
        "prefix": false,
        "postfix": false,
        "binop": null
      },
      "value": "from",
      "start": 130,
      "end": 134,
      "loc": {
        "start": {
          "line": 4,
          "column": 14
        },
        "end": {
          "line": 4,
          "column": 18
        }
      }
    },
    {
      "type": {
        "label": "string",
        "beforeExpr": false,
        "startsExpr": true,
        "rightAssociative": false,
        "isLoop": false,
        "isAssign": false,
        "prefix": false,
        "postfix": false,
        "binop": null,
        "updateContext": null
      },
      "value": "power-assert",
      "start": 135,
      "end": 149,
      "loc": {
        "start": {
          "line": 4,
          "column": 19
        },
        "end": {
          "line": 4,
          "column": 33
        }
      }
    },
    {
      "type": {
        "label": ";",
        "beforeExpr": true,
        "startsExpr": false,
        "rightAssociative": false,
        "isLoop": false,
        "isAssign": false,
        "prefix": false,
        "postfix": false,
        "binop": null,
        "updateContext": null
      },
      "start": 149,
      "end": 150,
      "loc": {
        "start": {
          "line": 4,
          "column": 33
        },
        "end": {
          "line": 4,
          "column": 34
        }
      }
    },
    {
      "type": {
        "label": "name",
        "beforeExpr": false,
        "startsExpr": true,
        "rightAssociative": false,
        "isLoop": false,
        "isAssign": false,
        "prefix": false,
        "postfix": false,
        "binop": null
      },
      "value": "describe",
      "start": 151,
      "end": 159,
      "loc": {
        "start": {
          "line": 5,
          "column": 0
        },
        "end": {
          "line": 5,
          "column": 8
        }
      }
    },
    {
      "type": {
        "label": "(",
        "beforeExpr": true,
        "startsExpr": true,
        "rightAssociative": false,
        "isLoop": false,
        "isAssign": false,
        "prefix": false,
        "postfix": false,
        "binop": null
      },
      "start": 159,
      "end": 160,
      "loc": {
        "start": {
          "line": 5,
          "column": 8
        },
        "end": {
          "line": 5,
          "column": 9
        }
      }
    },
    {
      "type": {
        "label": "string",
        "beforeExpr": false,
        "startsExpr": true,
        "rightAssociative": false,
        "isLoop": false,
        "isAssign": false,
        "prefix": false,
        "postfix": false,
        "binop": null,
        "updateContext": null
      },
      "value": "Formio Form Builder tests",
      "start": 160,
      "end": 187,
      "loc": {
        "start": {
          "line": 5,
          "column": 9
        },
        "end": {
          "line": 5,
          "column": 36
        }
      }
    },
    {
      "type": {
        "label": ",",
        "beforeExpr": true,
        "startsExpr": false,
        "rightAssociative": false,
        "isLoop": false,
        "isAssign": false,
        "prefix": false,
        "postfix": false,
        "binop": null,
        "updateContext": null
      },
      "start": 187,
      "end": 188,
      "loc": {
        "start": {
          "line": 5,
          "column": 36
        },
        "end": {
          "line": 5,
          "column": 37
        }
      }
    },
    {
      "type": {
        "label": "(",
        "beforeExpr": true,
        "startsExpr": true,
        "rightAssociative": false,
        "isLoop": false,
        "isAssign": false,
        "prefix": false,
        "postfix": false,
        "binop": null
      },
      "start": 189,
      "end": 190,
      "loc": {
        "start": {
          "line": 5,
          "column": 38
        },
        "end": {
          "line": 5,
          "column": 39
        }
      }
    },
    {
      "type": {
        "label": ")",
        "beforeExpr": false,
        "startsExpr": false,
        "rightAssociative": false,
        "isLoop": false,
        "isAssign": false,
        "prefix": false,
        "postfix": false,
        "binop": null
      },
      "start": 190,
      "end": 191,
      "loc": {
        "start": {
          "line": 5,
          "column": 39
        },
        "end": {
          "line": 5,
          "column": 40
        }
      }
    },
    {
      "type": {
        "label": "=>",
        "beforeExpr": true,
        "startsExpr": false,
        "rightAssociative": false,
        "isLoop": false,
        "isAssign": false,
        "prefix": false,
        "postfix": false,
        "binop": null,
        "updateContext": null
      },
      "start": 192,
      "end": 194,
      "loc": {
        "start": {
          "line": 5,
          "column": 41
        },
        "end": {
          "line": 5,
          "column": 43
        }
      }
    },
    {
      "type": {
        "label": "{",
        "beforeExpr": true,
        "startsExpr": true,
        "rightAssociative": false,
        "isLoop": false,
        "isAssign": false,
        "prefix": false,
        "postfix": false,
        "binop": null
      },
      "start": 195,
      "end": 196,
      "loc": {
        "start": {
          "line": 5,
          "column": 44
        },
        "end": {
          "line": 5,
          "column": 45
        }
      }
    },
    {
      "type": {
        "label": "name",
        "beforeExpr": false,
        "startsExpr": true,
        "rightAssociative": false,
        "isLoop": false,
        "isAssign": false,
        "prefix": false,
        "postfix": false,
        "binop": null
      },
      "value": "before",
      "start": 199,
      "end": 205,
      "loc": {
        "start": {
          "line": 6,
          "column": 2
        },
        "end": {
          "line": 6,
          "column": 8
        }
      }
    },
    {
      "type": {
        "label": "(",
        "beforeExpr": true,
        "startsExpr": true,
        "rightAssociative": false,
        "isLoop": false,
        "isAssign": false,
        "prefix": false,
        "postfix": false,
        "binop": null
      },
      "start": 205,
      "end": 206,
      "loc": {
        "start": {
          "line": 6,
          "column": 8
        },
        "end": {
          "line": 6,
          "column": 9
        }
      }
    },
    {
      "type": {
        "label": "(",
        "beforeExpr": true,
        "startsExpr": true,
        "rightAssociative": false,
        "isLoop": false,
        "isAssign": false,
        "prefix": false,
        "postfix": false,
        "binop": null
      },
      "start": 206,
      "end": 207,
      "loc": {
        "start": {
          "line": 6,
          "column": 9
        },
        "end": {
          "line": 6,
          "column": 10
        }
      }
    },
    {
      "type": {
        "label": "name",
        "beforeExpr": false,
        "startsExpr": true,
        "rightAssociative": false,
        "isLoop": false,
        "isAssign": false,
        "prefix": false,
        "postfix": false,
        "binop": null
      },
      "value": "done",
      "start": 207,
      "end": 211,
      "loc": {
        "start": {
          "line": 6,
          "column": 10
        },
        "end": {
          "line": 6,
          "column": 14
        }
      }
    },
    {
      "type": {
        "label": ")",
        "beforeExpr": false,
        "startsExpr": false,
        "rightAssociative": false,
        "isLoop": false,
        "isAssign": false,
        "prefix": false,
        "postfix": false,
        "binop": null
      },
      "start": 211,
      "end": 212,
      "loc": {
        "start": {
          "line": 6,
          "column": 14
        },
        "end": {
          "line": 6,
          "column": 15
        }
      }
    },
    {
      "type": {
        "label": "=>",
        "beforeExpr": true,
        "startsExpr": false,
        "rightAssociative": false,
        "isLoop": false,
        "isAssign": false,
        "prefix": false,
        "postfix": false,
        "binop": null,
        "updateContext": null
      },
      "start": 213,
      "end": 215,
      "loc": {
        "start": {
          "line": 6,
          "column": 16
        },
        "end": {
          "line": 6,
          "column": 18
        }
      }
    },
    {
      "type": {
        "label": "name",
        "beforeExpr": false,
        "startsExpr": true,
        "rightAssociative": false,
        "isLoop": false,
        "isAssign": false,
        "prefix": false,
        "postfix": false,
        "binop": null
      },
      "value": "Harness",
      "start": 216,
      "end": 223,
      "loc": {
        "start": {
          "line": 6,
          "column": 19
        },
        "end": {
          "line": 6,
          "column": 26
        }
      }
    },
    {
      "type": {
        "label": ".",
        "beforeExpr": false,
        "startsExpr": false,
        "rightAssociative": false,
        "isLoop": false,
        "isAssign": false,
        "prefix": false,
        "postfix": false,
        "binop": null,
        "updateContext": null
      },
      "start": 223,
      "end": 224,
      "loc": {
        "start": {
          "line": 6,
          "column": 26
        },
        "end": {
          "line": 6,
          "column": 27
        }
      }
    },
    {
      "type": {
        "label": "name",
        "beforeExpr": false,
        "startsExpr": true,
        "rightAssociative": false,
        "isLoop": false,
        "isAssign": false,
        "prefix": false,
        "postfix": false,
        "binop": null
      },
      "value": "builderBefore",
      "start": 224,
      "end": 237,
      "loc": {
        "start": {
          "line": 6,
          "column": 27
        },
        "end": {
          "line": 6,
          "column": 40
        }
      }
    },
    {
      "type": {
        "label": "(",
        "beforeExpr": true,
        "startsExpr": true,
        "rightAssociative": false,
        "isLoop": false,
        "isAssign": false,
        "prefix": false,
        "postfix": false,
        "binop": null
      },
      "start": 237,
      "end": 238,
      "loc": {
        "start": {
          "line": 6,
          "column": 40
        },
        "end": {
          "line": 6,
          "column": 41
        }
      }
    },
    {
      "type": {
        "label": "name",
        "beforeExpr": false,
        "startsExpr": true,
        "rightAssociative": false,
        "isLoop": false,
        "isAssign": false,
        "prefix": false,
        "postfix": false,
        "binop": null
      },
      "value": "done",
      "start": 238,
      "end": 242,
      "loc": {
        "start": {
          "line": 6,
          "column": 41
        },
        "end": {
          "line": 6,
          "column": 45
        }
      }
    },
    {
      "type": {
        "label": ")",
        "beforeExpr": false,
        "startsExpr": false,
        "rightAssociative": false,
        "isLoop": false,
        "isAssign": false,
        "prefix": false,
        "postfix": false,
        "binop": null
      },
      "start": 242,
      "end": 243,
      "loc": {
        "start": {
          "line": 6,
          "column": 45
        },
        "end": {
          "line": 6,
          "column": 46
        }
      }
    },
    {
      "type": {
        "label": ")",
        "beforeExpr": false,
        "startsExpr": false,
        "rightAssociative": false,
        "isLoop": false,
        "isAssign": false,
        "prefix": false,
        "postfix": false,
        "binop": null
      },
      "start": 243,
      "end": 244,
      "loc": {
        "start": {
          "line": 6,
          "column": 46
        },
        "end": {
          "line": 6,
          "column": 47
        }
      }
    },
    {
      "type": {
        "label": ";",
        "beforeExpr": true,
        "startsExpr": false,
        "rightAssociative": false,
        "isLoop": false,
        "isAssign": false,
        "prefix": false,
        "postfix": false,
        "binop": null,
        "updateContext": null
      },
      "start": 244,
      "end": 245,
      "loc": {
        "start": {
          "line": 6,
          "column": 47
        },
        "end": {
          "line": 6,
          "column": 48
        }
      }
    },
    {
      "type": {
        "label": "name",
        "beforeExpr": false,
        "startsExpr": true,
        "rightAssociative": false,
        "isLoop": false,
        "isAssign": false,
        "prefix": false,
        "postfix": false,
        "binop": null
      },
      "value": "after",
      "start": 248,
      "end": 253,
      "loc": {
        "start": {
          "line": 7,
          "column": 2
        },
        "end": {
          "line": 7,
          "column": 7
        }
      }
    },
    {
      "type": {
        "label": "(",
        "beforeExpr": true,
        "startsExpr": true,
        "rightAssociative": false,
        "isLoop": false,
        "isAssign": false,
        "prefix": false,
        "postfix": false,
        "binop": null
      },
      "start": 253,
      "end": 254,
      "loc": {
        "start": {
          "line": 7,
          "column": 7
        },
        "end": {
          "line": 7,
          "column": 8
        }
      }
    },
    {
      "type": {
        "label": "(",
        "beforeExpr": true,
        "startsExpr": true,
        "rightAssociative": false,
        "isLoop": false,
        "isAssign": false,
        "prefix": false,
        "postfix": false,
        "binop": null
      },
      "start": 254,
      "end": 255,
      "loc": {
        "start": {
          "line": 7,
          "column": 8
        },
        "end": {
          "line": 7,
          "column": 9
        }
      }
    },
    {
      "type": {
        "label": ")",
        "beforeExpr": false,
        "startsExpr": false,
        "rightAssociative": false,
        "isLoop": false,
        "isAssign": false,
        "prefix": false,
        "postfix": false,
        "binop": null
      },
      "start": 255,
      "end": 256,
      "loc": {
        "start": {
          "line": 7,
          "column": 9
        },
        "end": {
          "line": 7,
          "column": 10
        }
      }
    },
    {
      "type": {
        "label": "=>",
        "beforeExpr": true,
        "startsExpr": false,
        "rightAssociative": false,
        "isLoop": false,
        "isAssign": false,
        "prefix": false,
        "postfix": false,
        "binop": null,
        "updateContext": null
      },
      "start": 257,
      "end": 259,
      "loc": {
        "start": {
          "line": 7,
          "column": 11
        },
        "end": {
          "line": 7,
          "column": 13
        }
      }
    },
    {
      "type": {
        "label": "name",
        "beforeExpr": false,
        "startsExpr": true,
        "rightAssociative": false,
        "isLoop": false,
        "isAssign": false,
        "prefix": false,
        "postfix": false,
        "binop": null
      },
      "value": "Harness",
      "start": 260,
      "end": 267,
      "loc": {
        "start": {
          "line": 7,
          "column": 14
        },
        "end": {
          "line": 7,
          "column": 21
        }
      }
    },
    {
      "type": {
        "label": ".",
        "beforeExpr": false,
        "startsExpr": false,
        "rightAssociative": false,
        "isLoop": false,
        "isAssign": false,
        "prefix": false,
        "postfix": false,
        "binop": null,
        "updateContext": null
      },
      "start": 267,
      "end": 268,
      "loc": {
        "start": {
          "line": 7,
          "column": 21
        },
        "end": {
          "line": 7,
          "column": 22
        }
      }
    },
    {
      "type": {
        "label": "name",
        "beforeExpr": false,
        "startsExpr": true,
        "rightAssociative": false,
        "isLoop": false,
        "isAssign": false,
        "prefix": false,
        "postfix": false,
        "binop": null
      },
      "value": "builderAfter",
      "start": 268,
      "end": 280,
      "loc": {
        "start": {
          "line": 7,
          "column": 22
        },
        "end": {
          "line": 7,
          "column": 34
        }
      }
    },
    {
      "type": {
        "label": "(",
        "beforeExpr": true,
        "startsExpr": true,
        "rightAssociative": false,
        "isLoop": false,
        "isAssign": false,
        "prefix": false,
        "postfix": false,
        "binop": null
      },
      "start": 280,
      "end": 281,
      "loc": {
        "start": {
          "line": 7,
          "column": 34
        },
        "end": {
          "line": 7,
          "column": 35
        }
      }
    },
    {
      "type": {
        "label": ")",
        "beforeExpr": false,
        "startsExpr": false,
        "rightAssociative": false,
        "isLoop": false,
        "isAssign": false,
        "prefix": false,
        "postfix": false,
        "binop": null
      },
      "start": 281,
      "end": 282,
      "loc": {
        "start": {
          "line": 7,
          "column": 35
        },
        "end": {
          "line": 7,
          "column": 36
        }
      }
    },
    {
      "type": {
        "label": ")",
        "beforeExpr": false,
        "startsExpr": false,
        "rightAssociative": false,
        "isLoop": false,
        "isAssign": false,
        "prefix": false,
        "postfix": false,
        "binop": null
      },
      "start": 282,
      "end": 283,
      "loc": {
        "start": {
          "line": 7,
          "column": 36
        },
        "end": {
          "line": 7,
          "column": 37
        }
      }
    },
    {
      "type": {
        "label": ";",
        "beforeExpr": true,
        "startsExpr": false,
        "rightAssociative": false,
        "isLoop": false,
        "isAssign": false,
        "prefix": false,
        "postfix": false,
        "binop": null,
        "updateContext": null
      },
      "start": 283,
      "end": 284,
      "loc": {
        "start": {
          "line": 7,
          "column": 37
        },
        "end": {
          "line": 7,
          "column": 38
        }
      }
    },
    {
      "type": {
        "label": "name",
        "beforeExpr": false,
        "startsExpr": true,
        "rightAssociative": false,
        "isLoop": false,
        "isAssign": false,
        "prefix": false,
        "postfix": false,
        "binop": null
      },
      "value": "it",
      "start": 287,
      "end": 289,
      "loc": {
        "start": {
          "line": 8,
          "column": 2
        },
        "end": {
          "line": 8,
          "column": 4
        }
      }
    },
    {
      "type": {
        "label": "(",
        "beforeExpr": true,
        "startsExpr": true,
        "rightAssociative": false,
        "isLoop": false,
        "isAssign": false,
        "prefix": false,
        "postfix": false,
        "binop": null
      },
      "start": 289,
      "end": 290,
      "loc": {
        "start": {
          "line": 8,
          "column": 4
        },
        "end": {
          "line": 8,
          "column": 5
        }
      }
    },
    {
      "type": {
        "label": "string",
        "beforeExpr": false,
        "startsExpr": true,
        "rightAssociative": false,
        "isLoop": false,
        "isAssign": false,
        "prefix": false,
        "postfix": false,
        "binop": null,
        "updateContext": null
      },
      "value": "Should create a new form builder class",
      "start": 290,
      "end": 330,
      "loc": {
        "start": {
          "line": 8,
          "column": 5
        },
        "end": {
          "line": 8,
          "column": 45
        }
      }
    },
    {
      "type": {
        "label": ",",
        "beforeExpr": true,
        "startsExpr": false,
        "rightAssociative": false,
        "isLoop": false,
        "isAssign": false,
        "prefix": false,
        "postfix": false,
        "binop": null,
        "updateContext": null
      },
      "start": 330,
      "end": 331,
      "loc": {
        "start": {
          "line": 8,
          "column": 45
        },
        "end": {
          "line": 8,
          "column": 46
        }
      }
    },
    {
      "type": {
        "label": "(",
        "beforeExpr": true,
        "startsExpr": true,
        "rightAssociative": false,
        "isLoop": false,
        "isAssign": false,
        "prefix": false,
        "postfix": false,
        "binop": null
      },
      "start": 332,
      "end": 333,
      "loc": {
        "start": {
          "line": 8,
          "column": 47
        },
        "end": {
          "line": 8,
          "column": 48
        }
      }
    },
    {
      "type": {
        "label": "name",
        "beforeExpr": false,
        "startsExpr": true,
        "rightAssociative": false,
        "isLoop": false,
        "isAssign": false,
        "prefix": false,
        "postfix": false,
        "binop": null
      },
      "value": "done",
      "start": 333,
      "end": 337,
      "loc": {
        "start": {
          "line": 8,
          "column": 48
        },
        "end": {
          "line": 8,
          "column": 52
        }
      }
    },
    {
      "type": {
        "label": ")",
        "beforeExpr": false,
        "startsExpr": false,
        "rightAssociative": false,
        "isLoop": false,
        "isAssign": false,
        "prefix": false,
        "postfix": false,
        "binop": null
      },
      "start": 337,
      "end": 338,
      "loc": {
        "start": {
          "line": 8,
          "column": 52
        },
        "end": {
          "line": 8,
          "column": 53
        }
      }
    },
    {
      "type": {
        "label": "=>",
        "beforeExpr": true,
        "startsExpr": false,
        "rightAssociative": false,
        "isLoop": false,
        "isAssign": false,
        "prefix": false,
        "postfix": false,
        "binop": null,
        "updateContext": null
      },
      "start": 339,
      "end": 341,
      "loc": {
        "start": {
          "line": 8,
          "column": 54
        },
        "end": {
          "line": 8,
          "column": 56
        }
      }
    },
    {
      "type": {
        "label": "{",
        "beforeExpr": true,
        "startsExpr": true,
        "rightAssociative": false,
        "isLoop": false,
        "isAssign": false,
        "prefix": false,
        "postfix": false,
        "binop": null
      },
      "start": 342,
      "end": 343,
      "loc": {
        "start": {
          "line": 8,
          "column": 57
        },
        "end": {
          "line": 8,
          "column": 58
        }
      }
    },
    {
      "type": {
        "label": "let",
        "keyword": "let",
        "beforeExpr": false,
        "startsExpr": false,
        "rightAssociative": false,
        "isLoop": false,
        "isAssign": false,
        "prefix": false,
        "postfix": false,
        "binop": null,
        "updateContext": null
      },
      "value": "let",
      "start": 348,
      "end": 351,
      "loc": {
        "start": {
          "line": 9,
          "column": 4
        },
        "end": {
          "line": 9,
          "column": 7
        }
      }
    },
    {
      "type": {
        "label": "name",
        "beforeExpr": false,
        "startsExpr": true,
        "rightAssociative": false,
        "isLoop": false,
        "isAssign": false,
        "prefix": false,
        "postfix": false,
        "binop": null
      },
      "value": "builder",
      "start": 352,
      "end": 359,
      "loc": {
        "start": {
          "line": 9,
          "column": 8
        },
        "end": {
          "line": 9,
          "column": 15
        }
      }
    },
    {
      "type": {
        "label": "=",
        "beforeExpr": true,
        "startsExpr": false,
        "rightAssociative": false,
        "isLoop": false,
        "isAssign": true,
        "prefix": false,
        "postfix": false,
        "binop": null,
        "updateContext": null
      },
      "value": "=",
      "start": 360,
      "end": 361,
      "loc": {
        "start": {
          "line": 9,
          "column": 16
        },
        "end": {
          "line": 9,
          "column": 17
        }
      }
    },
    {
      "type": {
        "label": "name",
        "beforeExpr": false,
        "startsExpr": true,
        "rightAssociative": false,
        "isLoop": false,
        "isAssign": false,
        "prefix": false,
        "postfix": false,
        "binop": null
      },
      "value": "Harness",
      "start": 362,
      "end": 369,
      "loc": {
        "start": {
          "line": 9,
          "column": 18
        },
        "end": {
          "line": 9,
          "column": 25
        }
      }
    },
    {
      "type": {
        "label": ".",
        "beforeExpr": false,
        "startsExpr": false,
        "rightAssociative": false,
        "isLoop": false,
        "isAssign": false,
        "prefix": false,
        "postfix": false,
        "binop": null,
        "updateContext": null
      },
      "start": 369,
      "end": 370,
      "loc": {
        "start": {
          "line": 9,
          "column": 25
        },
        "end": {
          "line": 9,
          "column": 26
        }
      }
    },
    {
      "type": {
        "label": "name",
        "beforeExpr": false,
        "startsExpr": true,
        "rightAssociative": false,
        "isLoop": false,
        "isAssign": false,
        "prefix": false,
        "postfix": false,
        "binop": null
      },
      "value": "buildComponent",
      "start": 370,
      "end": 384,
      "loc": {
        "start": {
          "line": 9,
          "column": 26
        },
        "end": {
          "line": 9,
          "column": 40
        }
      }
    },
    {
      "type": {
        "label": "(",
        "beforeExpr": true,
        "startsExpr": true,
        "rightAssociative": false,
        "isLoop": false,
        "isAssign": false,
        "prefix": false,
        "postfix": false,
        "binop": null
      },
      "start": 384,
      "end": 385,
      "loc": {
        "start": {
          "line": 9,
          "column": 40
        },
        "end": {
          "line": 9,
          "column": 41
        }
      }
    },
    {
      "type": {
        "label": "string",
        "beforeExpr": false,
        "startsExpr": true,
        "rightAssociative": false,
        "isLoop": false,
        "isAssign": false,
        "prefix": false,
        "postfix": false,
        "binop": null,
        "updateContext": null
      },
      "value": "textfield",
      "start": 385,
      "end": 396,
      "loc": {
        "start": {
          "line": 9,
          "column": 41
        },
        "end": {
          "line": 9,
          "column": 52
        }
      }
    },
    {
      "type": {
        "label": ")",
        "beforeExpr": false,
        "startsExpr": false,
        "rightAssociative": false,
        "isLoop": false,
        "isAssign": false,
        "prefix": false,
        "postfix": false,
        "binop": null
      },
      "start": 396,
      "end": 397,
      "loc": {
        "start": {
          "line": 9,
          "column": 52
        },
        "end": {
          "line": 9,
          "column": 53
        }
      }
    },
    {
      "type": {
        "label": ";",
        "beforeExpr": true,
        "startsExpr": false,
        "rightAssociative": false,
        "isLoop": false,
        "isAssign": false,
        "prefix": false,
        "postfix": false,
        "binop": null,
        "updateContext": null
      },
      "start": 397,
      "end": 398,
      "loc": {
        "start": {
          "line": 9,
          "column": 53
        },
        "end": {
          "line": 9,
          "column": 54
        }
      }
    },
    {
      "type": {
        "label": "name",
        "beforeExpr": false,
        "startsExpr": true,
        "rightAssociative": false,
        "isLoop": false,
        "isAssign": false,
        "prefix": false,
        "postfix": false,
        "binop": null
      },
      "value": "assert",
      "start": 403,
      "end": 409,
      "loc": {
        "start": {
          "line": 10,
          "column": 4
        },
        "end": {
          "line": 10,
          "column": 10
        }
      }
    },
    {
      "type": {
        "label": "(",
        "beforeExpr": true,
        "startsExpr": true,
        "rightAssociative": false,
        "isLoop": false,
        "isAssign": false,
        "prefix": false,
        "postfix": false,
        "binop": null
      },
      "start": 409,
      "end": 410,
      "loc": {
        "start": {
          "line": 10,
          "column": 10
        },
        "end": {
          "line": 10,
          "column": 11
        }
      }
    },
    {
      "type": {
        "label": "name",
        "beforeExpr": false,
        "startsExpr": true,
        "rightAssociative": false,
        "isLoop": false,
        "isAssign": false,
        "prefix": false,
        "postfix": false,
        "binop": null
      },
      "value": "builder",
      "start": 410,
      "end": 417,
      "loc": {
        "start": {
          "line": 10,
          "column": 11
        },
        "end": {
          "line": 10,
          "column": 18
        }
      }
    },
    {
      "type": {
        "label": "instanceof",
        "keyword": "instanceof",
        "beforeExpr": true,
        "startsExpr": false,
        "rightAssociative": false,
        "isLoop": false,
        "isAssign": false,
        "prefix": false,
        "postfix": false,
        "binop": 7,
        "updateContext": null
      },
      "value": "instanceof",
      "start": 418,
      "end": 428,
      "loc": {
        "start": {
          "line": 10,
          "column": 19
        },
        "end": {
          "line": 10,
          "column": 29
        }
      }
    },
    {
      "type": {
        "label": "name",
        "beforeExpr": false,
        "startsExpr": true,
        "rightAssociative": false,
        "isLoop": false,
        "isAssign": false,
        "prefix": false,
        "postfix": false,
        "binop": null
      },
      "value": "FormioFormBuilder",
      "start": 429,
      "end": 446,
      "loc": {
        "start": {
          "line": 10,
          "column": 30
        },
        "end": {
          "line": 10,
          "column": 47
        }
      }
    },
    {
      "type": {
        "label": ",",
        "beforeExpr": true,
        "startsExpr": false,
        "rightAssociative": false,
        "isLoop": false,
        "isAssign": false,
        "prefix": false,
        "postfix": false,
        "binop": null,
        "updateContext": null
      },
      "start": 446,
      "end": 447,
      "loc": {
        "start": {
          "line": 10,
          "column": 47
        },
        "end": {
          "line": 10,
          "column": 48
        }
      }
    },
    {
      "type": {
        "label": "string",
        "beforeExpr": false,
        "startsExpr": true,
        "rightAssociative": false,
        "isLoop": false,
        "isAssign": false,
        "prefix": false,
        "postfix": false,
        "binop": null,
        "updateContext": null
      },
      "value": "Builder must be an instance of FormioFormBuilder",
      "start": 448,
      "end": 498,
      "loc": {
        "start": {
          "line": 10,
          "column": 49
        },
        "end": {
          "line": 10,
          "column": 99
        }
      }
    },
    {
      "type": {
        "label": ")",
        "beforeExpr": false,
        "startsExpr": false,
        "rightAssociative": false,
        "isLoop": false,
        "isAssign": false,
        "prefix": false,
        "postfix": false,
        "binop": null
      },
      "start": 498,
      "end": 499,
      "loc": {
        "start": {
          "line": 10,
          "column": 99
        },
        "end": {
          "line": 10,
          "column": 100
        }
      }
    },
    {
      "type": {
        "label": ";",
        "beforeExpr": true,
        "startsExpr": false,
        "rightAssociative": false,
        "isLoop": false,
        "isAssign": false,
        "prefix": false,
        "postfix": false,
        "binop": null,
        "updateContext": null
      },
      "start": 499,
      "end": 500,
      "loc": {
        "start": {
          "line": 10,
          "column": 100
        },
        "end": {
          "line": 10,
          "column": 101
        }
      }
    },
    {
      "type": {
        "label": "name",
        "beforeExpr": false,
        "startsExpr": true,
        "rightAssociative": false,
        "isLoop": false,
        "isAssign": false,
        "prefix": false,
        "postfix": false,
        "binop": null
      },
      "value": "done",
      "start": 505,
      "end": 509,
      "loc": {
        "start": {
          "line": 11,
          "column": 4
        },
        "end": {
          "line": 11,
          "column": 8
        }
      }
    },
    {
      "type": {
        "label": "(",
        "beforeExpr": true,
        "startsExpr": true,
        "rightAssociative": false,
        "isLoop": false,
        "isAssign": false,
        "prefix": false,
        "postfix": false,
        "binop": null
      },
      "start": 509,
      "end": 510,
      "loc": {
        "start": {
          "line": 11,
          "column": 8
        },
        "end": {
          "line": 11,
          "column": 9
        }
      }
    },
    {
      "type": {
        "label": ")",
        "beforeExpr": false,
        "startsExpr": false,
        "rightAssociative": false,
        "isLoop": false,
        "isAssign": false,
        "prefix": false,
        "postfix": false,
        "binop": null
      },
      "start": 510,
      "end": 511,
      "loc": {
        "start": {
          "line": 11,
          "column": 9
        },
        "end": {
          "line": 11,
          "column": 10
        }
      }
    },
    {
      "type": {
        "label": ";",
        "beforeExpr": true,
        "startsExpr": false,
        "rightAssociative": false,
        "isLoop": false,
        "isAssign": false,
        "prefix": false,
        "postfix": false,
        "binop": null,
        "updateContext": null
      },
      "start": 511,
      "end": 512,
      "loc": {
        "start": {
          "line": 11,
          "column": 10
        },
        "end": {
          "line": 11,
          "column": 11
        }
      }
    },
    {
      "type": {
        "label": "}",
        "beforeExpr": false,
        "startsExpr": false,
        "rightAssociative": false,
        "isLoop": false,
        "isAssign": false,
        "prefix": false,
        "postfix": false,
        "binop": null
      },
      "start": 515,
      "end": 516,
      "loc": {
        "start": {
          "line": 12,
          "column": 2
        },
        "end": {
          "line": 12,
          "column": 3
        }
      }
    },
    {
      "type": {
        "label": ")",
        "beforeExpr": false,
        "startsExpr": false,
        "rightAssociative": false,
        "isLoop": false,
        "isAssign": false,
        "prefix": false,
        "postfix": false,
        "binop": null
      },
      "start": 516,
      "end": 517,
      "loc": {
        "start": {
          "line": 12,
          "column": 3
        },
        "end": {
          "line": 12,
          "column": 4
        }
      }
    },
    {
      "type": {
        "label": ";",
        "beforeExpr": true,
        "startsExpr": false,
        "rightAssociative": false,
        "isLoop": false,
        "isAssign": false,
        "prefix": false,
        "postfix": false,
        "binop": null,
        "updateContext": null
      },
      "start": 517,
      "end": 518,
      "loc": {
        "start": {
          "line": 12,
          "column": 4
        },
        "end": {
          "line": 12,
          "column": 5
        }
      }
    },
    {
      "type": {
        "label": "}",
        "beforeExpr": false,
        "startsExpr": false,
        "rightAssociative": false,
        "isLoop": false,
        "isAssign": false,
        "prefix": false,
        "postfix": false,
        "binop": null
      },
      "start": 519,
      "end": 520,
      "loc": {
        "start": {
          "line": 13,
          "column": 0
        },
        "end": {
          "line": 13,
          "column": 1
        }
      }
    },
    {
      "type": {
        "label": ")",
        "beforeExpr": false,
        "startsExpr": false,
        "rightAssociative": false,
        "isLoop": false,
        "isAssign": false,
        "prefix": false,
        "postfix": false,
        "binop": null
      },
      "start": 520,
      "end": 521,
      "loc": {
        "start": {
          "line": 13,
          "column": 1
        },
        "end": {
          "line": 13,
          "column": 2
        }
      }
    },
    {
      "type": {
        "label": ";",
        "beforeExpr": true,
        "startsExpr": false,
        "rightAssociative": false,
        "isLoop": false,
        "isAssign": false,
        "prefix": false,
        "postfix": false,
        "binop": null,
        "updateContext": null
      },
      "start": 521,
      "end": 522,
      "loc": {
        "start": {
          "line": 13,
          "column": 2
        },
        "end": {
          "line": 13,
          "column": 3
        }
      }
    },
    {
      "type": {
        "label": "eof",
        "beforeExpr": false,
        "startsExpr": false,
        "rightAssociative": false,
        "isLoop": false,
        "isAssign": false,
        "prefix": false,
        "postfix": false,
        "binop": null,
        "updateContext": null
      },
      "start": 523,
      "end": 523,
      "loc": {
        "start": {
          "line": 14,
          "column": 0
        },
        "end": {
          "line": 14,
          "column": 0
        }
      }
    }
  ]
}