{
  "type": "File",
  "start": 0,
  "end": 404,
  "loc": {
    "start": {
      "line": 1,
      "column": 0
    },
    "end": {
      "line": 25,
      "column": 0
    }
  },
  "program": {
    "type": "Program",
    "start": 0,
    "end": 404,
    "loc": {
      "start": {
        "line": 1,
        "column": 0
      },
      "end": {
        "line": 25,
        "column": 0
      }
    },
    "sourceType": "module",
    "body": [
      {
        "type": "ExportNamedDeclaration",
        "start": 0,
        "end": 403,
        "loc": {
          "start": {
            "line": 1,
            "column": 0
          },
          "end": {
            "line": 24,
            "column": 2
          }
        },
        "specifiers": [],
        "source": null,
        "declaration": {
          "type": "VariableDeclaration",
          "start": 7,
          "end": 403,
          "loc": {
            "start": {
              "line": 1,
              "column": 7
            },
            "end": {
              "line": 24,
              "column": 2
            }
          },
          "declarations": [
            {
              "type": "VariableDeclarator",
              "start": 13,
              "end": 402,
              "loc": {
                "start": {
                  "line": 1,
                  "column": 13
                },
                "end": {
                  "line": 24,
                  "column": 1
                }
              },
              "id": {
                "type": "Identifier",
                "start": 13,
                "end": 22,
                "loc": {
                  "start": {
                    "line": 1,
                    "column": 13
                  },
                  "end": {
                    "line": 1,
                    "column": 22
                  },
                  "identifierName": "component"
                },
                "name": "component"
              },
              "init": {
                "type": "ObjectExpression",
                "start": 25,
                "end": 402,
                "loc": {
                  "start": {
                    "line": 1,
                    "column": 25
                  },
                  "end": {
                    "line": 24,
                    "column": 1
                  }
                },
                "properties": [
                  {
                    "type": "ObjectProperty",
                    "start": 29,
                    "end": 96,
                    "loc": {
                      "start": {
                        "line": 2,
                        "column": 2
                      },
                      "end": {
                        "line": 6,
                        "column": 3
                      }
                    },
                    "method": false,
                    "shorthand": false,
                    "computed": false,
                    "key": {
                      "type": "StringLiteral",
                      "start": 29,
                      "end": 42,
                      "loc": {
                        "start": {
                          "line": 2,
                          "column": 2
                        },
                        "end": {
                          "line": 2,
                          "column": 15
                        }
                      },
                      "extra": {
                        "rawValue": "conditional",
                        "raw": "'conditional'"
                      },
                      "value": "conditional"
                    },
                    "value": {
                      "type": "ObjectExpression",
                      "start": 44,
                      "end": 96,
                      "loc": {
                        "start": {
                          "line": 2,
                          "column": 17
                        },
                        "end": {
                          "line": 6,
                          "column": 3
                        }
                      },
                      "properties": [
                        {
                          "type": "ObjectProperty",
                          "start": 50,
                          "end": 58,
                          "loc": {
                            "start": {
                              "line": 3,
                              "column": 4
                            },
                            "end": {
                              "line": 3,
                              "column": 12
                            }
                          },
                          "method": false,
                          "shorthand": false,
                          "computed": false,
                          "key": {
                            "type": "StringLiteral",
                            "start": 50,
                            "end": 54,
                            "loc": {
                              "start": {
                                "line": 3,
                                "column": 4
                              },
                              "end": {
                                "line": 3,
                                "column": 8
                              }
                            },
                            "extra": {
                              "rawValue": "eq",
                              "raw": "'eq'"
                            },
                            "value": "eq"
                          },
                          "value": {
                            "type": "StringLiteral",
                            "start": 56,
                            "end": 58,
                            "loc": {
                              "start": {
                                "line": 3,
                                "column": 10
                              },
                              "end": {
                                "line": 3,
                                "column": 12
                              }
                            },
                            "extra": {
                              "rawValue": "",
                              "raw": "''"
                            },
                            "value": ""
                          }
                        },
                        {
                          "type": "ObjectProperty",
                          "start": 64,
                          "end": 76,
                          "loc": {
                            "start": {
                              "line": 4,
                              "column": 4
                            },
                            "end": {
                              "line": 4,
                              "column": 16
                            }
                          },
                          "method": false,
                          "shorthand": false,
                          "computed": false,
                          "key": {
                            "type": "StringLiteral",
                            "start": 64,
                            "end": 70,
                            "loc": {
                              "start": {
                                "line": 4,
                                "column": 4
                              },
                              "end": {
                                "line": 4,
                                "column": 10
                              }
                            },
                            "extra": {
                              "rawValue": "when",
                              "raw": "'when'"
                            },
                            "value": "when"
                          },
                          "value": {
                            "type": "NullLiteral",
                            "start": 72,
                            "end": 76,
                            "loc": {
                              "start": {
                                "line": 4,
                                "column": 12
                              },
                              "end": {
                                "line": 4,
                                "column": 16
                              }
                            }
                          }
                        },
                        {
                          "type": "ObjectProperty",
                          "start": 82,
                          "end": 92,
                          "loc": {
                            "start": {
                              "line": 5,
                              "column": 4
                            },
                            "end": {
                              "line": 5,
                              "column": 14
                            }
                          },
                          "method": false,
                          "shorthand": false,
                          "computed": false,
                          "key": {
                            "type": "StringLiteral",
                            "start": 82,
                            "end": 88,
                            "loc": {
                              "start": {
                                "line": 5,
                                "column": 4
                              },
                              "end": {
                                "line": 5,
                                "column": 10
                              }
                            },
                            "extra": {
                              "rawValue": "show",
                              "raw": "'show'"
                            },
                            "value": "show"
                          },
                          "value": {
                            "type": "StringLiteral",
                            "start": 90,
                            "end": 92,
                            "loc": {
                              "start": {
                                "line": 5,
                                "column": 12
                              },
                              "end": {
                                "line": 5,
                                "column": 14
                              }
                            },
                            "extra": {
                              "rawValue": "",
                              "raw": "''"
                            },
                            "value": ""
                          }
                        }
                      ]
                    }
                  },
                  {
                    "type": "ObjectProperty",
                    "start": 100,
                    "end": 114,
                    "loc": {
                      "start": {
                        "line": 7,
                        "column": 2
                      },
                      "end": {
                        "line": 9,
                        "column": 3
                      }
                    },
                    "method": false,
                    "shorthand": false,
                    "computed": false,
                    "key": {
                      "type": "StringLiteral",
                      "start": 100,
                      "end": 106,
                      "loc": {
                        "start": {
                          "line": 7,
                          "column": 2
                        },
                        "end": {
                          "line": 7,
                          "column": 8
                        }
                      },
                      "extra": {
                        "rawValue": "tags",
                        "raw": "'tags'"
                      },
                      "value": "tags"
                    },
                    "value": {
                      "type": "ArrayExpression",
                      "start": 108,
                      "end": 114,
                      "loc": {
                        "start": {
                          "line": 7,
                          "column": 10
                        },
                        "end": {
                          "line": 9,
                          "column": 3
                        }
                      },
                      "elements": []
                    }
                  },
                  {
                    "type": "ObjectProperty",
                    "start": 118,
                    "end": 132,
                    "loc": {
                      "start": {
                        "line": 10,
                        "column": 2
                      },
                      "end": {
                        "line": 10,
                        "column": 16
                      }
                    },
                    "method": false,
                    "shorthand": false,
                    "computed": false,
                    "key": {
                      "type": "StringLiteral",
                      "start": 118,
                      "end": 124,
                      "loc": {
                        "start": {
                          "line": 10,
                          "column": 2
                        },
                        "end": {
                          "line": 10,
                          "column": 8
                        }
                      },
                      "extra": {
                        "rawValue": "type",
                        "raw": "'type'"
                      },
                      "value": "type"
                    },
                    "value": {
                      "type": "StringLiteral",
                      "start": 126,
                      "end": 132,
                      "loc": {
                        "start": {
                          "line": 10,
                          "column": 10
                        },
                        "end": {
                          "line": 10,
                          "column": 16
                        }
                      },
                      "extra": {
                        "rawValue": "time",
                        "raw": "'time'"
                      },
                      "value": "time"
                    }
                  },
                  {
                    "type": "ObjectProperty",
                    "start": 136,
                    "end": 154,
                    "loc": {
                      "start": {
                        "line": 11,
                        "column": 2
                      },
                      "end": {
                        "line": 11,
                        "column": 20
                      }
                    },
                    "method": false,
                    "shorthand": false,
                    "computed": false,
                    "key": {
                      "type": "StringLiteral",
                      "start": 136,
                      "end": 148,
                      "loc": {
                        "start": {
                          "line": 11,
                          "column": 2
                        },
                        "end": {
                          "line": 11,
                          "column": 14
                        }
                      },
                      "extra": {
                        "rawValue": "persistent",
                        "raw": "'persistent'"
                      },
                      "value": "persistent"
                    },
                    "value": {
                      "type": "BooleanLiteral",
                      "start": 150,
                      "end": 154,
                      "loc": {
                        "start": {
                          "line": 11,
                          "column": 16
                        },
                        "end": {
                          "line": 11,
                          "column": 20
                        }
                      },
                      "value": true
                    }
                  },
                  {
                    "type": "ObjectProperty",
                    "start": 158,
                    "end": 173,
                    "loc": {
                      "start": {
                        "line": 12,
                        "column": 2
                      },
                      "end": {
                        "line": 12,
                        "column": 17
                      }
                    },
                    "method": false,
                    "shorthand": false,
                    "computed": false,
                    "key": {
                      "type": "StringLiteral",
                      "start": 158,
                      "end": 166,
                      "loc": {
                        "start": {
                          "line": 12,
                          "column": 2
                        },
                        "end": {
                          "line": 12,
                          "column": 10
                        }
                      },
                      "extra": {
                        "rawValue": "unique",
                        "raw": "'unique'"
                      },
                      "value": "unique"
                    },
                    "value": {
                      "type": "BooleanLiteral",
                      "start": 168,
                      "end": 173,
                      "loc": {
                        "start": {
                          "line": 12,
                          "column": 12
                        },
                        "end": {
                          "line": 12,
                          "column": 17
                        }
                      },
                      "value": false
                    }
                  },
                  {
                    "type": "ObjectProperty",
                    "start": 177,
                    "end": 195,
                    "loc": {
                      "start": {
                        "line": 13,
                        "column": 2
                      },
                      "end": {
                        "line": 13,
                        "column": 20
                      }
                    },
                    "method": false,
                    "shorthand": false,
                    "computed": false,
                    "key": {
                      "type": "StringLiteral",
                      "start": 177,
                      "end": 188,
                      "loc": {
                        "start": {
                          "line": 13,
                          "column": 2
                        },
                        "end": {
                          "line": 13,
                          "column": 13
                        }
                      },
                      "extra": {
                        "rawValue": "protected",
                        "raw": "'protected'"
                      },
                      "value": "protected"
                    },
                    "value": {
                      "type": "BooleanLiteral",
                      "start": 190,
                      "end": 195,
                      "loc": {
                        "start": {
                          "line": 13,
                          "column": 15
                        },
                        "end": {
                          "line": 13,
                          "column": 20
                        }
                      },
                      "value": false
                    }
                  },
                  {
                    "type": "ObjectProperty",
                    "start": 199,
                    "end": 216,
                    "loc": {
                      "start": {
                        "line": 14,
                        "column": 2
                      },
                      "end": {
                        "line": 14,
                        "column": 19
                      }
                    },
                    "method": false,
                    "shorthand": false,
                    "computed": false,
                    "key": {
                      "type": "StringLiteral",
                      "start": 199,
                      "end": 207,
                      "loc": {
                        "start": {
                          "line": 14,
                          "column": 2
                        },
                        "end": {
                          "line": 14,
                          "column": 10
                        }
                      },
                      "extra": {
                        "rawValue": "format",
                        "raw": "'format'"
                      },
                      "value": "format"
                    },
                    "value": {
                      "type": "StringLiteral",
                      "start": 209,
                      "end": 216,
                      "loc": {
                        "start": {
                          "line": 14,
                          "column": 12
                        },
                        "end": {
                          "line": 14,
                          "column": 19
                        }
                      },
                      "extra": {
                        "rawValue": "HH:mm",
                        "raw": "'HH:mm'"
                      },
                      "value": "HH:mm"
                    }
                  },
                  {
                    "type": "ObjectProperty",
                    "start": 220,
                    "end": 238,
                    "loc": {
                      "start": {
                        "line": 15,
                        "column": 2
                      },
                      "end": {
                        "line": 15,
                        "column": 20
                      }
                    },
                    "method": false,
                    "shorthand": false,
                    "computed": false,
                    "key": {
                      "type": "StringLiteral",
                      "start": 220,
                      "end": 234,
                      "loc": {
                        "start": {
                          "line": 15,
                          "column": 2
                        },
                        "end": {
                          "line": 15,
                          "column": 16
                        }
                      },
                      "extra": {
                        "rawValue": "defaultValue",
                        "raw": "'defaultValue'"
                      },
                      "value": "defaultValue"
                    },
                    "value": {
                      "type": "StringLiteral",
                      "start": 236,
                      "end": 238,
                      "loc": {
                        "start": {
                          "line": 15,
                          "column": 18
                        },
                        "end": {
                          "line": 15,
                          "column": 20
                        }
                      },
                      "extra": {
                        "rawValue": "",
                        "raw": "''"
                      },
                      "value": ""
                    }
                  },
                  {
                    "type": "ObjectProperty",
                    "start": 242,
                    "end": 254,
                    "loc": {
                      "start": {
                        "line": 16,
                        "column": 2
                      },
                      "end": {
                        "line": 16,
                        "column": 14
                      }
                    },
                    "method": false,
                    "shorthand": false,
                    "computed": false,
                    "key": {
                      "type": "StringLiteral",
                      "start": 242,
                      "end": 250,
                      "loc": {
                        "start": {
                          "line": 16,
                          "column": 2
                        },
                        "end": {
                          "line": 16,
                          "column": 10
                        }
                      },
                      "extra": {
                        "rawValue": "suffix",
                        "raw": "'suffix'"
                      },
                      "value": "suffix"
                    },
                    "value": {
                      "type": "StringLiteral",
                      "start": 252,
                      "end": 254,
                      "loc": {
                        "start": {
                          "line": 16,
                          "column": 12
                        },
                        "end": {
                          "line": 16,
                          "column": 14
                        }
                      },
                      "extra": {
                        "rawValue": "",
                        "raw": "''"
                      },
                      "value": ""
                    }
                  },
                  {
                    "type": "ObjectProperty",
                    "start": 258,
                    "end": 270,
                    "loc": {
                      "start": {
                        "line": 17,
                        "column": 2
                      },
                      "end": {
                        "line": 17,
                        "column": 14
                      }
                    },
                    "method": false,
                    "shorthand": false,
                    "computed": false,
                    "key": {
                      "type": "StringLiteral",
                      "start": 258,
                      "end": 266,
                      "loc": {
                        "start": {
                          "line": 17,
                          "column": 2
                        },
                        "end": {
                          "line": 17,
                          "column": 10
                        }
                      },
                      "extra": {
                        "rawValue": "prefix",
                        "raw": "'prefix'"
                      },
                      "value": "prefix"
                    },
                    "value": {
                      "type": "StringLiteral",
                      "start": 268,
                      "end": 270,
                      "loc": {
                        "start": {
                          "line": 17,
                          "column": 12
                        },
                        "end": {
                          "line": 17,
                          "column": 14
                        }
                      },
                      "extra": {
                        "rawValue": "",
                        "raw": "''"
                      },
                      "value": ""
                    }
                  },
                  {
                    "type": "ObjectProperty",
                    "start": 274,
                    "end": 303,
                    "loc": {
                      "start": {
                        "line": 18,
                        "column": 2
                      },
                      "end": {
                        "line": 18,
                        "column": 31
                      }
                    },
                    "method": false,
                    "shorthand": false,
                    "computed": false,
                    "key": {
                      "type": "StringLiteral",
                      "start": 274,
                      "end": 287,
                      "loc": {
                        "start": {
                          "line": 18,
                          "column": 2
                        },
                        "end": {
                          "line": 18,
                          "column": 15
                        }
                      },
                      "extra": {
                        "rawValue": "placeholder",
                        "raw": "'placeholder'"
                      },
                      "value": "placeholder"
                    },
                    "value": {
                      "type": "StringLiteral",
                      "start": 289,
                      "end": 303,
                      "loc": {
                        "start": {
                          "line": 18,
                          "column": 17
                        },
                        "end": {
                          "line": 18,
                          "column": 31
                        }
                      },
                      "extra": {
                        "rawValue": "Enter a time",
                        "raw": "'Enter a time'"
                      },
                      "value": "Enter a time"
                    }
                  },
                  {
                    "type": "ObjectProperty",
                    "start": 307,
                    "end": 320,
                    "loc": {
                      "start": {
                        "line": 19,
                        "column": 2
                      },
                      "end": {
                        "line": 19,
                        "column": 15
                      }
                    },
                    "method": false,
                    "shorthand": false,
                    "computed": false,
                    "key": {
                      "type": "StringLiteral",
                      "start": 307,
                      "end": 312,
                      "loc": {
                        "start": {
                          "line": 19,
                          "column": 2
                        },
                        "end": {
                          "line": 19,
                          "column": 7
                        }
                      },
                      "extra": {
                        "rawValue": "key",
                        "raw": "'key'"
                      },
                      "value": "key"
                    },
                    "value": {
                      "type": "StringLiteral",
                      "start": 314,
                      "end": 320,
                      "loc": {
                        "start": {
                          "line": 19,
                          "column": 9
                        },
                        "end": {
                          "line": 19,
                          "column": 15
                        }
                      },
                      "extra": {
                        "rawValue": "time",
                        "raw": "'time'"
                      },
                      "value": "time"
                    }
                  },
                  {
                    "type": "ObjectProperty",
                    "start": 324,
                    "end": 339,
                    "loc": {
                      "start": {
                        "line": 20,
                        "column": 2
                      },
                      "end": {
                        "line": 20,
                        "column": 17
                      }
                    },
                    "method": false,
                    "shorthand": false,
                    "computed": false,
                    "key": {
                      "type": "StringLiteral",
                      "start": 324,
                      "end": 331,
                      "loc": {
                        "start": {
                          "line": 20,
                          "column": 2
                        },
                        "end": {
                          "line": 20,
                          "column": 9
                        }
                      },
                      "extra": {
                        "rawValue": "label",
                        "raw": "'label'"
                      },
                      "value": "label"
                    },
                    "value": {
                      "type": "StringLiteral",
                      "start": 333,
                      "end": 339,
                      "loc": {
                        "start": {
                          "line": 20,
                          "column": 11
                        },
                        "end": {
                          "line": 20,
                          "column": 17
                        }
                      },
                      "extra": {
                        "rawValue": "Time",
                        "raw": "'Time'"
                      },
                      "value": "Time"
                    }
                  },
                  {
                    "type": "ObjectProperty",
                    "start": 343,
                    "end": 362,
                    "loc": {
                      "start": {
                        "line": 21,
                        "column": 2
                      },
                      "end": {
                        "line": 21,
                        "column": 21
                      }
                    },
                    "method": false,
                    "shorthand": false,
                    "computed": false,
                    "key": {
                      "type": "StringLiteral",
                      "start": 343,
                      "end": 354,
                      "loc": {
                        "start": {
                          "line": 21,
                          "column": 2
                        },
                        "end": {
                          "line": 21,
                          "column": 13
                        }
                      },
                      "extra": {
                        "rawValue": "inputType",
                        "raw": "'inputType'"
                      },
                      "value": "inputType"
                    },
                    "value": {
                      "type": "StringLiteral",
                      "start": 356,
                      "end": 362,
                      "loc": {
                        "start": {
                          "line": 21,
                          "column": 15
                        },
                        "end": {
                          "line": 21,
                          "column": 21
                        }
                      },
                      "extra": {
                        "rawValue": "time",
                        "raw": "'time'"
                      },
                      "value": "time"
                    }
                  },
                  {
                    "type": "ObjectProperty",
                    "start": 366,
                    "end": 383,
                    "loc": {
                      "start": {
                        "line": 22,
                        "column": 2
                      },
                      "end": {
                        "line": 22,
                        "column": 19
                      }
                    },
                    "method": false,
                    "shorthand": false,
                    "computed": false,
                    "key": {
                      "type": "StringLiteral",
                      "start": 366,
                      "end": 377,
                      "loc": {
                        "start": {
                          "line": 22,
                          "column": 2
                        },
                        "end": {
                          "line": 22,
                          "column": 13
                        }
                      },
                      "extra": {
                        "rawValue": "tableView",
                        "raw": "'tableView'"
                      },
                      "value": "tableView"
                    },
                    "value": {
                      "type": "BooleanLiteral",
                      "start": 379,
                      "end": 383,
                      "loc": {
                        "start": {
                          "line": 22,
                          "column": 15
                        },
                        "end": {
                          "line": 22,
                          "column": 19
                        }
                      },
                      "value": true
                    }
                  },
                  {
                    "type": "ObjectProperty",
                    "start": 387,
                    "end": 400,
                    "loc": {
                      "start": {
                        "line": 23,
                        "column": 2
                      },
                      "end": {
                        "line": 23,
                        "column": 15
                      }
                    },
                    "method": false,
                    "shorthand": false,
                    "computed": false,
                    "key": {
                      "type": "StringLiteral",
                      "start": 387,
                      "end": 394,
                      "loc": {
                        "start": {
                          "line": 23,
                          "column": 2
                        },
                        "end": {
                          "line": 23,
                          "column": 9
                        }
                      },
                      "extra": {
                        "rawValue": "input",
                        "raw": "'input'"
                      },
                      "value": "input"
                    },
                    "value": {
                      "type": "BooleanLiteral",
                      "start": 396,
                      "end": 400,
                      "loc": {
                        "start": {
                          "line": 23,
                          "column": 11
                        },
                        "end": {
                          "line": 23,
                          "column": 15
                        }
                      },
                      "value": true
                    }
                  }
                ]
              }
            }
          ],
          "kind": "const",
          "leadingComments": [],
          "trailingComments": []
        }
      }
    ],
    "directives": []
  },
  "comments": [],
  "tokens": [
    {
      "type": {
        "label": "export",
        "keyword": "export",
        "beforeExpr": false,
        "startsExpr": false,
        "rightAssociative": false,
        "isLoop": false,
        "isAssign": false,
        "prefix": false,
        "postfix": false,
        "binop": null,
        "updateContext": null
      },
      "value": "export",
      "start": 0,
      "end": 6,
      "loc": {
        "start": {
          "line": 1,
          "column": 0
        },
        "end": {
          "line": 1,
          "column": 6
        }
      }
    },
    {
      "type": {
        "label": "const",
        "keyword": "const",
        "beforeExpr": false,
        "startsExpr": false,
        "rightAssociative": false,
        "isLoop": false,
        "isAssign": false,
        "prefix": false,
        "postfix": false,
        "binop": null,
        "updateContext": null
      },
      "value": "const",
      "start": 7,
      "end": 12,
      "loc": {
        "start": {
          "line": 1,
          "column": 7
        },
        "end": {
          "line": 1,
          "column": 12
        }
      }
    },
    {
      "type": {
        "label": "name",
        "beforeExpr": false,
        "startsExpr": true,
        "rightAssociative": false,
        "isLoop": false,
        "isAssign": false,
        "prefix": false,
        "postfix": false,
        "binop": null
      },
      "value": "component",
      "start": 13,
      "end": 22,
      "loc": {
        "start": {
          "line": 1,
          "column": 13
        },
        "end": {
          "line": 1,
          "column": 22
        }
      }
    },
    {
      "type": {
        "label": "=",
        "beforeExpr": true,
        "startsExpr": false,
        "rightAssociative": false,
        "isLoop": false,
        "isAssign": true,
        "prefix": false,
        "postfix": false,
        "binop": null,
        "updateContext": null
      },
      "value": "=",
      "start": 23,
      "end": 24,
      "loc": {
        "start": {
          "line": 1,
          "column": 23
        },
        "end": {
          "line": 1,
          "column": 24
        }
      }
    },
    {
      "type": {
        "label": "{",
        "beforeExpr": true,
        "startsExpr": true,
        "rightAssociative": false,
        "isLoop": false,
        "isAssign": false,
        "prefix": false,
        "postfix": false,
        "binop": null
      },
      "start": 25,
      "end": 26,
      "loc": {
        "start": {
          "line": 1,
          "column": 25
        },
        "end": {
          "line": 1,
          "column": 26
        }
      }
    },
    {
      "type": {
        "label": "string",
        "beforeExpr": false,
        "startsExpr": true,
        "rightAssociative": false,
        "isLoop": false,
        "isAssign": false,
        "prefix": false,
        "postfix": false,
        "binop": null,
        "updateContext": null
      },
      "value": "conditional",
      "start": 29,
      "end": 42,
      "loc": {
        "start": {
          "line": 2,
          "column": 2
        },
        "end": {
          "line": 2,
          "column": 15
        }
      }
    },
    {
      "type": {
        "label": ":",
        "beforeExpr": true,
        "startsExpr": false,
        "rightAssociative": false,
        "isLoop": false,
        "isAssign": false,
        "prefix": false,
        "postfix": false,
        "binop": null,
        "updateContext": null
      },
      "start": 42,
      "end": 43,
      "loc": {
        "start": {
          "line": 2,
          "column": 15
        },
        "end": {
          "line": 2,
          "column": 16
        }
      }
    },
    {
      "type": {
        "label": "{",
        "beforeExpr": true,
        "startsExpr": true,
        "rightAssociative": false,
        "isLoop": false,
        "isAssign": false,
        "prefix": false,
        "postfix": false,
        "binop": null
      },
      "start": 44,
      "end": 45,
      "loc": {
        "start": {
          "line": 2,
          "column": 17
        },
        "end": {
          "line": 2,
          "column": 18
        }
      }
    },
    {
      "type": {
        "label": "string",
        "beforeExpr": false,
        "startsExpr": true,
        "rightAssociative": false,
        "isLoop": false,
        "isAssign": false,
        "prefix": false,
        "postfix": false,
        "binop": null,
        "updateContext": null
      },
      "value": "eq",
      "start": 50,
      "end": 54,
      "loc": {
        "start": {
          "line": 3,
          "column": 4
        },
        "end": {
          "line": 3,
          "column": 8
        }
      }
    },
    {
      "type": {
        "label": ":",
        "beforeExpr": true,
        "startsExpr": false,
        "rightAssociative": false,
        "isLoop": false,
        "isAssign": false,
        "prefix": false,
        "postfix": false,
        "binop": null,
        "updateContext": null
      },
      "start": 54,
      "end": 55,
      "loc": {
        "start": {
          "line": 3,
          "column": 8
        },
        "end": {
          "line": 3,
          "column": 9
        }
      }
    },
    {
      "type": {
        "label": "string",
        "beforeExpr": false,
        "startsExpr": true,
        "rightAssociative": false,
        "isLoop": false,
        "isAssign": false,
        "prefix": false,
        "postfix": false,
        "binop": null,
        "updateContext": null
      },
      "value": "",
      "start": 56,
      "end": 58,
      "loc": {
        "start": {
          "line": 3,
          "column": 10
        },
        "end": {
          "line": 3,
          "column": 12
        }
      }
    },
    {
      "type": {
        "label": ",",
        "beforeExpr": true,
        "startsExpr": false,
        "rightAssociative": false,
        "isLoop": false,
        "isAssign": false,
        "prefix": false,
        "postfix": false,
        "binop": null,
        "updateContext": null
      },
      "start": 58,
      "end": 59,
      "loc": {
        "start": {
          "line": 3,
          "column": 12
        },
        "end": {
          "line": 3,
          "column": 13
        }
      }
    },
    {
      "type": {
        "label": "string",
        "beforeExpr": false,
        "startsExpr": true,
        "rightAssociative": false,
        "isLoop": false,
        "isAssign": false,
        "prefix": false,
        "postfix": false,
        "binop": null,
        "updateContext": null
      },
      "value": "when",
      "start": 64,
      "end": 70,
      "loc": {
        "start": {
          "line": 4,
          "column": 4
        },
        "end": {
          "line": 4,
          "column": 10
        }
      }
    },
    {
      "type": {
        "label": ":",
        "beforeExpr": true,
        "startsExpr": false,
        "rightAssociative": false,
        "isLoop": false,
        "isAssign": false,
        "prefix": false,
        "postfix": false,
        "binop": null,
        "updateContext": null
      },
      "start": 70,
      "end": 71,
      "loc": {
        "start": {
          "line": 4,
          "column": 10
        },
        "end": {
          "line": 4,
          "column": 11
        }
      }
    },
    {
      "type": {
        "label": "null",
        "keyword": "null",
        "beforeExpr": false,
        "startsExpr": true,
        "rightAssociative": false,
        "isLoop": false,
        "isAssign": false,
        "prefix": false,
        "postfix": false,
        "binop": null,
        "updateContext": null
      },
      "value": "null",
      "start": 72,
      "end": 76,
      "loc": {
        "start": {
          "line": 4,
          "column": 12
        },
        "end": {
          "line": 4,
          "column": 16
        }
      }
    },
    {
      "type": {
        "label": ",",
        "beforeExpr": true,
        "startsExpr": false,
        "rightAssociative": false,
        "isLoop": false,
        "isAssign": false,
        "prefix": false,
        "postfix": false,
        "binop": null,
        "updateContext": null
      },
      "start": 76,
      "end": 77,
      "loc": {
        "start": {
          "line": 4,
          "column": 16
        },
        "end": {
          "line": 4,
          "column": 17
        }
      }
    },
    {
      "type": {
        "label": "string",
        "beforeExpr": false,
        "startsExpr": true,
        "rightAssociative": false,
        "isLoop": false,
        "isAssign": false,
        "prefix": false,
        "postfix": false,
        "binop": null,
        "updateContext": null
      },
      "value": "show",
      "start": 82,
      "end": 88,
      "loc": {
        "start": {
          "line": 5,
          "column": 4
        },
        "end": {
          "line": 5,
          "column": 10
        }
      }
    },
    {
      "type": {
        "label": ":",
        "beforeExpr": true,
        "startsExpr": false,
        "rightAssociative": false,
        "isLoop": false,
        "isAssign": false,
        "prefix": false,
        "postfix": false,
        "binop": null,
        "updateContext": null
      },
      "start": 88,
      "end": 89,
      "loc": {
        "start": {
          "line": 5,
          "column": 10
        },
        "end": {
          "line": 5,
          "column": 11
        }
      }
    },
    {
      "type": {
        "label": "string",
        "beforeExpr": false,
        "startsExpr": true,
        "rightAssociative": false,
        "isLoop": false,
        "isAssign": false,
        "prefix": false,
        "postfix": false,
        "binop": null,
        "updateContext": null
      },
      "value": "",
      "start": 90,
      "end": 92,
      "loc": {
        "start": {
          "line": 5,
          "column": 12
        },
        "end": {
          "line": 5,
          "column": 14
        }
      }
    },
    {
      "type": {
        "label": "}",
        "beforeExpr": false,
        "startsExpr": false,
        "rightAssociative": false,
        "isLoop": false,
        "isAssign": false,
        "prefix": false,
        "postfix": false,
        "binop": null
      },
      "start": 95,
      "end": 96,
      "loc": {
        "start": {
          "line": 6,
          "column": 2
        },
        "end": {
          "line": 6,
          "column": 3
        }
      }
    },
    {
      "type": {
        "label": ",",
        "beforeExpr": true,
        "startsExpr": false,
        "rightAssociative": false,
        "isLoop": false,
        "isAssign": false,
        "prefix": false,
        "postfix": false,
        "binop": null,
        "updateContext": null
      },
      "start": 96,
      "end": 97,
      "loc": {
        "start": {
          "line": 6,
          "column": 3
        },
        "end": {
          "line": 6,
          "column": 4
        }
      }
    },
    {
      "type": {
        "label": "string",
        "beforeExpr": false,
        "startsExpr": true,
        "rightAssociative": false,
        "isLoop": false,
        "isAssign": false,
        "prefix": false,
        "postfix": false,
        "binop": null,
        "updateContext": null
      },
      "value": "tags",
      "start": 100,
      "end": 106,
      "loc": {
        "start": {
          "line": 7,
          "column": 2
        },
        "end": {
          "line": 7,
          "column": 8
        }
      }
    },
    {
      "type": {
        "label": ":",
        "beforeExpr": true,
        "startsExpr": false,
        "rightAssociative": false,
        "isLoop": false,
        "isAssign": false,
        "prefix": false,
        "postfix": false,
        "binop": null,
        "updateContext": null
      },
      "start": 106,
      "end": 107,
      "loc": {
        "start": {
          "line": 7,
          "column": 8
        },
        "end": {
          "line": 7,
          "column": 9
        }
      }
    },
    {
      "type": {
        "label": "[",
        "beforeExpr": true,
        "startsExpr": true,
        "rightAssociative": false,
        "isLoop": false,
        "isAssign": false,
        "prefix": false,
        "postfix": false,
        "binop": null,
        "updateContext": null
      },
      "start": 108,
      "end": 109,
      "loc": {
        "start": {
          "line": 7,
          "column": 10
        },
        "end": {
          "line": 7,
          "column": 11
        }
      }
    },
    {
      "type": {
        "label": "]",
        "beforeExpr": false,
        "startsExpr": false,
        "rightAssociative": false,
        "isLoop": false,
        "isAssign": false,
        "prefix": false,
        "postfix": false,
        "binop": null,
        "updateContext": null
      },
      "start": 113,
      "end": 114,
      "loc": {
        "start": {
          "line": 9,
          "column": 2
        },
        "end": {
          "line": 9,
          "column": 3
        }
      }
    },
    {
      "type": {
        "label": ",",
        "beforeExpr": true,
        "startsExpr": false,
        "rightAssociative": false,
        "isLoop": false,
        "isAssign": false,
        "prefix": false,
        "postfix": false,
        "binop": null,
        "updateContext": null
      },
      "start": 114,
      "end": 115,
      "loc": {
        "start": {
          "line": 9,
          "column": 3
        },
        "end": {
          "line": 9,
          "column": 4
        }
      }
    },
    {
      "type": {
        "label": "string",
        "beforeExpr": false,
        "startsExpr": true,
        "rightAssociative": false,
        "isLoop": false,
        "isAssign": false,
        "prefix": false,
        "postfix": false,
        "binop": null,
        "updateContext": null
      },
      "value": "type",
      "start": 118,
      "end": 124,
      "loc": {
        "start": {
          "line": 10,
          "column": 2
        },
        "end": {
          "line": 10,
          "column": 8
        }
      }
    },
    {
      "type": {
        "label": ":",
        "beforeExpr": true,
        "startsExpr": false,
        "rightAssociative": false,
        "isLoop": false,
        "isAssign": false,
        "prefix": false,
        "postfix": false,
        "binop": null,
        "updateContext": null
      },
      "start": 124,
      "end": 125,
      "loc": {
        "start": {
          "line": 10,
          "column": 8
        },
        "end": {
          "line": 10,
          "column": 9
        }
      }
    },
    {
      "type": {
        "label": "string",
        "beforeExpr": false,
        "startsExpr": true,
        "rightAssociative": false,
        "isLoop": false,
        "isAssign": false,
        "prefix": false,
        "postfix": false,
        "binop": null,
        "updateContext": null
      },
      "value": "time",
      "start": 126,
      "end": 132,
      "loc": {
        "start": {
          "line": 10,
          "column": 10
        },
        "end": {
          "line": 10,
          "column": 16
        }
      }
    },
    {
      "type": {
        "label": ",",
        "beforeExpr": true,
        "startsExpr": false,
        "rightAssociative": false,
        "isLoop": false,
        "isAssign": false,
        "prefix": false,
        "postfix": false,
        "binop": null,
        "updateContext": null
      },
      "start": 132,
      "end": 133,
      "loc": {
        "start": {
          "line": 10,
          "column": 16
        },
        "end": {
          "line": 10,
          "column": 17
        }
      }
    },
    {
      "type": {
        "label": "string",
        "beforeExpr": false,
        "startsExpr": true,
        "rightAssociative": false,
        "isLoop": false,
        "isAssign": false,
        "prefix": false,
        "postfix": false,
        "binop": null,
        "updateContext": null
      },
      "value": "persistent",
      "start": 136,
      "end": 148,
      "loc": {
        "start": {
          "line": 11,
          "column": 2
        },
        "end": {
          "line": 11,
          "column": 14
        }
      }
    },
    {
      "type": {
        "label": ":",
        "beforeExpr": true,
        "startsExpr": false,
        "rightAssociative": false,
        "isLoop": false,
        "isAssign": false,
        "prefix": false,
        "postfix": false,
        "binop": null,
        "updateContext": null
      },
      "start": 148,
      "end": 149,
      "loc": {
        "start": {
          "line": 11,
          "column": 14
        },
        "end": {
          "line": 11,
          "column": 15
        }
      }
    },
    {
      "type": {
        "label": "true",
        "keyword": "true",
        "beforeExpr": false,
        "startsExpr": true,
        "rightAssociative": false,
        "isLoop": false,
        "isAssign": false,
        "prefix": false,
        "postfix": false,
        "binop": null,
        "updateContext": null
      },
      "value": "true",
      "start": 150,
      "end": 154,
      "loc": {
        "start": {
          "line": 11,
          "column": 16
        },
        "end": {
          "line": 11,
          "column": 20
        }
      }
    },
    {
      "type": {
        "label": ",",
        "beforeExpr": true,
        "startsExpr": false,
        "rightAssociative": false,
        "isLoop": false,
        "isAssign": false,
        "prefix": false,
        "postfix": false,
        "binop": null,
        "updateContext": null
      },
      "start": 154,
      "end": 155,
      "loc": {
        "start": {
          "line": 11,
          "column": 20
        },
        "end": {
          "line": 11,
          "column": 21
        }
      }
    },
    {
      "type": {
        "label": "string",
        "beforeExpr": false,
        "startsExpr": true,
        "rightAssociative": false,
        "isLoop": false,
        "isAssign": false,
        "prefix": false,
        "postfix": false,
        "binop": null,
        "updateContext": null
      },
      "value": "unique",
      "start": 158,
      "end": 166,
      "loc": {
        "start": {
          "line": 12,
          "column": 2
        },
        "end": {
          "line": 12,
          "column": 10
        }
      }
    },
    {
      "type": {
        "label": ":",
        "beforeExpr": true,
        "startsExpr": false,
        "rightAssociative": false,
        "isLoop": false,
        "isAssign": false,
        "prefix": false,
        "postfix": false,
        "binop": null,
        "updateContext": null
      },
      "start": 166,
      "end": 167,
      "loc": {
        "start": {
          "line": 12,
          "column": 10
        },
        "end": {
          "line": 12,
          "column": 11
        }
      }
    },
    {
      "type": {
        "label": "false",
        "keyword": "false",
        "beforeExpr": false,
        "startsExpr": true,
        "rightAssociative": false,
        "isLoop": false,
        "isAssign": false,
        "prefix": false,
        "postfix": false,
        "binop": null,
        "updateContext": null
      },
      "value": "false",
      "start": 168,
      "end": 173,
      "loc": {
        "start": {
          "line": 12,
          "column": 12
        },
        "end": {
          "line": 12,
          "column": 17
        }
      }
    },
    {
      "type": {
        "label": ",",
        "beforeExpr": true,
        "startsExpr": false,
        "rightAssociative": false,
        "isLoop": false,
        "isAssign": false,
        "prefix": false,
        "postfix": false,
        "binop": null,
        "updateContext": null
      },
      "start": 173,
      "end": 174,
      "loc": {
        "start": {
          "line": 12,
          "column": 17
        },
        "end": {
          "line": 12,
          "column": 18
        }
      }
    },
    {
      "type": {
        "label": "string",
        "beforeExpr": false,
        "startsExpr": true,
        "rightAssociative": false,
        "isLoop": false,
        "isAssign": false,
        "prefix": false,
        "postfix": false,
        "binop": null,
        "updateContext": null
      },
      "value": "protected",
      "start": 177,
      "end": 188,
      "loc": {
        "start": {
          "line": 13,
          "column": 2
        },
        "end": {
          "line": 13,
          "column": 13
        }
      }
    },
    {
      "type": {
        "label": ":",
        "beforeExpr": true,
        "startsExpr": false,
        "rightAssociative": false,
        "isLoop": false,
        "isAssign": false,
        "prefix": false,
        "postfix": false,
        "binop": null,
        "updateContext": null
      },
      "start": 188,
      "end": 189,
      "loc": {
        "start": {
          "line": 13,
          "column": 13
        },
        "end": {
          "line": 13,
          "column": 14
        }
      }
    },
    {
      "type": {
        "label": "false",
        "keyword": "false",
        "beforeExpr": false,
        "startsExpr": true,
        "rightAssociative": false,
        "isLoop": false,
        "isAssign": false,
        "prefix": false,
        "postfix": false,
        "binop": null,
        "updateContext": null
      },
      "value": "false",
      "start": 190,
      "end": 195,
      "loc": {
        "start": {
          "line": 13,
          "column": 15
        },
        "end": {
          "line": 13,
          "column": 20
        }
      }
    },
    {
      "type": {
        "label": ",",
        "beforeExpr": true,
        "startsExpr": false,
        "rightAssociative": false,
        "isLoop": false,
        "isAssign": false,
        "prefix": false,
        "postfix": false,
        "binop": null,
        "updateContext": null
      },
      "start": 195,
      "end": 196,
      "loc": {
        "start": {
          "line": 13,
          "column": 20
        },
        "end": {
          "line": 13,
          "column": 21
        }
      }
    },
    {
      "type": {
        "label": "string",
        "beforeExpr": false,
        "startsExpr": true,
        "rightAssociative": false,
        "isLoop": false,
        "isAssign": false,
        "prefix": false,
        "postfix": false,
        "binop": null,
        "updateContext": null
      },
      "value": "format",
      "start": 199,
      "end": 207,
      "loc": {
        "start": {
          "line": 14,
          "column": 2
        },
        "end": {
          "line": 14,
          "column": 10
        }
      }
    },
    {
      "type": {
        "label": ":",
        "beforeExpr": true,
        "startsExpr": false,
        "rightAssociative": false,
        "isLoop": false,
        "isAssign": false,
        "prefix": false,
        "postfix": false,
        "binop": null,
        "updateContext": null
      },
      "start": 207,
      "end": 208,
      "loc": {
        "start": {
          "line": 14,
          "column": 10
        },
        "end": {
          "line": 14,
          "column": 11
        }
      }
    },
    {
      "type": {
        "label": "string",
        "beforeExpr": false,
        "startsExpr": true,
        "rightAssociative": false,
        "isLoop": false,
        "isAssign": false,
        "prefix": false,
        "postfix": false,
        "binop": null,
        "updateContext": null
      },
      "value": "HH:mm",
      "start": 209,
      "end": 216,
      "loc": {
        "start": {
          "line": 14,
          "column": 12
        },
        "end": {
          "line": 14,
          "column": 19
        }
      }
    },
    {
      "type": {
        "label": ",",
        "beforeExpr": true,
        "startsExpr": false,
        "rightAssociative": false,
        "isLoop": false,
        "isAssign": false,
        "prefix": false,
        "postfix": false,
        "binop": null,
        "updateContext": null
      },
      "start": 216,
      "end": 217,
      "loc": {
        "start": {
          "line": 14,
          "column": 19
        },
        "end": {
          "line": 14,
          "column": 20
        }
      }
    },
    {
      "type": {
        "label": "string",
        "beforeExpr": false,
        "startsExpr": true,
        "rightAssociative": false,
        "isLoop": false,
        "isAssign": false,
        "prefix": false,
        "postfix": false,
        "binop": null,
        "updateContext": null
      },
      "value": "defaultValue",
      "start": 220,
      "end": 234,
      "loc": {
        "start": {
          "line": 15,
          "column": 2
        },
        "end": {
          "line": 15,
          "column": 16
        }
      }
    },
    {
      "type": {
        "label": ":",
        "beforeExpr": true,
        "startsExpr": false,
        "rightAssociative": false,
        "isLoop": false,
        "isAssign": false,
        "prefix": false,
        "postfix": false,
        "binop": null,
        "updateContext": null
      },
      "start": 234,
      "end": 235,
      "loc": {
        "start": {
          "line": 15,
          "column": 16
        },
        "end": {
          "line": 15,
          "column": 17
        }
      }
    },
    {
      "type": {
        "label": "string",
        "beforeExpr": false,
        "startsExpr": true,
        "rightAssociative": false,
        "isLoop": false,
        "isAssign": false,
        "prefix": false,
        "postfix": false,
        "binop": null,
        "updateContext": null
      },
      "value": "",
      "start": 236,
      "end": 238,
      "loc": {
        "start": {
          "line": 15,
          "column": 18
        },
        "end": {
          "line": 15,
          "column": 20
        }
      }
    },
    {
      "type": {
        "label": ",",
        "beforeExpr": true,
        "startsExpr": false,
        "rightAssociative": false,
        "isLoop": false,
        "isAssign": false,
        "prefix": false,
        "postfix": false,
        "binop": null,
        "updateContext": null
      },
      "start": 238,
      "end": 239,
      "loc": {
        "start": {
          "line": 15,
          "column": 20
        },
        "end": {
          "line": 15,
          "column": 21
        }
      }
    },
    {
      "type": {
        "label": "string",
        "beforeExpr": false,
        "startsExpr": true,
        "rightAssociative": false,
        "isLoop": false,
        "isAssign": false,
        "prefix": false,
        "postfix": false,
        "binop": null,
        "updateContext": null
      },
      "value": "suffix",
      "start": 242,
      "end": 250,
      "loc": {
        "start": {
          "line": 16,
          "column": 2
        },
        "end": {
          "line": 16,
          "column": 10
        }
      }
    },
    {
      "type": {
        "label": ":",
        "beforeExpr": true,
        "startsExpr": false,
        "rightAssociative": false,
        "isLoop": false,
        "isAssign": false,
        "prefix": false,
        "postfix": false,
        "binop": null,
        "updateContext": null
      },
      "start": 250,
      "end": 251,
      "loc": {
        "start": {
          "line": 16,
          "column": 10
        },
        "end": {
          "line": 16,
          "column": 11
        }
      }
    },
    {
      "type": {
        "label": "string",
        "beforeExpr": false,
        "startsExpr": true,
        "rightAssociative": false,
        "isLoop": false,
        "isAssign": false,
        "prefix": false,
        "postfix": false,
        "binop": null,
        "updateContext": null
      },
      "value": "",
      "start": 252,
      "end": 254,
      "loc": {
        "start": {
          "line": 16,
          "column": 12
        },
        "end": {
          "line": 16,
          "column": 14
        }
      }
    },
    {
      "type": {
        "label": ",",
        "beforeExpr": true,
        "startsExpr": false,
        "rightAssociative": false,
        "isLoop": false,
        "isAssign": false,
        "prefix": false,
        "postfix": false,
        "binop": null,
        "updateContext": null
      },
      "start": 254,
      "end": 255,
      "loc": {
        "start": {
          "line": 16,
          "column": 14
        },
        "end": {
          "line": 16,
          "column": 15
        }
      }
    },
    {
      "type": {
        "label": "string",
        "beforeExpr": false,
        "startsExpr": true,
        "rightAssociative": false,
        "isLoop": false,
        "isAssign": false,
        "prefix": false,
        "postfix": false,
        "binop": null,
        "updateContext": null
      },
      "value": "prefix",
      "start": 258,
      "end": 266,
      "loc": {
        "start": {
          "line": 17,
          "column": 2
        },
        "end": {
          "line": 17,
          "column": 10
        }
      }
    },
    {
      "type": {
        "label": ":",
        "beforeExpr": true,
        "startsExpr": false,
        "rightAssociative": false,
        "isLoop": false,
        "isAssign": false,
        "prefix": false,
        "postfix": false,
        "binop": null,
        "updateContext": null
      },
      "start": 266,
      "end": 267,
      "loc": {
        "start": {
          "line": 17,
          "column": 10
        },
        "end": {
          "line": 17,
          "column": 11
        }
      }
    },
    {
      "type": {
        "label": "string",
        "beforeExpr": false,
        "startsExpr": true,
        "rightAssociative": false,
        "isLoop": false,
        "isAssign": false,
        "prefix": false,
        "postfix": false,
        "binop": null,
        "updateContext": null
      },
      "value": "",
      "start": 268,
      "end": 270,
      "loc": {
        "start": {
          "line": 17,
          "column": 12
        },
        "end": {
          "line": 17,
          "column": 14
        }
      }
    },
    {
      "type": {
        "label": ",",
        "beforeExpr": true,
        "startsExpr": false,
        "rightAssociative": false,
        "isLoop": false,
        "isAssign": false,
        "prefix": false,
        "postfix": false,
        "binop": null,
        "updateContext": null
      },
      "start": 270,
      "end": 271,
      "loc": {
        "start": {
          "line": 17,
          "column": 14
        },
        "end": {
          "line": 17,
          "column": 15
        }
      }
    },
    {
      "type": {
        "label": "string",
        "beforeExpr": false,
        "startsExpr": true,
        "rightAssociative": false,
        "isLoop": false,
        "isAssign": false,
        "prefix": false,
        "postfix": false,
        "binop": null,
        "updateContext": null
      },
      "value": "placeholder",
      "start": 274,
      "end": 287,
      "loc": {
        "start": {
          "line": 18,
          "column": 2
        },
        "end": {
          "line": 18,
          "column": 15
        }
      }
    },
    {
      "type": {
        "label": ":",
        "beforeExpr": true,
        "startsExpr": false,
        "rightAssociative": false,
        "isLoop": false,
        "isAssign": false,
        "prefix": false,
        "postfix": false,
        "binop": null,
        "updateContext": null
      },
      "start": 287,
      "end": 288,
      "loc": {
        "start": {
          "line": 18,
          "column": 15
        },
        "end": {
          "line": 18,
          "column": 16
        }
      }
    },
    {
      "type": {
        "label": "string",
        "beforeExpr": false,
        "startsExpr": true,
        "rightAssociative": false,
        "isLoop": false,
        "isAssign": false,
        "prefix": false,
        "postfix": false,
        "binop": null,
        "updateContext": null
      },
      "value": "Enter a time",
      "start": 289,
      "end": 303,
      "loc": {
        "start": {
          "line": 18,
          "column": 17
        },
        "end": {
          "line": 18,
          "column": 31
        }
      }
    },
    {
      "type": {
        "label": ",",
        "beforeExpr": true,
        "startsExpr": false,
        "rightAssociative": false,
        "isLoop": false,
        "isAssign": false,
        "prefix": false,
        "postfix": false,
        "binop": null,
        "updateContext": null
      },
      "start": 303,
      "end": 304,
      "loc": {
        "start": {
          "line": 18,
          "column": 31
        },
        "end": {
          "line": 18,
          "column": 32
        }
      }
    },
    {
      "type": {
        "label": "string",
        "beforeExpr": false,
        "startsExpr": true,
        "rightAssociative": false,
        "isLoop": false,
        "isAssign": false,
        "prefix": false,
        "postfix": false,
        "binop": null,
        "updateContext": null
      },
      "value": "key",
      "start": 307,
      "end": 312,
      "loc": {
        "start": {
          "line": 19,
          "column": 2
        },
        "end": {
          "line": 19,
          "column": 7
        }
      }
    },
    {
      "type": {
        "label": ":",
        "beforeExpr": true,
        "startsExpr": false,
        "rightAssociative": false,
        "isLoop": false,
        "isAssign": false,
        "prefix": false,
        "postfix": false,
        "binop": null,
        "updateContext": null
      },
      "start": 312,
      "end": 313,
      "loc": {
        "start": {
          "line": 19,
          "column": 7
        },
        "end": {
          "line": 19,
          "column": 8
        }
      }
    },
    {
      "type": {
        "label": "string",
        "beforeExpr": false,
        "startsExpr": true,
        "rightAssociative": false,
        "isLoop": false,
        "isAssign": false,
        "prefix": false,
        "postfix": false,
        "binop": null,
        "updateContext": null
      },
      "value": "time",
      "start": 314,
      "end": 320,
      "loc": {
        "start": {
          "line": 19,
          "column": 9
        },
        "end": {
          "line": 19,
          "column": 15
        }
      }
    },
    {
      "type": {
        "label": ",",
        "beforeExpr": true,
        "startsExpr": false,
        "rightAssociative": false,
        "isLoop": false,
        "isAssign": false,
        "prefix": false,
        "postfix": false,
        "binop": null,
        "updateContext": null
      },
      "start": 320,
      "end": 321,
      "loc": {
        "start": {
          "line": 19,
          "column": 15
        },
        "end": {
          "line": 19,
          "column": 16
        }
      }
    },
    {
      "type": {
        "label": "string",
        "beforeExpr": false,
        "startsExpr": true,
        "rightAssociative": false,
        "isLoop": false,
        "isAssign": false,
        "prefix": false,
        "postfix": false,
        "binop": null,
        "updateContext": null
      },
      "value": "label",
      "start": 324,
      "end": 331,
      "loc": {
        "start": {
          "line": 20,
          "column": 2
        },
        "end": {
          "line": 20,
          "column": 9
        }
      }
    },
    {
      "type": {
        "label": ":",
        "beforeExpr": true,
        "startsExpr": false,
        "rightAssociative": false,
        "isLoop": false,
        "isAssign": false,
        "prefix": false,
        "postfix": false,
        "binop": null,
        "updateContext": null
      },
      "start": 331,
      "end": 332,
      "loc": {
        "start": {
          "line": 20,
          "column": 9
        },
        "end": {
          "line": 20,
          "column": 10
        }
      }
    },
    {
      "type": {
        "label": "string",
        "beforeExpr": false,
        "startsExpr": true,
        "rightAssociative": false,
        "isLoop": false,
        "isAssign": false,
        "prefix": false,
        "postfix": false,
        "binop": null,
        "updateContext": null
      },
      "value": "Time",
      "start": 333,
      "end": 339,
      "loc": {
        "start": {
          "line": 20,
          "column": 11
        },
        "end": {
          "line": 20,
          "column": 17
        }
      }
    },
    {
      "type": {
        "label": ",",
        "beforeExpr": true,
        "startsExpr": false,
        "rightAssociative": false,
        "isLoop": false,
        "isAssign": false,
        "prefix": false,
        "postfix": false,
        "binop": null,
        "updateContext": null
      },
      "start": 339,
      "end": 340,
      "loc": {
        "start": {
          "line": 20,
          "column": 17
        },
        "end": {
          "line": 20,
          "column": 18
        }
      }
    },
    {
      "type": {
        "label": "string",
        "beforeExpr": false,
        "startsExpr": true,
        "rightAssociative": false,
        "isLoop": false,
        "isAssign": false,
        "prefix": false,
        "postfix": false,
        "binop": null,
        "updateContext": null
      },
      "value": "inputType",
      "start": 343,
      "end": 354,
      "loc": {
        "start": {
          "line": 21,
          "column": 2
        },
        "end": {
          "line": 21,
          "column": 13
        }
      }
    },
    {
      "type": {
        "label": ":",
        "beforeExpr": true,
        "startsExpr": false,
        "rightAssociative": false,
        "isLoop": false,
        "isAssign": false,
        "prefix": false,
        "postfix": false,
        "binop": null,
        "updateContext": null
      },
      "start": 354,
      "end": 355,
      "loc": {
        "start": {
          "line": 21,
          "column": 13
        },
        "end": {
          "line": 21,
          "column": 14
        }
      }
    },
    {
      "type": {
        "label": "string",
        "beforeExpr": false,
        "startsExpr": true,
        "rightAssociative": false,
        "isLoop": false,
        "isAssign": false,
        "prefix": false,
        "postfix": false,
        "binop": null,
        "updateContext": null
      },
      "value": "time",
      "start": 356,
      "end": 362,
      "loc": {
        "start": {
          "line": 21,
          "column": 15
        },
        "end": {
          "line": 21,
          "column": 21
        }
      }
    },
    {
      "type": {
        "label": ",",
        "beforeExpr": true,
        "startsExpr": false,
        "rightAssociative": false,
        "isLoop": false,
        "isAssign": false,
        "prefix": false,
        "postfix": false,
        "binop": null,
        "updateContext": null
      },
      "start": 362,
      "end": 363,
      "loc": {
        "start": {
          "line": 21,
          "column": 21
        },
        "end": {
          "line": 21,
          "column": 22
        }
      }
    },
    {
      "type": {
        "label": "string",
        "beforeExpr": false,
        "startsExpr": true,
        "rightAssociative": false,
        "isLoop": false,
        "isAssign": false,
        "prefix": false,
        "postfix": false,
        "binop": null,
        "updateContext": null
      },
      "value": "tableView",
      "start": 366,
      "end": 377,
      "loc": {
        "start": {
          "line": 22,
          "column": 2
        },
        "end": {
          "line": 22,
          "column": 13
        }
      }
    },
    {
      "type": {
        "label": ":",
        "beforeExpr": true,
        "startsExpr": false,
        "rightAssociative": false,
        "isLoop": false,
        "isAssign": false,
        "prefix": false,
        "postfix": false,
        "binop": null,
        "updateContext": null
      },
      "start": 377,
      "end": 378,
      "loc": {
        "start": {
          "line": 22,
          "column": 13
        },
        "end": {
          "line": 22,
          "column": 14
        }
      }
    },
    {
      "type": {
        "label": "true",
        "keyword": "true",
        "beforeExpr": false,
        "startsExpr": true,
        "rightAssociative": false,
        "isLoop": false,
        "isAssign": false,
        "prefix": false,
        "postfix": false,
        "binop": null,
        "updateContext": null
      },
      "value": "true",
      "start": 379,
      "end": 383,
      "loc": {
        "start": {
          "line": 22,
          "column": 15
        },
        "end": {
          "line": 22,
          "column": 19
        }
      }
    },
    {
      "type": {
        "label": ",",
        "beforeExpr": true,
        "startsExpr": false,
        "rightAssociative": false,
        "isLoop": false,
        "isAssign": false,
        "prefix": false,
        "postfix": false,
        "binop": null,
        "updateContext": null
      },
      "start": 383,
      "end": 384,
      "loc": {
        "start": {
          "line": 22,
          "column": 19
        },
        "end": {
          "line": 22,
          "column": 20
        }
      }
    },
    {
      "type": {
        "label": "string",
        "beforeExpr": false,
        "startsExpr": true,
        "rightAssociative": false,
        "isLoop": false,
        "isAssign": false,
        "prefix": false,
        "postfix": false,
        "binop": null,
        "updateContext": null
      },
      "value": "input",
      "start": 387,
      "end": 394,
      "loc": {
        "start": {
          "line": 23,
          "column": 2
        },
        "end": {
          "line": 23,
          "column": 9
        }
      }
    },
    {
      "type": {
        "label": ":",
        "beforeExpr": true,
        "startsExpr": false,
        "rightAssociative": false,
        "isLoop": false,
        "isAssign": false,
        "prefix": false,
        "postfix": false,
        "binop": null,
        "updateContext": null
      },
      "start": 394,
      "end": 395,
      "loc": {
        "start": {
          "line": 23,
          "column": 9
        },
        "end": {
          "line": 23,
          "column": 10
        }
      }
    },
    {
      "type": {
        "label": "true",
        "keyword": "true",
        "beforeExpr": false,
        "startsExpr": true,
        "rightAssociative": false,
        "isLoop": false,
        "isAssign": false,
        "prefix": false,
        "postfix": false,
        "binop": null,
        "updateContext": null
      },
      "value": "true",
      "start": 396,
      "end": 400,
      "loc": {
        "start": {
          "line": 23,
          "column": 11
        },
        "end": {
          "line": 23,
          "column": 15
        }
      }
    },
    {
      "type": {
        "label": "}",
        "beforeExpr": false,
        "startsExpr": false,
        "rightAssociative": false,
        "isLoop": false,
        "isAssign": false,
        "prefix": false,
        "postfix": false,
        "binop": null
      },
      "start": 401,
      "end": 402,
      "loc": {
        "start": {
          "line": 24,
          "column": 0
        },
        "end": {
          "line": 24,
          "column": 1
        }
      }
    },
    {
      "type": {
        "label": ";",
        "beforeExpr": true,
        "startsExpr": false,
        "rightAssociative": false,
        "isLoop": false,
        "isAssign": false,
        "prefix": false,
        "postfix": false,
        "binop": null,
        "updateContext": null
      },
      "start": 402,
      "end": 403,
      "loc": {
        "start": {
          "line": 24,
          "column": 1
        },
        "end": {
          "line": 24,
          "column": 2
        }
      }
    },
    {
      "type": {
        "label": "eof",
        "beforeExpr": false,
        "startsExpr": false,
        "rightAssociative": false,
        "isLoop": false,
        "isAssign": false,
        "prefix": false,
        "postfix": false,
        "binop": null,
        "updateContext": null
      },
      "start": 404,
      "end": 404,
      "loc": {
        "start": {
          "line": 25,
          "column": 0
        },
        "end": {
          "line": 25,
          "column": 0
        }
      }
    }
  ]
}